transaction_amount,merchant_category,hour_of_day,distance_from_home,num_transactions_last_hour,is_international,card_age_days,avg_transaction_amount,is_fraud
31.54677449166297,online,15,11.503534211462052,0,0,2371,16.82062381131795,0
36.02814378786457,retail,17,11.95278754801909,0,0,3401,39.184759855583565,0
18.628214586219926,online,10,5.59107007967497,2,0,3413,30.517484285451804,0
69.01263181632373,grocery,11,10.728998938027015,1,0,1360,64.23498680413056,0
17.11014523222525,online,9,1.592470670488316,1,0,3015,16.770008569411285,0
31.623640638883323,online,11,19.213324664379805,0,1,1588,19.469227831772855,0
51.67551168593891,online,8,11.345844329469555,0,0,501,85.78268119828005,0
14.853715491105838,retail,14,13.468332883780235,4,0,443,22.459056932687375,0
36.46075604673752,grocery,16,2.057806563071507,0,0,3403,35.10204713780195,0
135.21909479891508,grocery,5,11.164935974615132,0,0,1972,32.226140968904524,0
12.159189781040425,travel,10,12.180143921836745,1,0,2540,38.45546306248358,0
19.268321989992874,grocery,17,4.340483641502497,5,0,1234,41.208967447413414,0
27.205129735332587,online,16,24.912388243294068,3,0,1227,36.079924233139984,0
9.192862341377433,retail,20,3.528288856593597,0,0,281,70.12041755282107,0
26.978930189316465,retail,9,21.953135178134602,0,0,1177,94.56189179877884,0
44.47550762037399,grocery,10,9.438211035402995,2,0,685,27.603722589452385,0
11.865158170538479,grocery,11,2.184434084944943,0,0,432,47.83166067614732,0
9.853701291547969,grocery,14,5.374303214241968,0,0,478,33.637642144045465,0
114.81571176346735,online,13,3.34018702621289,2,0,3314,34.50111248186526,0
11.000117993213467,retail,19,2.1141357325802037,1,0,2106,46.30971329228032,0
10.147043758109614,grocery,15,11.765046434457306,3,0,2039,39.29050905991082,0
20.122536062727107,grocery,11,4.786068240627321,0,0,1403,35.68326630967968,0
40.42736660962893,retail,13,8.796254868040142,1,0,2975,54.950762984845454,0
5.275403859584788,grocery,15,21.8217623624166,3,0,2042,47.23648320779588,0
32.71233162282799,gas,9,14.274777707630275,0,1,2237,61.27064719200365,0
291.6703481350505,travel,2,115.08404010103831,5,1,206,32.773957979436744,1
12.784924108267857,retail,19,13.587305995832876,3,1,1686,24.941734013454425,0
34.29670130164211,grocery,17,12.181068114555314,3,0,2721,62.50415890717083,0
68.01171027979149,gas,8,22.92697992097851,0,0,1183,18.26893508543506,0
28.138414643584483,retail,12,12.671721197409523,1,0,627,16.684037214491948,0
45.367151518615856,retail,14,11.478616268973232,0,0,590,23.959300870246693,0
32.51513099798931,retail,15,13.474109199376572,0,0,1560,38.96011270436399,0
38.452103873530724,online,9,26.297685117746862,1,0,2220,39.595176692441456,0
163.67837370334226,online,0,42.96439974462386,6,0,36,32.7714570677578,1
22.322591831911314,grocery,20,5.368126240480762,0,0,2300,29.133839262561356,0
11.378487520236245,retail,10,12.561502839374985,1,0,378,62.883227192031704,0
27.700160192301713,retail,12,2.2521308243048352,1,0,2248,38.30851635309322,0
17.20884427010401,grocery,11,7.726579400165345,4,0,454,16.808991799752516,0
63.45237947740448,grocery,11,11.70259518935975,0,0,2716,35.758660802777975,0
41.01401556169661,gas,6,16.255540283615346,2,0,2301,35.08174073252483,0
38.0364435405246,online,9,2.7319799079024714,0,0,1062,19.800219819173368,0
12.718208422895968,online,13,14.563898646908587,0,0,2049,13.649717548145265,0
143.332486617672,retail,16,13.105486365237867,1,0,504,64.99620078959043,0
43.73135560135586,grocery,12,16.38853338488472,2,0,3479,81.95049382533216,0
34.79048326131479,online,17,3.4449053560096745,1,1,2253,24.517587350692494,0
42.15838174570119,grocery,13,12.150806291207935,3,0,2106,19.88419727589318,0
49.96904955256302,online,13,14.305692843938058,1,0,953,45.9829047280297,0
8.331685144592086,grocery,9,9.670014968166376,3,0,3299,30.209782565026796,0
55.75176078667278,grocery,10,0.9514509605202299,1,0,1655,56.47645670693971,0
28.60789838814115,grocery,13,16.265245248105398,0,0,2967,120.74021876216129,0
31.271870658590466,travel,7,13.91342680510235,2,0,1491,58.212173370369875,0
29.07171403433974,online,10,1.2332866959683368,2,0,3226,27.151082402261782,0
76.94121137626846,retail,13,9.798490531764164,1,0,604,13.645428319858643,0
45.26602435017141,retail,20,10.69885940208211,0,0,2628,10.24000570554471,0
19.22055391291069,online,17,10.335167369234211,4,0,606,47.496950269696214,0
114.53368245419236,online,0,67.56504740492181,5,1,362,21.618640682504743,1
38.347446282215294,retail,17,16.774719563753322,1,0,3607,28.613281187744136,0
54.92266974501605,retail,11,18.861768767859587,3,1,327,106.12565871498862,0
35.74017333305019,retail,17,6.630958121591328,0,0,3312,26.632269253904578,0
69.38751459315972,retail,10,12.779179891478094,0,0,2175,55.44406685581146,0
24.757048348481877,grocery,18,28.447572687741918,0,1,2538,39.048927616281716,0
41.428742410051186,grocery,12,17.54350895917787,1,0,3304,14.953735426603028,0
13.488296489604673,online,20,0.3686908082689584,1,0,2216,44.54658772084899,0
122.23299801550719,retail,6,1.3782340336671872,1,0,2881,27.59379137289255,0
24.33545098968345,travel,12,17.264181300289533,0,0,395,22.380954402814353,0
47.105030046767034,retail,16,18.402556418210843,0,0,341,18.283970292960593,0
79.28493188104378,grocery,11,19.705433507132717,0,0,3154,57.56055326531931,0
256.35403249537524,online,7,4.9049882063485315,2,0,688,77.81589911005209,0
14.692579123918636,gas,17,2.6211893675046563,0,0,3548,36.04953215402675,0
51.146197727377256,gas,14,1.1618026108678663,2,0,552,36.86956298247525,0
36.638648882087345,grocery,17,9.39008786143522,3,0,1887,60.44180442533305,0
15.507466174387865,grocery,14,4.829857929752986,2,0,2274,20.780189630082624,0
45.107956690892046,gas,13,5.914528494434794,0,0,3217,24.62928697790154,0
60.23949527539438,retail,16,1.414477807463605,1,1,3624,111.20045102289141,0
25.174419676968178,online,6,17.625410034634832,3,0,3437,40.947970728966276,0
25.851350635597882,gas,21,0.9149127619373676,5,0,1138,26.102767590831423,0
9.832576470909586,retail,6,3.9151946845988874,3,0,1534,16.0964805614327,0
159.18543052580148,retail,11,16.81543256632674,2,0,1950,22.948053719883795,0
19.28704325776244,online,18,5.306722677782423,0,0,2691,40.91379187739518,0
163.04272492008624,grocery,11,2.3644909896722934,2,0,3141,29.63114949532475,0
21.349323944434946,travel,17,2.380558353090489,1,0,3524,28.444361271505283,0
58.356546062732335,retail,15,1.3981252297719156,2,0,1988,20.877960525595284,0
13.945470604193064,retail,11,11.657115494228549,1,0,1224,69.2990826809995,0
29.814487298246945,gas,11,11.585738621766561,1,0,3133,54.67022705816771,0
29.499846602812273,gas,18,24.6494170845271,1,0,1872,18.24738453627655,0
40.76835775907623,gas,8,5.87750353156728,0,0,1017,66.13280215858525,0
48.722956729453976,grocery,19,19.26777597178662,3,0,1833,28.568758545861986,0
112.6854902263781,gas,19,1.9919236441374863,1,0,1289,30.45556260790443,0
105.91199682491416,online,11,10.075162836606795,4,0,2129,63.94961995480779,0
135.2660186965774,online,1,58.72154170423047,5,0,161,43.89749957696488,1
53.31009006811335,grocery,17,9.309297134026185,3,0,661,33.72106997037861,0
35.191490743191615,retail,16,7.737925378965054,1,0,3554,44.18483003975867,0
74.74850211500741,online,14,13.998573087790476,3,0,955,45.40929013343911,0
89.0211996932926,grocery,18,2.6058527792394273,1,1,2247,27.72927584995859,0
122.97383676231367,grocery,14,14.696460276756284,2,0,2600,21.062685248458333,0
114.53971060959287,grocery,13,5.485681178247848,0,0,2572,44.95296447091428,0
47.96865785175983,grocery,14,13.296667718971682,1,0,1915,18.61269442772973,0
72.46375027583252,online,10,1.1677949322209162,0,0,2979,38.499612436469754,0
41.32024772292627,online,18,1.8866862549842534,1,0,2918,29.815390922943354,0
78.94770671252724,online,8,6.939329258220532,0,1,1513,31.413424099114334,0
176.20198470220663,online,14,13.470681920711014,1,0,2634,17.63712151600259,0
18.617921405953297,online,16,7.1832980203689525,3,0,2431,47.10634269747865,0
58.580316493265926,retail,12,17.68745742886609,0,0,1359,48.919663127232376,0
121.47916502200681,grocery,10,6.427892389247109,3,0,1873,41.35763494268235,0
11.069101923082398,online,19,0.7901867399428486,1,0,2869,39.56202936362185,0
114.20603721034598,gas,16,13.20135684160398,2,0,1360,32.52281887644639,0
35.575761349727976,retail,13,28.58087380210213,1,0,491,27.920801649017875,0
16.154465335453676,retail,13,6.891454236070377,1,0,1683,19.749942769504997,0
25.4794000044785,online,6,25.883043162082345,1,0,1995,27.811474070135382,0
102.49114907193582,gas,11,12.154449516498705,0,0,3422,18.92377528030796,0
149.27368569007024,travel,4,47.056066193229164,5,0,43,24.286294727236964,1
20.61635845884456,retail,14,3.707423267537199,1,0,3342,71.04571068846161,0
58.90741057835452,online,0,119.56600160570294,4,1,217,40.964437600107615,1
81.19263441346936,grocery,11,4.207857975695141,1,0,876,29.842527059421354,0
50.96443491989616,online,3,11.5596407392975,2,0,2025,33.46321592875466,0
56.72919542879186,retail,13,17.3421455823611,2,0,3087,61.494460686713815,0
49.272756529290426,grocery,8,1.551404376590055,2,0,3304,19.191101670645864,0
94.1023524477378,gas,7,18.973513139103353,1,0,1365,27.29609024301189,0
13.82045565183911,online,19,5.061714344968903,1,0,1980,35.35546562917557,0
24.207951318162014,retail,10,13.581570131160095,2,0,191,32.83112032090175,0
175.8571740769942,travel,0,12.403645607618321,4,0,281,18.87118546779929,1
14.124474453941346,grocery,12,32.14698884500754,1,0,3168,26.886340280970582,0
272.02817673543143,grocery,10,1.20056987521391,2,0,2794,47.69104183010457,0
34.29096667009272,grocery,21,0.27782213133973777,1,0,2563,55.132256512291136,0
36.604808154419565,retail,16,11.99115175306605,0,0,2095,48.19896641965303,0
16.97744466515757,grocery,17,13.556735960585033,3,0,3567,53.094646062249794,0
60.547795647850194,grocery,11,4.2212207630797645,1,0,593,19.002977703470272,0
85.68815649180642,grocery,14,20.74177489080948,0,0,2486,22.757903303135407,0
18.86783951847971,online,11,13.273127382207953,4,0,2590,24.552463835788387,0
44.78035326548497,online,17,0.9289126474694793,0,0,1201,12.870844404709823,0
11.463428655453676,retail,16,26.48338158755759,0,0,200,41.96123507644989,0
107.44039857949227,gas,10,7.721684723876839,3,0,2207,36.74550842424201,0
26.713671663460687,retail,9,16.188461649654506,1,0,1191,21.00355903346465,0
78.32021245555491,online,18,3.486773947219172,2,0,1643,24.24628213125842,0
31.418591105818948,grocery,15,10.65475467623631,2,0,1254,20.263692533089355,0
121.86238746023346,travel,13,16.47726024118593,0,0,2887,45.24505095037556,0
16.328532718369207,grocery,11,2.937375120364356,1,0,711,41.08703243553563,0
35.17539776539889,grocery,14,14.339391756256815,1,0,3177,102.48496117286996,0
24.78025698669618,online,13,8.379153816655409,0,0,2031,23.274109605171496,0
49.08802320142161,grocery,12,10.97182863463246,1,0,969,27.37143321046255,0
171.61178328590069,retail,10,14.191991644674625,0,0,1150,13.93449563295153,0
18.38575253505245,online,17,1.6098103912092672,0,0,3417,56.97498926888172,0
126.41800885439545,gas,6,13.205898029532904,3,0,2940,14.477006115101577,0
48.59658274127893,grocery,21,5.827079332584674,0,0,2454,43.55181577678052,0
95.30127847315696,travel,18,10.933294009356027,1,0,2126,41.72802260123453,0
31.49587932456785,grocery,18,22.59317428825927,1,0,185,22.28967176025437,0
117.26455654461442,grocery,13,14.503285282280682,0,0,850,59.8962468986831,0
37.63801514325974,travel,22,4.77006376154426,1,0,1945,24.44232329457792,0
17.89794890861207,grocery,16,12.033021496571482,2,0,1782,22.217247371796898,0
104.90116605921305,retail,14,3.7037097685336082,1,0,1235,32.706363089349644,0
29.87942124746212,online,14,1.1219989768938063,0,0,2827,18.640944333610857,0
148.3376358227476,retail,4,50.53556265969928,5,0,164,29.935444103452326,1
9.32666723225623,grocery,16,23.46651660742024,1,0,3247,40.28821352354767,0
17.31051276170735,online,11,9.385076743970703,2,0,883,54.45154423797426,0
32.61548037127513,grocery,8,25.792629501960192,1,0,566,42.92233512726774,0
21.120952953771596,online,13,1.2852588983031499,0,0,872,31.268617738888153,0
27.69438740041681,retail,8,17.03211323645606,0,0,245,48.73519919302144,0
4.376949137961412,retail,16,3.1059652727562685,0,0,2903,39.81683645683184,0
28.663257300296653,online,12,1.7788324920862237,2,0,1410,18.820509818392637,0
54.49827114850233,grocery,12,14.90260257335457,2,0,781,39.64841898600844,0
56.71614763686726,gas,12,12.519774972442658,3,0,2356,38.497236959927854,0
63.3482079653858,gas,11,1.8753489627956395,3,0,1403,25.810031172753593,0
22.647370468219048,grocery,12,15.458710256477273,2,0,1668,24.869519028850796,0
23.819353609595982,retail,20,19.672081591207977,3,0,325,37.93966225066238,0
19.62372814162081,gas,23,8.153710783178223,3,0,598,46.58870083899887,0
86.25061629468756,travel,9,16.641290978770435,4,0,354,35.45115358314252,0
73.90838741350063,retail,9,18.247354706935255,1,0,2668,19.699606813537212,0
47.74261158221899,retail,15,6.492581062277813,0,0,393,53.08080679264236,0
22.839159625990025,grocery,15,4.698468132095717,4,0,3567,66.4049792034068,0
31.41030931249027,grocery,20,13.825124604446467,2,0,2440,55.06770323118964,0
234.86916783466867,travel,2,55.96829875027199,3,0,308,28.815565596007573,1
76.40672984487148,travel,12,12.681284532280943,1,0,1840,41.653333356818344,0
17.20914439236542,grocery,6,21.47341629216261,1,0,1048,27.537086730889907,0
36.510790670901,online,10,15.105495990788587,2,0,230,28.444782525792345,0
22.813570236191943,gas,20,15.477718832399137,1,0,757,55.22646121640837,0
19.02351492870992,grocery,18,14.604495406642922,0,1,3475,53.671807763365486,0
9.474525879666457,travel,15,33.31287372614689,3,0,2034,67.18855203616104,0
56.66020209286878,gas,10,8.851347290302925,0,0,2898,12.459314286257248,0
34.395265945753074,retail,17,2.412299367745014,2,0,3561,26.928689629168613,0
72.25186240021658,online,11,9.854926051935346,1,0,2318,39.18750772350009,0
39.29840483406232,grocery,8,8.918842982332102,1,0,255,26.744509338722153,0
9.470273456944245,grocery,18,5.117627868972363,2,0,2411,37.17506228804917,0
28.036479855494985,retail,17,18.57180744203648,0,0,321,51.29572870410125,0
39.207831626791005,travel,0,72.08122232714892,6,1,56,79.53617916344895,1
52.9572865797849,retail,15,19.315293924282162,1,0,1123,36.315492534346944,0
26.79658712725398,grocery,19,19.12200442136964,3,0,479,23.244752488088903,0
39.30198377372412,retail,20,2.2422330874383007,3,0,1776,21.657050853777033,0
28.6010292523793,online,19,10.049051603481814,0,0,431,36.287699666915756,0
26.53724877225537,online,13,9.600718135670704,0,0,1001,56.219197729233954,0
22.648125173404576,grocery,12,4.463478410682468,3,0,1895,32.59707303126123,0
11.897620553199154,grocery,17,16.649688825598048,2,0,1821,10.513457037263079,0
22.498549268149258,gas,18,12.456313898014574,1,0,3559,81.22025013938806,0
28.279276683934967,grocery,21,18.494533167917854,0,0,1222,30.042488992331617,0
388.8153867448268,retail,13,12.298180112219416,1,0,449,28.849425632995437,0
36.45304745381812,gas,12,21.943620982030623,1,0,316,10.17765060543984,0
54.367641785835296,online,13,12.485026532944666,1,0,339,36.002378526980955,0
35.80690954517964,online,13,2.778765120097442,1,0,432,21.99048735649192,0
25.769103899851917,online,9,4.329774378228015,0,0,1576,26.16430875761121,0
49.10500729684551,grocery,7,7.607447318159562,1,0,3308,31.525329951674433,0
91.24324107874138,online,6,27.651751839077377,0,0,2662,40.21303064312533,0
54.98286024442888,online,18,17.511755749638336,0,0,3612,17.65675660696841,0
85.7238169029284,grocery,12,10.479278192636029,1,0,299,43.097849898393584,0
82.14225096386586,grocery,16,2.1591423969518786,2,0,2645,15.14395753106859,0
54.0535399112573,gas,18,10.846163068192986,0,0,699,42.1724825876322,0
31.781521027853888,grocery,12,17.326590252780832,5,0,3008,24.10094688599102,0
36.43989878219433,gas,7,17.961341321268847,3,0,839,102.17182638964566,0
125.10784590623048,online,11,2.1538812506996985,1,0,1958,13.598121062823214,0
39.827623310513275,online,11,22.792985926693873,1,0,426,30.25617066560141,0
14.783784692813837,travel,11,14.748315458345527,0,0,1476,26.750675254028042,0
108.55889348636144,grocery,11,3.859956759738619,2,0,2357,16.47207679974245,0
13.315563056778617,online,16,6.038279215962119,1,0,500,22.311790782855248,0
80.29156207585164,online,4,11.542894745201526,4,0,296,45.685397326959276,0
15.85462293367874,grocery,13,3.638205953824354,1,0,1991,54.18587862361247,0
26.834472187699056,gas,16,9.580209151495605,0,0,2045,66.25461994841686,0
33.87423516887435,gas,13,3.9892362431730373,2,0,3524,56.63246508241765,0
27.778504154051575,gas,12,4.495914700496433,2,0,383,144.35705974186286,0
32.75980217032126,online,16,10.6393221099203,0,0,1595,62.75279676394366,0
43.20046286169151,online,9,9.545691232909784,4,0,1603,27.4570101855348,0
7.826287495010724,grocery,11,9.056151243140977,1,0,600,73.11079887956541,0
23.065263328236504,travel,1,18.445553991065196,5,0,1246,40.517061013742065,0
50.590013921436025,retail,15,3.8682685518416973,1,0,1175,61.017737633158674,0
50.03643170300274,retail,15,16.633192280476337,1,0,3317,27.550782456758228,0
53.97217285416231,retail,10,6.98061279095736,1,0,1470,28.208834765897745,0
37.75538141061751,grocery,2,77.53798321310715,5,1,19,45.36877108122674,1
47.68945086974879,grocery,18,7.290431090418895,2,0,2470,55.17571183125778,0
14.466073395424988,online,19,9.698503034062096,1,0,2985,18.139780366113364,0
12.370425046049535,retail,16,19.105202647740946,0,0,1840,37.68720265108532,0
19.14987406552038,gas,12,15.120212947074634,1,0,3480,51.57308806922187,0
46.94886054131591,online,10,12.372581413554466,1,0,338,10.072509567300502,0
21.67570042419767,online,14,6.680669775037382,1,0,470,30.732555715780226,0
38.2757771978112,online,11,4.214652489364856,1,0,2180,24.925645492280008,0
39.907844357488855,grocery,11,8.300386378295553,1,0,3551,51.44483620967244,0
106.84100459562168,retail,13,2.481366601039552,1,0,2584,31.94484104485466,0
9.820814159575905,grocery,12,15.149350024179927,0,0,1276,38.0469401214748,0
148.6265301075285,grocery,11,19.43074755220515,2,0,1911,33.25615586351868,0
28.843889267889775,retail,18,4.573322965316053,2,0,2915,32.142101728453994,0
7.413973001603204,gas,13,10.024480933908583,1,0,3188,25.38928551237203,0
32.60495645424683,gas,16,15.004730420052478,0,0,3207,92.63338572331783,0
27.83756478008185,grocery,21,14.554314586160512,0,0,3626,83.3697742947618,0
48.28555487945159,retail,8,19.50170707310764,0,0,1009,27.651392026890658,0
17.658392637281317,grocery,15,10.028660814662267,0,0,825,17.96694395610255,0
67.47145614376787,grocery,10,21.693736130056948,1,0,1313,16.04910470928976,0
63.16169826401054,grocery,12,16.762186376336764,0,0,3203,14.504149243039397,0
28.011706189586373,grocery,17,18.867556813783143,2,0,1112,32.8476875756852,0
94.22770092980912,online,12,16.220768494338177,0,0,1570,22.542123191105855,0
30.836651565173042,retail,23,1.6657049105500032,2,0,1445,85.28323178809183,0
18.116594272748095,retail,14,22.903825364744435,1,0,637,27.16564112930044,0
19.74186864921716,travel,8,4.235511403387447,2,0,3085,12.062428780192906,0
21.656485735488705,online,5,4.808011836214739,0,0,726,59.65192791376769,0
16.1791429758523,retail,20,6.866635123967741,0,0,2003,37.4436482122017,0
44.94989215912858,online,13,6.5078810938756515,1,0,1599,22.781191582506093,0
42.83511649168872,retail,13,9.476718131236847,3,0,550,26.04189668476398,0
64.18352765739883,online,11,12.711807149346091,2,0,3473,53.53051834062472,0
59.508077626895705,retail,15,10.264186457544266,2,0,1802,21.815331595132466,0
45.12546929785187,online,10,18.554269651161466,1,1,2209,25.894398230866667,0
20.67461333354857,online,19,3.9366596616477114,0,1,791,27.1392683894314,0
55.48831559455556,gas,7,0.06611703493830667,0,0,2658,27.112887544584513,0
26.006944549324977,online,15,20.822072244918104,1,0,495,24.537419417855606,0
14.048480122136455,online,5,25.885411288118718,4,1,1924,21.69839520678451,0
20.224826280613694,gas,14,12.440683237654024,4,0,2753,16.279767822462798,0
68.77688406025774,online,18,10.527132868817919,1,0,2017,49.0080790513682,0
27.353768865280944,retail,15,6.006019084042757,1,0,3129,43.90980331661209,0
105.93516560297577,grocery,16,10.084365693928206,4,0,2182,30.447948810347082,0
110.01402223231851,grocery,10,11.509048652543841,0,0,1416,56.00378471894743,0
23.20958620774931,retail,14,7.433729105184007,4,0,891,36.54930317801034,0
9.2211570067135,retail,21,3.156138432595349,2,0,3315,32.76034994650786,0
15.782395279595194,gas,11,2.374739961959264,2,0,1233,31.352310612199606,0
12.35401792457349,travel,8,4.624661516280075,1,0,253,46.52290804225334,0
17.8857292637784,grocery,11,8.330342455072522,0,0,1927,41.5887821264482,0
81.09813212844291,retail,11,17.549724046048354,1,0,599,56.69671988180298,0
29.3408684874852,grocery,16,21.3122330844959,1,0,380,23.78305587025863,0
84.62106368986487,grocery,15,16.40945411190546,1,0,3217,39.43993284784328,0
22.123848297611207,online,10,7.512228268111421,3,0,3242,43.62271441989657,0
12.568416500828254,grocery,13,5.3821701943154325,1,0,3548,83.79036529941604,0
29.61640105206545,grocery,13,1.8755125455474069,2,0,1762,19.78929761889679,0
54.06673538743619,online,12,8.453272402563018,0,0,2199,40.82811581638504,0
34.104880358334256,online,0,72.30188472956321,5,0,214,43.36080977700839,1
13.271197292936717,retail,7,7.063402831854535,1,0,3501,57.3881252472065,0
55.71007121604408,grocery,8,23.903879880988164,0,0,1324,24.850818506724487,0
83.66966305308894,retail,10,0.7406736782765311,0,1,673,75.02658318333077,0
28.136312443201074,grocery,11,13.139648147764161,0,0,213,24.456321381309316,0
104.80419213337537,grocery,18,2.3016624682400195,3,0,2930,16.953027963529934,0
5.2512338509086245,online,16,12.086134539864506,3,0,2209,23.047830929039602,0
37.83224444200031,online,18,15.034885067431134,0,0,816,33.65977456699075,0
20.969244323176962,grocery,16,21.32163621361459,0,0,653,29.47312020532887,0
30.391357790737317,retail,17,12.147306189556497,1,0,2232,48.837464979505135,0
20.4633342223667,gas,12,4.761841795008406,2,0,2947,17.800656040301693,0
45.4970742253838,grocery,3,50.698891207514734,8,1,80,25.174011940370917,1
72.04253876716413,online,7,12.813298839792472,1,0,1555,23.39098686240577,0
31.810916353677758,online,17,5.0013230525241426,1,0,1879,24.231530150186824,0
13.403390965229272,travel,22,5.534157900817726,3,0,2617,13.32903643449528,0
43.54828260883172,grocery,9,16.438847505440638,2,0,1917,23.186947035968196,0
36.937535818306415,grocery,23,8.501357521429593,3,0,3555,89.29780377610416,0
38.13579125628243,grocery,11,11.404828398434958,3,0,691,33.372802013386085,0
158.64642174469773,retail,7,0.1773714715440633,2,0,2462,13.215394401598946,0
26.474761030205958,gas,14,4.7254069217826595,0,0,2633,44.079405633302365,0
47.81522308528756,retail,15,8.134332014348848,3,1,2592,69.47531013483407,0
38.571299861445986,travel,15,13.109177968266486,0,0,2216,30.04614278680815,0
12.224303970881843,grocery,18,18.851657218357154,1,0,988,33.0429763663702,0
33.2546617331295,grocery,15,5.919570158568998,0,0,2425,61.62289228353827,0
58.79364698748121,grocery,11,8.353281120629248,2,1,370,47.45066402614286,0
5.913795897701438,grocery,17,20.249909228183842,1,0,2585,75.32176220097361,0
115.78267292797362,online,17,20.758832249445554,1,0,2712,34.01243125301653,0
49.942886635606605,grocery,11,10.965078087147633,0,0,662,16.72652933535417,0
115.66877133183705,gas,11,11.879425000704925,2,0,555,49.16762438394101,0
48.287594533323045,grocery,15,11.667935764604646,1,0,1312,36.01235322805416,0
119.80632262796782,grocery,10,11.257166269620276,0,0,2505,41.510239044013716,0
26.65831525894875,gas,12,20.581625759911837,0,0,2205,25.05241724899894,0
34.938611829021944,retail,13,6.770372528016745,1,0,787,26.497763465086184,0
14.808274239725442,gas,12,16.691873103719526,2,0,827,27.563138044853883,0
35.1858371010944,retail,13,1.008972758995247,0,0,2932,11.997660759620278,0
165.78798910714116,grocery,16,14.076108511437488,1,0,2963,19.681306579752455,0
145.35294321488314,gas,14,25.486888205444835,1,0,982,84.82427415543333,0
33.49574628726087,retail,8,22.07135115413523,2,0,3163,45.2895742462669,0
29.427156278701005,gas,5,10.252975791281981,0,0,1074,88.7338348967437,0
82.44399635894015,gas,21,5.629887926580281,2,0,1006,17.283543362410057,0
104.92595348998422,grocery,16,16.05741456881618,1,0,375,41.195660580043985,0
111.94474253913425,travel,2,121.14562440292323,3,1,220,55.45463046483589,1
27.968973568053872,online,5,1.3554655723600781,0,0,322,74.98109005560903,0
148.21119072469568,grocery,18,2.1084760072060273,1,0,3146,20.838048079200213,0
30.610047311063123,online,15,21.018680236226736,2,0,3578,30.744983997980246,0
91.58285448010996,grocery,13,15.54252168240738,1,0,1898,43.24549518842345,0
56.621257776833986,grocery,12,14.948450855823396,1,0,3532,35.06980765827668,0
22.346976929686743,retail,10,15.611119150475995,1,0,2695,22.88683265192044,0
82.42615889915001,travel,10,20.14971115661256,0,0,1416,42.821051555423814,0
46.4733603382807,gas,21,7.2906475689299395,2,0,1197,29.819040701676776,0
65.49322275096645,grocery,12,12.377280190465772,0,0,949,99.09389699453645,0
33.71600715164991,grocery,11,7.789317639646262,1,0,2603,22.2217094805225,0
106.12926769954949,grocery,8,14.892812492397466,0,0,938,100.0829257422947,0
133.10252967432322,gas,12,2.849468555347099,1,0,1383,44.55736987019795,0
83.04799228796347,retail,5,11.63838301825534,0,0,2893,48.98203006360192,0
31.459132505464204,online,18,17.383820521123447,3,0,2452,37.15165684200977,0
41.43512400497569,grocery,18,5.194016554891457,2,0,2718,18.345821965030236,0
226.49717403772536,retail,13,1.8578513894184692,0,0,2325,28.260366120960487,0
176.03797940364933,grocery,3,7.587789633845224,1,0,448,31.141734098370332,0
16.94868170287594,online,12,6.358235352938356,2,0,2928,33.566851554665504,0
26.17556761396237,grocery,9,25.75005847547167,1,0,2345,35.726431186007176,0
52.63773193148577,grocery,11,4.147323405104581,2,0,737,43.129277864730554,0
64.79007320715803,retail,6,6.514313340922103,0,0,2990,32.029222437821886,0
110.06454006123934,grocery,12,7.345081105424167,1,0,1507,33.519283036450965,0
13.400462908079666,retail,11,10.741944526236418,1,0,934,28.62436114707213,0
22.074993669179488,retail,11,17.555081782683118,1,0,3537,75.74930106588562,0
14.412202712168263,travel,12,9.513203839976578,2,0,239,10.917094216575135,0
32.000172549297645,retail,17,2.9837996960285125,1,0,2504,31.559683938532867,0
23.42850514866069,online,17,18.51336561872835,2,0,876,23.931020997382067,0
55.624533118454835,retail,13,13.073673773195697,2,0,1798,26.611187133646126,0
75.11104637879411,grocery,18,11.810338137947491,2,0,1074,39.0887831716488,0
75.94671343849787,grocery,19,15.108346538140793,1,0,3407,54.96308221825913,0
17.41717589005186,travel,14,23.32113906035025,0,0,1523,24.95555067460298,0
13.467593612340805,gas,8,16.163708765497812,1,0,2107,15.847694581784014,0
19.350171948226386,grocery,12,22.707577409920894,1,0,1687,25.052920617563554,0
10.970000473792568,online,7,8.442690439802565,1,0,287,17.385108255792293,0
40.692358076799366,gas,12,1.3567413657719865,0,0,1054,31.909985744746937,0
38.36246991832984,grocery,12,9.918355196872538,1,0,1104,77.51769285974031,0
37.185178946633414,grocery,14,7.097154981011143,5,0,246,81.65322051295276,0
42.91979244917857,gas,11,5.850896020123392,2,0,3425,28.389744529549745,0
20.616984687552094,retail,16,21.23453025595962,1,0,688,45.86001293351255,0
31.830629953256054,retail,14,19.468392820652838,1,0,3262,61.619931558027936,0
42.18604108646156,retail,1,103.70711629047345,5,1,315,17.246463781194365,1
7.833548889688616,grocery,17,13.256723067190654,1,0,3477,27.075643516935916,0
129.4486675530038,gas,12,22.631560741743804,1,0,1329,41.57087192211688,0
21.57119434578323,grocery,11,8.762477350923563,2,0,2429,82.25599591513614,0
12.335988720893049,grocery,19,8.590926418313773,1,0,743,28.45552274541329,0
58.98821340987961,gas,16,7.730346173082146,2,0,3409,36.52953784954835,0
17.767238356997222,retail,15,22.557028695515946,2,0,3580,32.08905399238703,0
8.769074347316984,grocery,19,8.953595250184355,1,0,2875,21.571457072944018,0
67.86167571049349,online,15,18.37370171020611,2,0,1810,26.893103229774674,0
10.095417673873165,retail,12,13.134629661728813,1,0,1516,62.77100153478063,0
13.835349235625939,retail,18,5.494322127659038,0,0,2602,36.41867152964212,0
69.47537142578584,retail,13,16.811279494101235,2,0,406,43.12753810638772,0
26.694953296930247,grocery,10,8.525687985338305,1,0,1955,28.424525398277165,0
86.57154117644407,retail,18,18.385631741402207,1,0,2397,22.895215659813477,0
38.538791030446134,travel,11,13.87787718375139,2,0,790,79.01515909885556,0
20.299265990199537,online,11,14.758834987177957,2,1,1082,49.87744552222467,0
44.217316324420324,retail,13,9.091499481676388,0,0,1138,51.86006770782128,0
42.748735172433946,grocery,14,0.2194928307627393,0,0,676,27.394851470645136,0
194.10871743989784,retail,13,10.356556887114174,3,0,2160,13.02776957609295,0
18.66298487022489,grocery,13,16.22238104702172,2,0,1105,46.2388307620545,0
16.922193435126704,retail,16,23.223304409843372,0,0,2912,86.89182838555553,0
99.47448064293339,online,15,5.448984198421048,1,1,3185,31.6654424352241,0
81.5529109442321,travel,8,11.086847212530325,1,0,1578,18.471406695156237,0
9.151073348965987,grocery,14,3.9750613550353604,1,0,2798,29.23157030516893,0
37.23953438142626,retail,12,14.736911202279348,4,0,1334,14.275250927516563,0
78.61987896067086,travel,15,17.25429818345919,0,0,2070,77.4522289152709,0
28.169670304886235,online,12,1.5511074465033072,1,0,2402,47.7514117745349,0
126.3128381484873,grocery,11,17.102431484630788,3,0,652,45.98802282360919,0
28.931837184498537,online,14,3.7951491084991753,1,0,2347,18.077434893837925,0
60.15970961922117,grocery,9,15.352681682140192,1,0,836,23.576584353691317,0
66.3991819306216,retail,20,10.486282980010422,1,0,1453,24.368876087759187,0
15.016162398843967,online,12,7.535829250239054,1,0,562,31.66716231364317,0
101.62391327777222,online,17,16.71955631793622,0,0,2005,46.3734248178107,0
40.07269526054145,gas,6,2.1887824853453335,1,0,780,26.142560820798817,0
207.00729994381024,retail,15,21.025141443980903,0,0,3451,35.81118353912315,0
107.98842709385946,grocery,14,13.326421805763562,3,0,1942,19.90840132456118,0
31.16789537890866,online,22,7.496568262479887,3,1,2276,29.203297289231653,0
84.08191343008313,gas,16,6.762433145093391,2,0,3162,19.98239103950868,0
43.014699194490646,online,12,6.541590513523671,2,0,2904,25.08353404093687,0
43.38362777214375,travel,11,14.283669979277068,2,0,1045,43.652546359812725,0
14.068414622810966,retail,7,8.97281387265913,1,0,1806,46.70241742501012,0
409.02336380579584,travel,4,20.618802941776906,5,0,243,30.549357020782818,1
32.24936721151675,retail,17,7.853049606900954,2,0,1008,16.031156467369357,0
81.46682113991507,travel,0,124.27098501041066,5,0,135,23.602289873787242,1
21.687972801673148,grocery,11,1.8415893304432505,1,0,2691,36.320662134527964,0
51.51329605347154,grocery,19,8.373453716659945,0,0,556,16.757065379886757,0
57.877147527879124,retail,9,23.034548139532895,1,0,2201,18.91783375958668,0
17.090037933700167,retail,21,0.3245173683275304,0,0,2651,28.257461371679415,0
62.353858680845235,retail,13,2.024374874859845,0,0,2478,26.684726090082343,0
51.55251392410236,travel,15,4.679632655975103,2,0,1162,26.97637763623049,0
16.188711174061325,travel,3,14.324716334497927,1,0,2898,36.265836465341614,0
10.599790937433426,gas,13,11.329124904626646,3,0,902,32.70185409806013,0
23.54501034426369,online,18,7.463177339408274,0,0,2550,32.751453849474196,0
63.48525719595283,grocery,14,21.418629212758155,0,0,1644,22.352421996200214,0
4.76171449673918,retail,11,24.7843215341668,1,0,2564,11.413748238010637,0
19.662626892961764,grocery,13,18.969505140559235,1,0,1084,21.187515347447675,0
16.59012077653207,retail,15,12.658978665791878,1,0,2176,26.434170872514603,0
20.272755056630544,grocery,19,6.298106816029299,0,0,988,33.47575617845733,0
42.07417215089254,grocery,10,18.59623832183945,1,0,2328,14.837257423753384,0
32.420433890562435,retail,17,6.086750598526271,0,0,879,54.82075152321977,0
18.39955976588438,grocery,14,18.236834891357546,0,0,3437,47.076028544439374,0
58.51551322820975,gas,14,13.430090071046111,1,0,2454,39.02983314755103,0
22.45939835915568,retail,12,8.866330226385406,4,0,1395,27.002881354816008,0
59.898979984445184,retail,15,8.219400582201176,4,0,880,61.131728339586324,0
32.87474726410954,retail,8,3.4046435969927558,0,0,3262,65.37716755322393,0
25.055122370472862,retail,12,1.7151675516368456,4,0,2308,28.04219798446117,0
57.9886848967488,grocery,12,5.298096245440813,0,0,1973,40.68171381261394,0
39.461292791414266,gas,11,6.013921339810093,1,0,2557,52.81471319643575,0
22.578567207799264,grocery,18,7.516825569952248,3,0,2589,60.3165345405679,0
31.676080600778604,online,11,12.450780271456182,2,0,1423,18.523495480023428,0
4.5845153644748065,retail,22,13.33676259538597,0,0,3469,11.24787382168385,0
10.614245694825742,online,14,2.753622293030819,2,1,2703,24.760233062625385,0
58.98304348862142,gas,9,11.739246821816028,0,0,1555,22.566692661294436,0
148.552238585758,retail,18,9.000627237411477,2,0,3374,48.05732917858107,0
19.439185789847905,online,3,122.49187527645185,13,0,143,27.431872371013828,1
20.468884111761064,retail,11,2.185379713390782,3,0,1013,14.400162260948536,0
21.200114275002235,online,12,15.049794855774264,2,0,2236,27.302042315514836,0
12.242449892684142,gas,17,17.963321523595795,1,0,2119,20.54960828956441,0
25.70982566021622,grocery,21,19.617992026889368,2,0,1385,97.0191624866361,0
35.815706375835255,retail,11,8.05933570968165,3,0,3156,49.03711346044799,0
40.45378312144661,retail,6,5.841326834198191,0,0,1501,23.227231852910897,0
21.23902685374483,online,23,4.145255294025855,2,0,2558,24.824395747040903,0
114.4281967901547,grocery,15,19.089530997140336,0,0,2625,33.15623862466483,0
10.750432959473809,online,8,10.824625772246785,0,0,3132,9.68194329149887,0
12.108863594046706,grocery,23,20.507785290601895,1,0,2984,22.602842407948252,0
87.06831012997031,online,15,9.16792617820244,1,0,2966,24.99274106533095,0
67.32353727121061,retail,10,20.33175111252291,0,0,576,96.23553149806858,0
39.61762065977686,online,9,4.8706805648251965,1,0,2947,47.475971582474145,0
2.9576359253071405,grocery,21,6.106950494485847,2,0,2803,73.0308424678914,0
142.42334587669575,travel,0,105.85795908951258,5,0,133,39.356249402866105,1
26.223212719188098,travel,12,15.157518426273867,2,0,636,32.48511847282077,0
71.84763731635276,retail,13,5.335017349405615,2,0,1660,43.01753167470968,0
47.77040923068218,travel,2,57.77179500863929,3,0,359,61.965371227806926,1
9.382875517547037,grocery,17,6.440428872837977,0,0,1939,34.611431230268316,0
30.750538395881783,retail,5,173.49647212308122,4,1,92,53.357881870112706,1
78.1012350052365,retail,12,11.114557045836479,0,0,2506,17.139579206986603,0
9.771548494667055,retail,12,16.902036735621493,0,0,199,32.599242439419214,0
48.71455870826829,gas,17,17.08205056692768,1,0,2716,50.57765047856857,0
27.239678855536326,grocery,8,7.313712488162002,2,0,1416,23.905071723803434,0
16.81993896033873,retail,11,7.815946015819324,0,0,289,28.50670442792834,0
172.18996928259733,online,16,0.5891965667374315,1,0,2470,18.211719450233517,0
16.254803357037495,grocery,15,4.054949595212015,0,0,2237,59.39930470543668,0
76.09052500214737,grocery,11,1.2145089297748015,2,0,1576,20.34953185470707,0
159.45792691527808,retail,13,15.002546672172024,1,0,229,12.688066641942799,0
26.026546686400216,gas,14,3.2738248808109995,3,0,1521,19.22020681024753,0
43.07750295910687,retail,14,10.663294825376319,1,0,1397,30.03903244681685,0
31.299464148794094,grocery,15,2.5350472905108665,3,0,275,40.34995622312731,0
30.46080042935028,retail,9,17.901828127396797,1,0,528,43.609563557796044,0
53.774961600507865,gas,12,8.235472477861489,2,0,2372,40.23301390213403,0
92.0895515552594,gas,14,4.0680140006982,1,0,1534,60.13232664649233,0
117.77940820408196,grocery,15,17.368206717847947,0,1,1767,47.77151977281867,0
49.39000561514023,retail,15,9.493574217749305,1,0,2730,98.5345772699465,0
54.203662803111165,grocery,16,0.6579406728006312,1,0,2057,38.00933275422218,0
105.84481665196247,online,12,17.565067420541038,0,0,2702,19.873078293056253,0
4.706508195782543,grocery,10,3.2189823000249262,0,0,403,26.740516801872154,0
18.80014208471546,online,14,10.6371966609114,1,0,2924,32.30815472548341,0
13.850115474755857,travel,23,16.609164928324127,0,0,564,34.81350024654156,0
65.28385131427801,grocery,12,18.77987977082531,0,0,1640,18.17890254208106,0
11.77748718989635,grocery,11,7.31885488977446,1,0,1239,21.565639057636368,0
103.65606396103793,retail,7,75.20643852455825,6,1,136,39.782114800403996,1
19.321288142513627,online,13,21.182754456251985,1,0,2251,41.08342594195925,0
22.9402403666624,online,14,16.61137859353413,4,0,2600,46.519663595138695,0
18.67885263325025,grocery,15,3.1248063134623942,0,0,1797,85.76890607150509,0
41.99656119351972,retail,10,16.76894775436747,0,0,3322,47.17707900392551,0
14.254235130267848,retail,13,12.271288469891047,0,0,2244,46.50259130463012,0
7.9965629145708785,travel,12,25.259925380426147,0,0,295,65.5515490977958,0
10.001915212717481,travel,12,11.600270298498623,4,0,2485,17.0013764246001,0
99.99930769882617,travel,12,10.799905310124414,1,1,975,39.180677187762605,0
34.21743605485059,retail,7,1.1643853771600305,2,0,2994,26.266875166526336,0
43.487405747135774,retail,12,10.979927402995637,0,0,2141,55.94253187165292,0
15.870477346223323,gas,12,9.338418039852812,1,0,882,33.646827743697955,0
905.9159317639294,online,4,125.69618502330438,7,0,74,22.06341524937983,1
15.880285636028052,grocery,14,15.255432530736705,2,0,1594,37.414750326222,0
151.55559913312146,gas,9,1.6824194816737812,1,0,2692,18.75564576732719,0
160.09630182815178,gas,0,85.5522951495496,5,0,204,25.587602740483245,1
188.11340426196588,retail,0,91.8025145492942,4,1,322,20.602105094369605,1
51.869739094021,online,16,1.1450376677275464,2,0,2883,20.90219494332052,0
20.282715042805066,gas,13,3.064923320932267,1,0,1323,23.416573040582588,0
40.76313020379106,grocery,12,9.394631418743492,0,0,2519,38.25247391469449,0
27.17722861518848,online,10,8.649722100672406,4,0,3375,30.248046942362173,0
12.850634529726984,gas,17,11.996875665677695,2,0,3027,14.54493733657412,0
51.75451173420009,grocery,10,3.1984180334827537,2,0,1753,66.32171286524797,0
15.770127606193078,grocery,17,5.0638675733738125,1,0,797,32.63990043906856,0
55.895983445457226,retail,14,14.215851130910025,2,0,1012,29.903117333440203,0
40.232356480775444,grocery,18,14.24693729653719,3,0,3040,81.1643026613096,0
19.916603426031998,gas,9,0.9992293838157682,1,0,1261,50.6494438748773,0
7.434920193246004,travel,14,9.823759419864476,0,0,2359,22.553931222172704,0
21.452924152589492,grocery,19,6.921663811167434,0,1,2064,30.549752471011562,0
113.3347166644094,travel,14,3.116492255465335,1,0,539,57.38845266592411,0
12.420986101356807,gas,10,15.004676749400002,1,0,315,65.30550562883796,0
17.6756939644392,retail,16,12.573221276732689,1,0,3298,46.96687036885841,0
10.397744209283866,retail,12,13.706412081873847,0,0,1638,48.6160869669432,0
50.79019219403035,online,22,10.697639936298136,1,0,1643,28.62975928262135,0
43.50698847780808,gas,10,8.722012016067307,1,0,2316,42.73986932571255,0
23.891905070408406,gas,13,3.2945881413477487,1,0,3224,37.045213034432166,0
31.69265021254478,grocery,18,1.0613839285501232,1,0,3591,57.34922233362177,0
105.38099507661869,online,10,4.751222111954869,2,0,518,60.91418471891239,0
9.69434088591733,online,10,24.484179827367946,1,0,3245,27.61446612420118,0
52.23818935210617,retail,19,9.067429228373369,2,0,1218,14.145123917532953,0
34.41415482887027,grocery,13,5.472502952860756,1,0,1626,10.431363152772521,0
187.16711407236284,gas,12,13.86026967856948,3,0,2075,54.25832979500726,0
9.482493916615564,grocery,8,8.187780220937295,0,0,3094,43.586477444212335,0
83.97599647220788,grocery,13,5.946921329696646,1,0,1786,35.03048432275777,0
21.175874156867835,retail,13,10.356417324569211,2,0,341,34.37700182814548,0
130.12437164486136,travel,10,1.076144155399973,2,0,2666,14.68472095970788,0
236.0963801041248,grocery,22,4.318907145300943,2,0,413,29.160206381751326,0
12.16749997471803,gas,14,1.014439592996979,2,0,920,33.24929091233975,0
36.25641490097781,grocery,19,14.569793681889916,2,0,317,42.866523407211794,0
214.44475576423568,online,5,123.55351061593845,1,0,106,41.64728933905273,1
46.3986000987522,gas,16,7.902131444937154,2,0,1247,46.369203559276635,0
55.1711891397275,retail,16,5.4451886113509,1,0,1596,23.61699035529564,0
34.68884577415131,retail,17,0.292293118776616,1,0,2436,89.15412371376965,0
15.19798784143513,grocery,13,14.830251756423669,0,0,770,35.02915686125542,0
73.58256344022487,grocery,11,13.226396833334592,0,0,1742,53.01691247001357,0
32.95500910426168,retail,15,19.4160050943227,1,0,3486,33.025225848345656,0
777.2781320125142,online,5,37.12505916106746,4,1,330,67.08998080084689,1
27.212855959163473,grocery,19,2.292829270411448,0,0,2698,21.954012081528113,0
24.833289791879462,gas,12,19.063411098408277,1,0,1149,26.51853452577008,0
45.41022154451097,retail,19,20.84644271545201,4,0,3406,17.250379194817388,0
32.2368416212137,gas,2,8.539320972700466,0,0,1870,28.53197558092613,0
86.51615213198652,gas,14,2.523248840812231,0,0,924,50.57510433836091,0
71.60058851642253,travel,18,1.2105650125249205,2,0,1129,33.12596534730854,0
12.566850779603657,online,18,9.376618114571873,3,0,2321,21.59094781292707,0
70.82741006435046,gas,15,6.819610427633776,0,0,3108,25.372333460581267,0
33.450740392206505,grocery,13,7.879480024891365,1,0,638,36.36379765669972,0
13.892371782818058,grocery,12,11.92341137627945,3,0,2904,25.866628599779837,0
43.27458157290386,online,22,16.138458900819895,2,0,2514,45.33997937557434,0
28.79011775190476,grocery,10,7.6024520325368865,2,0,2070,10.568684597523385,0
107.80078856901967,online,11,27.523336009507386,2,0,651,45.232651800791146,0
30.977143440469945,grocery,18,3.426553389559821,0,0,1779,5.925175912224668,0
20.29167315308474,gas,11,11.578507298322133,3,0,295,28.068001946976423,0
60.84512644374888,gas,7,13.142146904408996,0,0,1367,51.44635751249321,0
16.561158784665537,online,8,5.192902593169499,1,0,2688,27.786992447245726,0
29.232510337149645,retail,9,5.465493457581285,0,0,2748,48.71245059124533,0
16.43651521538566,online,11,3.6347589293935396,0,0,980,38.56095571255574,0
34.962791934382345,travel,16,6.992131365185072,0,0,1047,58.248069176640435,0
52.28515086879335,online,17,5.9646185336226445,2,0,2430,34.3179505701305,0
78.1306509978229,online,17,1.434653028667224,0,0,3194,50.45329132155437,0
15.835713551743076,travel,9,9.926727691722759,1,0,2128,44.49756396164985,0
13.982466860716553,online,16,9.091262706384283,0,0,3549,21.35180612976618,0
24.023286301052092,travel,12,25.292848536506572,1,0,2134,55.22426374454186,0
23.75444495286704,grocery,23,1.8720365506557677,2,0,2735,17.88530393863791,0
146.6933460174343,travel,2,3.287163109133804,5,0,49,17.8640249994167,1
167.14889054849957,retail,7,30.025374327245686,0,0,2802,21.745885352504516,0
55.05509571880676,retail,10,1.4346687504785738,0,0,2088,25.871016914616245,0
54.94570161397142,online,14,0.7703494109570883,1,0,3161,47.52256182125508,0
29.55037434563798,retail,20,20.27283756143118,0,1,734,46.15753602345898,0
6.797535715347581,grocery,17,14.246412669381836,0,0,361,38.47430444201519,0
31.116251606400642,retail,9,26.067784087853596,0,0,2977,16.46108075187871,0
70.00332315168117,grocery,21,3.6798632254783366,1,0,483,47.95770729198919,0
37.92037851333933,online,22,18.42037848587799,4,0,1980,19.327781392849495,0
64.31455293336751,travel,13,8.276893689119387,0,1,2180,25.54704000030249,0
83.71882333317956,retail,22,19.171897269864306,3,0,899,33.21379325227398,0
61.18779755746944,grocery,14,10.070861629351164,1,0,2555,29.703585828342952,0
408.54703698584314,online,7,38.75670724756607,3,0,136,5.768876737868417,1
34.43550162738612,retail,10,8.016366341376884,2,0,1043,24.89869375834583,0
67.63177186513774,grocery,16,8.395430554753851,1,0,597,32.49985141363797,0
18.196163419865044,retail,3,2.8765139764587104,5,0,684,51.035355416012145,0
89.73565251193811,online,10,11.749746129131902,0,0,1574,32.39230687919667,0
28.517065132857265,online,13,14.952665355104081,1,0,957,20.229964357203674,0
28.30165039326572,gas,12,8.083553128503208,3,0,1666,35.762079139867794,0
13.27156480295748,gas,15,4.126705071031886,1,0,3054,49.70828889958337,0
12.301824699623143,online,16,6.162248825870911,0,1,2739,15.399342267326082,0
39.37640864691313,retail,14,3.7266891331213374,0,0,1551,24.016745652640374,0
88.65031719058403,retail,12,3.01772037177886,1,1,3315,109.4988295130634,0
42.88290803828632,gas,2,45.87949746656698,7,0,232,27.611983901546502,1
41.967529899220054,online,10,9.329735200887482,0,0,1970,41.008358039661964,0
24.689492017765495,gas,11,8.784391012224116,1,0,830,63.4575388162186,0
27.4482810271806,travel,14,10.001791583966304,0,0,489,46.015835645009474,0
36.53008811005147,online,9,4.979679978047418,3,0,1007,55.86016118233272,0
13.620000311979323,retail,14,15.549648900289483,0,0,1698,43.11512892660903,0
29.74178641029131,grocery,8,28.445094698937513,1,0,2561,16.27622215859183,0
19.691514728647395,grocery,10,10.570298084395693,3,0,356,17.882600550615496,0
72.6036702989587,gas,2,60.31168836127821,2,0,165,34.101293007694935,1
28.151918079606276,gas,10,10.246457079983601,1,0,436,36.96581195001022,0
19.579528905395122,retail,10,10.620683115891127,0,0,506,28.361794981411936,0
28.836534783542756,retail,13,18.625003166358177,0,0,747,24.523894607090956,0
29.10678855555814,retail,18,4.966234617221101,1,0,2007,71.30459149886183,0
29.422972446064005,grocery,11,9.334931794228048,1,1,348,41.87669280124522,0
44.78352805359288,travel,7,0.8963469668380597,1,0,3560,29.485310308411776,0
29.667174185611003,travel,23,19.62862443626768,0,0,3473,35.4431117345638,0
48.87183773122736,gas,11,15.387782369265846,2,0,873,46.982881286952505,0
26.905397550348944,grocery,11,7.872639406435583,1,0,1740,27.301154430564985,0
21.798073265765627,travel,15,19.146892241646626,2,0,2348,39.64412570095925,0
34.862927497848375,grocery,13,3.9743697472722337,1,0,849,31.83974417552451,0
19.25564036095952,gas,16,8.074205568087596,1,0,3285,41.14103772513845,0
95.0036443560573,grocery,9,2.4922631540713205,3,0,2099,23.394897935350006,0
41.8815897837066,travel,11,11.660338359109936,0,0,1564,37.68850271911216,0
18.509613751319467,grocery,11,14.186590261828709,1,0,1330,36.829194386330855,0
27.694316568322996,online,10,1.7819848999589691,0,0,1798,32.598307151143636,0
89.79357029153758,gas,11,16.358068179775472,1,0,2101,20.611125632364956,0
7.4392351334134235,grocery,16,24.159304541244744,2,0,678,37.271663191268445,0
32.29294107258238,grocery,18,22.066485989980404,2,0,330,16.557479936193275,0
30.269407840251137,online,14,26.41658649137548,1,0,3627,13.31236960353701,0
111.65649382287283,grocery,16,16.68266748291868,3,0,2744,28.259914721850986,0
34.52061592619954,gas,11,13.162458021194649,1,0,2558,38.32367489159296,0
53.90970388731652,grocery,16,14.26313376181632,0,0,3173,27.01840434771166,0
607.3151113903774,online,0,112.11862735230045,4,0,355,15.939608848424827,1
38.87904271591011,grocery,15,17.63008204649083,3,0,3177,20.147993279591862,0
19.485668876359817,travel,11,13.334984500720322,0,0,1214,37.51558980389951,0
71.037038554069,grocery,12,17.41005992867514,2,0,2414,33.552312001204506,0
40.18805520439501,grocery,15,20.816314927794608,1,0,2690,18.747683206269777,0
154.6346752697211,online,3,77.78045582531072,4,0,254,24.227271804030448,1
27.135115967134567,grocery,18,17.020380427611364,1,0,1631,28.925116060074373,0
41.53889832350185,grocery,18,26.035386429401367,0,1,2724,24.166154097894385,0
19.030885577712993,travel,16,11.901853823247889,3,0,1749,63.61532825507384,0
45.52864279873651,grocery,14,32.41098391707983,2,0,1082,18.626025597030335,0
13.734028888457786,grocery,14,17.159440492524485,0,0,1837,38.17673615103677,0
35.11591244492144,travel,13,13.448077537040614,1,0,3280,32.144858535506025,0
38.61494173660433,retail,12,12.291093951643122,2,0,3629,20.071927783749608,0
33.76333888090641,grocery,14,2.260785876782098,5,0,2488,63.01215033611195,0
17.03448650058118,online,13,13.631241835530778,1,0,3143,73.63671748747407,0
15.134683453278958,gas,13,15.169037408193372,0,0,413,71.03365603947896,0
49.39707930138625,grocery,13,3.195476883972529,3,0,2716,14.946136673312923,0
129.0198024133766,gas,8,8.508508673427567,1,1,2575,37.80567291996881,0
20.017147576621138,grocery,10,10.117552764354935,1,0,1709,31.211136547967815,0
19.65494359517864,retail,7,0.13821350698184176,1,0,1054,30.31915046215788,0
35.85438390914521,grocery,16,3.9967189779627503,1,0,3276,24.121397313713008,0
15.778391113844217,gas,15,15.860523460099468,2,0,2698,31.409464590029085,0
27.791204255678146,online,8,11.85384753624314,1,0,286,26.417220149553547,0
33.213503909227995,grocery,10,17.318942384782797,1,0,1720,29.398594843235344,0
6.695525398897342,grocery,19,9.940153626074027,2,0,3581,41.826971002792746,0
32.349214813729255,grocery,10,1.0459980622348493,1,0,1332,16.530765333715923,0
89.17729413681593,online,15,9.042728780214798,2,0,3575,16.511442657631488,0
46.66774310750035,online,14,0.4884710555732088,0,0,204,8.294740800822916,0
20.38174738259916,gas,13,4.552408122420381,0,0,1131,94.00978778461926,0
30.821467519321082,travel,14,15.87285068645799,0,0,3135,40.86696175728236,0
25.628939274897526,gas,18,13.683325198742592,0,0,1386,36.74124225888614,0
104.4486361816201,travel,3,153.42321751424336,7,0,163,21.90938366279804,1
42.87011007575063,retail,12,21.63072189697508,2,0,589,99.95633042927251,0
40.64288489950062,grocery,14,13.3880629921763,1,0,1724,14.27597639865168,0
35.37310559156777,retail,16,10.017468726696288,1,0,2239,26.07812298149401,0
42.88248289807562,online,18,12.88604603731068,1,0,930,25.441474936164475,0
61.54122298731487,online,15,19.89465972901813,1,0,2343,23.229663513576444,0
18.223962022371367,grocery,11,5.385730289678017,1,0,2620,21.915473938444045,0
16.808636927058288,grocery,14,3.2632104822288914,0,0,2098,11.124322027527134,0
34.288558768094504,grocery,14,2.617826967356006,1,0,1851,59.29015750707328,0
31.851297491133703,grocery,20,0.5135962369848741,1,0,309,33.85757369551144,0
14.61087256562479,gas,14,21.835854094886983,0,1,2169,67.32497424809674,0
63.378028236438645,travel,20,11.128915973644744,1,0,825,28.443585671162907,0
10.542133250378516,online,16,3.437372310940261,0,0,1362,55.59160580896197,0
114.12864048303851,retail,1,85.3236544301997,4,1,271,49.003402043244435,1
77.6634152317418,online,13,0.36206896533696664,3,0,1559,36.61001341038689,0
54.62034396612355,travel,20,15.382054297595374,2,0,1513,13.013762992061638,0
56.54254278584925,online,10,9.002254734108114,2,0,604,35.731080253829454,0
30.397966418195384,grocery,12,15.410856381399267,1,0,3552,57.2824748628018,0
18.920000567263227,grocery,13,20.818900367409206,0,0,2303,47.269927921929835,0
5.914019177197552,retail,10,9.251127813069068,0,0,3520,47.89654622486305,0
60.66888380575432,gas,12,19.719552854839755,1,0,1739,50.21718812210121,0
20.501250486896502,travel,11,23.131429021778516,4,0,3471,24.87338054568678,0
33.28603087891112,gas,11,7.16912829743917,0,0,2504,24.485740333171687,0
70.98789056912057,retail,5,7.583223671803155,1,0,2452,74.24601887660889,0
50.785176904420396,travel,11,5.534933922740395,1,0,553,35.89305003681641,0
57.807004760608834,grocery,6,6.946951236694311,0,0,2032,21.47284717878813,0
25.859093050916815,retail,18,7.820584792553028,3,0,1875,12.251928892518823,0
23.34980447012571,grocery,19,28.79286846420026,0,0,1183,61.58036579092444,0
49.13906406939095,grocery,10,9.169500124776265,1,0,3553,15.806249514327458,0
43.047476846877444,retail,11,31.059089637419987,2,0,3287,57.03155612568475,0
44.66745926562026,gas,14,2.2379916400327318,0,0,3641,42.80302055385788,0
165.36640214208958,travel,22,12.64627045230589,3,0,2612,24.404971844618636,0
40.94746401311319,gas,18,18.006563982147313,2,0,352,23.9105452183736,0
95.8280379126791,retail,15,1.9424400997841733,1,0,582,85.19037381044308,0
14.534175299408531,gas,9,25.10100096500804,0,0,771,39.85198615310814,0
27.07928084924776,retail,15,3.445868286485026,2,0,2528,27.969522702752542,0
34.95898219247919,travel,0,42.93749592074094,4,0,18,42.16730881570734,1
31.498045543872855,retail,14,17.2875552307158,0,0,3117,32.16631065027419,0
50.59452365793205,grocery,10,25.86963308383001,0,1,811,59.86800956986347,0
12.787530107288514,retail,15,13.606498690654398,1,0,1969,43.82713363978421,0
12.582251188287046,grocery,19,21.312883124854253,1,1,2882,59.165145853600855,0
188.05870486332083,online,11,0.7594222965213788,1,0,2286,24.872371191775713,0
16.86773665652427,online,12,17.941024823835434,1,0,1953,62.95384569804417,0
5.91615962050378,retail,8,15.227831855613925,2,0,2488,30.077217704088312,0
84.40882805518734,retail,12,0.059993304644899936,0,0,391,15.790083938473062,0
53.81113815117824,retail,15,17.594371987002525,1,0,2806,56.10501001246644,0
85.8427401858643,grocery,12,10.172838411696343,0,0,2185,24.828067558775416,0
79.12262749610365,travel,23,4.877304324398388,3,0,730,20.82907594471692,0
181.29742228629596,retail,3,86.84398349219501,4,0,197,15.72900167392009,1
48.20265352112939,gas,13,17.4470990623347,2,0,2029,24.955480045727413,0
38.54263125809321,online,18,0.4529938516534777,0,0,3306,19.280210088187868,0
76.54311411618049,gas,14,11.962333941095483,0,0,459,38.62604237131391,0
111.83816170689522,gas,11,4.817021682827829,1,0,1017,28.96365908984825,0
7.621976364715366,grocery,17,4.144453753395178,0,0,497,30.509818351897838,0
35.137742031558695,online,14,2.573873290752033,3,0,3305,41.51626896404779,0
63.2089710848885,online,11,12.150206313189132,0,0,1231,41.22486694046483,0
38.44249359578108,online,7,7.979001049578906,0,0,3194,72.1457587264704,0
16.606254288390534,grocery,16,3.9906622430089698,1,0,1075,23.373265747176163,0
31.20078539412,online,11,0.5806679580056908,0,0,2903,22.754358568644097,0
13.876590017319707,retail,20,17.171997361601328,0,0,1794,33.873914135565464,0
17.17498810133963,retail,9,5.846691767381072,3,0,2518,28.630448513829034,0
41.462669578441464,grocery,11,10.05105232770652,2,0,960,29.018498363795267,0
180.86030860127846,online,12,10.861595592852948,1,0,794,44.29804963518094,0
88.13371112873541,retail,11,9.310703167204043,0,0,1749,23.436140865354204,0
51.64965793542951,gas,12,15.092425654986116,0,0,3046,53.14245141464022,0
13.698779140908385,online,22,9.577959135993876,1,0,1680,49.87345658002562,0
50.105321317631415,grocery,6,1.030927897936623,1,0,809,14.848970390860101,0
18.885730742587896,retail,12,5.872152085207364,1,0,3531,53.64234255117505,0
11.459536865658233,online,23,4.153494995129975,2,0,343,33.5615880053897,0
19.25609635182609,online,12,16.973620684790507,1,0,2496,43.38336341547826,0
24.887773016486435,online,16,14.567527951537587,3,0,2633,13.578019441010609,0
39.12283243714324,grocery,18,10.178804439730925,0,0,2459,20.374477936267557,0
27.90508484191044,gas,10,17.6474865786461,0,0,399,32.56954437117875,0
16.817683487119037,gas,10,7.219800459849136,2,0,2063,19.561875895240647,0
42.430038567503814,retail,16,18.543982224471776,1,0,2052,52.39336206881027,0
83.88968333500387,grocery,9,17.935410479095637,1,0,1064,32.392668357058035,0
18.589742634326885,travel,11,4.789700280134546,1,0,3201,24.199714601665168,0
34.06296901503437,gas,16,8.645804493339003,1,1,252,25.740413844110783,0
48.41252621358901,gas,10,23.41760407972877,1,0,2284,23.813908737990364,0
41.515379975109845,grocery,13,19.774437479813614,3,0,2853,44.162438016786155,0
48.37902426011003,online,15,11.331882180617177,1,0,418,32.40644094241313,0
197.3621008556874,grocery,13,4.865428768445269,0,0,1829,41.73838836146915,0
45.92098716080507,gas,15,2.1810870601303147,2,1,2148,18.314958978469605,0
134.5339192175293,retail,7,22.67595500125647,2,0,2325,32.36071659864067,0
20.36259809721499,gas,6,7.929884705020969,2,0,387,97.7625039876907,0
25.88264256102857,grocery,14,8.933770278166758,2,0,2047,42.11785748894157,0
19.503049309396758,retail,11,15.932110602632964,2,0,2173,44.71014684575011,0
138.24045372916245,travel,4,54.204187046471404,2,1,152,31.070205598820802,1
32.14388436922513,travel,21,0.5617860050039312,0,1,982,45.521724077753134,0
469.3414524280086,travel,2,23.46070920822081,3,0,318,40.73169233863625,1
10.67285291029391,grocery,16,1.5352828488944734,1,0,3395,44.21239490904746,0
33.67659458300658,online,18,11.832758653171036,1,0,506,46.035875384376375,0
183.79413264035333,travel,9,2.360451259251482,1,0,480,29.888932656675948,0
40.16747336887888,retail,12,19.691420029059444,0,0,3242,21.35180689454629,0
136.54312632639596,online,11,3.006405839886801,0,0,1950,57.365450474488036,0
70.78473062866213,online,8,13.426823310171589,3,0,3517,52.87549697828576,0
31.575443534424842,grocery,18,3.5881286253519455,1,0,761,45.27704471087582,0
129.2530299553294,online,13,9.749908686766032,0,0,2230,37.7166595486562,0
27.256521579658315,online,10,2.5778443526250374,0,0,3294,15.22133795340329,0
45.07167064428146,gas,19,14.832859643512354,1,0,2789,13.24617547209404,0
11.518817368613567,travel,10,1.473578309209934,1,0,3124,26.02943130441236,0
9.842265914940942,travel,19,16.461916447873207,1,0,3556,87.64389529259928,0
9.087969566810292,gas,13,22.715530268493588,1,0,1135,23.604468671423316,0
291.8194628870549,retail,23,0.5581461263970393,1,0,1425,66.69652840641062,0
181.75259941853926,online,3,75.19169060817151,3,1,202,61.325123255039294,1
17.153867931495736,grocery,14,16.4534112173149,2,0,1856,25.850150193155365,0
43.69312559631585,online,9,12.365324411855998,0,0,2309,90.69749950758901,0
22.97307768151479,retail,12,20.361656581357153,0,1,2949,39.85274630821489,0
20.30334716856047,travel,15,14.08428302760989,0,0,3060,13.956164917270668,0
23.073214956666675,travel,14,27.18965035149641,1,0,3009,42.72244745846732,0
32.25900999224946,grocery,13,14.906124357289151,1,0,1206,76.81575683346782,0
29.894243202184306,retail,12,5.213765326417218,1,0,3607,23.66667040166917,0
12.289120262885893,retail,9,24.7893045517324,2,0,721,57.862557868782645,0
17.48532931303651,online,8,15.484954993747863,2,0,1761,58.49367712905162,0
265.4287628095006,online,12,15.614584324346751,0,0,3110,21.289022114366038,0
38.42669546282468,online,4,42.71926946099895,4,0,358,52.0564517836075,1
20.426066414663527,retail,11,2.2315037671381353,0,0,2601,26.12726564507363,0
34.74188794101771,online,19,15.507967796492533,1,0,1927,45.239728908725006,0
24.999819664670742,online,10,8.244701432223437,0,0,1824,33.80822559690344,0
20.08845230626246,grocery,14,16.972447730305134,2,0,1173,39.237673963144886,0
41.14886104702794,gas,10,5.929121191637332,1,0,1706,48.14877271456857,0
70.3194522963234,grocery,14,7.851027008495486,0,0,720,65.81146443362036,0
14.929627838806114,retail,17,13.936032432823678,1,0,1285,55.91665058092143,0
35.45465351047485,gas,13,1.9219801863923731,1,0,2947,42.8240323788537,0
37.127371572041426,grocery,6,8.749789306359656,2,0,2257,26.71441847984911,0
46.697684233897,online,16,12.342630748693466,1,0,2739,11.72095162987882,0
228.17031307976805,retail,8,17.08461665356036,2,0,3339,22.24184834535801,0
21.695538809606393,retail,11,18.217208287145205,2,0,726,22.318793694283574,0
19.63545015542371,gas,17,17.572616028587092,0,0,2619,22.781198320515976,0
26.431918472551967,online,14,22.548151883780434,0,0,3489,37.64395896163463,0
122.33280319740562,retail,14,2.827315674822466,1,0,794,11.956056301738894,0
158.11552662264364,gas,14,17.597131988932272,1,0,1793,38.38102805481026,0
15.003989670852263,online,16,13.566711001833973,1,0,3362,33.030379739114935,0
10.740578809426006,retail,13,5.249892960715044,2,0,435,16.98704639587419,0
35.01728049212183,gas,9,3.217941418827918,3,0,2324,33.00137199474008,0
60.82766919837333,gas,10,7.603604710406463,4,0,1123,39.508028574984635,0
8.32576244757831,grocery,12,6.4912433921832395,0,0,2702,28.67334813959949,0
34.72204358974261,gas,14,18.384934074153236,0,0,1526,45.17844967608867,0
67.75779453000135,retail,17,6.297149714284961,1,0,1232,55.661992760689664,0
72.7812173719293,online,10,4.122631250585124,0,0,820,23.20446566239963,0
45.96178253741905,grocery,11,20.31305468349956,3,0,2282,21.188770493938154,0
17.460988230275348,grocery,16,22.32601901213418,3,0,2016,29.424056500017493,0
77.31972573849536,online,14,2.962261108923548,0,0,2965,17.272163038471817,0
15.18603956675609,travel,10,15.415952779000435,1,1,796,16.52708293353996,0
11.62250936915797,retail,12,14.00903420851661,3,0,2112,52.34866989974773,0
23.061278245687678,grocery,17,3.7214397656273643,1,0,3195,40.80889893257241,0
56.58466652555366,grocery,12,12.962722138630767,1,0,1701,24.632671130859077,0
59.18175484007024,grocery,21,19.30400775764243,0,0,512,63.65812409780029,0
17.673765227891504,retail,19,23.872335635380953,2,0,3157,23.34236940735342,0
23.489610579322026,grocery,15,7.40304260481647,2,1,1269,19.93329163593498,0
5.610050390746239,gas,13,23.421003537249078,1,0,3421,12.671188056370934,0
19.699198781897653,gas,16,3.673811193620768,1,0,1022,20.925882268800276,0
13.290679771785689,retail,0,109.46443056827538,8,1,48,54.90064009990169,1
147.9348745799198,retail,17,4.353955502182417,0,0,2911,75.7742187175147,0
28.150459878480778,online,14,4.2121070206416,2,0,2709,27.446423556843712,0
12.178520835431028,retail,12,6.344065329398148,1,0,1245,58.80762406752226,0
19.404106745303547,grocery,15,10.827055969696762,2,0,1783,61.630657523391434,0
14.592240092915034,retail,17,6.426855625483149,3,0,2859,43.81525831779406,0
15.221497976767631,online,19,10.169781206674067,0,0,2019,35.124680576108965,0
11.103223050045944,grocery,20,7.829627494818876,2,0,2010,44.24771249409335,0
16.233000200299994,online,12,6.034352427400803,1,0,1837,49.37359253213645,0
29.13817517228077,retail,13,18.219834746821533,2,0,3573,33.084146756729005,0
22.309101483435395,retail,13,4.122054292218326,1,0,2739,34.58359521564562,0
50.00075718656786,online,13,13.738017721462318,2,0,443,85.5542224110115,0
13.458471541524979,online,5,11.450031586760403,3,0,1821,46.733250380156925,0
43.00841575093412,online,16,14.034920525747278,0,0,3383,24.460095001082514,0
63.70810085178615,online,14,8.266145686748306,0,0,947,21.04340764247474,0
75.13225951373883,online,13,4.065671013243481,2,0,3460,14.463536715055662,0
71.6125067957394,retail,15,0.762925290169246,1,0,3642,35.09077836383715,0
62.381531029435614,online,3,45.56831184991888,3,0,160,61.59367497237194,1
29.61979771432327,retail,12,22.35873169934607,1,0,3047,21.128008232390254,0
25.858260352238908,retail,15,26.622220681587557,0,0,337,32.23585890355474,0
17.93357635448817,retail,8,14.055325761090486,0,0,858,27.147678057557577,0
23.294450433449395,retail,18,6.9959281548840035,1,0,1231,41.24050174115097,0
19.49999594776415,retail,18,4.66536361358982,1,0,2268,26.8558824581228,0
174.2203084612439,retail,18,7.894709823521387,3,0,3248,45.51279843468677,0
247.2199779273093,travel,6,86.79517700537698,5,0,143,34.29289506654656,1
57.03574628891498,online,9,20.110847512771105,1,0,813,42.50011773052617,0
11.496396455919534,grocery,11,3.6542304223437245,0,0,1625,21.96521345064965,0
26.906359140174043,retail,5,11.816230883111562,3,0,3432,25.184514502852693,0
33.29608676937983,gas,14,6.128125283195575,1,0,3163,47.861983239971806,0
42.396525370847996,online,6,8.255954951031008,0,0,1049,43.28696616273404,0
17.41027145612233,gas,11,20.06090490061321,2,0,3345,41.32136961306181,0
48.50334001100205,gas,7,11.190470093436723,1,0,2279,140.2132447599395,0
21.513955927992306,retail,15,6.02358010531454,2,0,3244,34.94161964936289,0
10.262537161129824,retail,8,8.213827292533525,1,0,306,37.917815050404776,0
80.3958746436655,grocery,20,5.151329342242731,1,1,1311,39.05623285977084,0
40.7941632125005,grocery,13,10.813040428267398,0,0,2332,23.03041177564044,0
134.8058163558102,gas,11,0.998417378098214,0,0,1783,222.151300398347,0
55.4954346975989,grocery,16,14.549156928102164,2,0,2575,32.0457169458584,0
19.764831989660816,online,5,13.448183664087145,1,0,2980,26.418003646865852,0
69.22209402890002,grocery,15,7.873373074824062,1,0,2696,59.61499352877555,0
26.152062743633703,online,15,19.22330604963848,3,0,1478,100.0597697533732,0
29.159006376501054,travel,19,3.0485410015598315,0,0,514,15.326327565749123,0
11.708733431155352,gas,2,16.24940269030079,1,0,3371,28.7112272463596,0
366.8005474778882,online,4,133.66710244199953,3,0,295,27.239819157208366,1
45.2104093887037,online,12,9.502911468245532,0,0,1686,16.051092388348692,0
54.47629839463313,gas,14,5.814572551580724,0,0,3482,22.88232010790745,0
11.890698800121628,retail,16,17.849197724562824,0,0,2995,30.12117540339868,0
17.595099673673523,online,17,17.424125273213495,0,0,1657,49.786539988860525,0
16.75798485748901,grocery,0,2.0827922706850925,0,0,318,34.72572422993515,0
32.59926561131539,gas,19,5.111991007282967,3,0,2288,23.282031947445752,0
29.742490211221764,online,12,16.548756946745705,2,0,3259,27.310181191507926,0
45.575874023831844,grocery,20,16.53973701358698,2,0,1134,61.028720997007845,0
23.044279494721337,gas,11,5.578456369732024,1,0,2978,35.6980269081016,0
9.096543873624809,retail,15,8.394518252997363,1,0,1434,13.712724866178748,0
47.02975991673431,grocery,13,17.902892659252075,1,0,1744,10.23483589827713,0
17.151129887489642,grocery,11,7.028303831298516,1,0,3470,29.258821635627218,0
38.387974431164615,travel,8,8.302045521280556,2,0,3214,24.222822872493378,0
24.33094805432055,gas,9,17.73565316275853,2,0,3124,59.77269573359568,0
53.030261565151484,grocery,18,6.587429977355411,0,0,335,31.481599785527266,0
33.02617517137392,gas,19,3.9154019538582254,2,0,2811,25.578202733337708,0
86.08089747686091,grocery,15,20.19722499230673,1,0,2162,35.69848343699255,0
195.39520243197305,grocery,16,0.027504270724588054,1,0,2121,33.851856603540256,0
108.34609881880188,retail,14,9.938607490523973,0,0,852,45.89200461250122,0
40.590606572975,grocery,7,15.930558535263314,1,0,2971,43.2526890481693,0
32.209198842499674,gas,16,7.253318593180406,3,0,1143,41.9221868553878,0
38.75333961742251,retail,15,6.609331694348135,3,0,1093,61.58177637095157,0
26.684958424252542,retail,8,12.656651691334485,0,0,2873,20.351505922963415,0
17.022606136310507,travel,19,7.125717565548667,0,0,1317,55.78219306689384,0
35.762384243289,online,15,26.409975546155707,2,0,938,27.933297086737202,0
35.926853930318615,grocery,14,12.871340669925276,0,0,241,41.84304459432422,0
64.62283101356324,online,0,8.632694112029995,5,1,251,57.54439700156806,1
36.55573772460037,retail,13,11.96188678315389,1,0,2927,32.14960418736067,0
45.02655195247268,online,19,10.741020703591388,3,0,989,43.406776827057605,0
34.42617934293955,grocery,13,4.044044709637021,0,0,2617,37.57820114971514,0
35.5037262084199,grocery,10,26.967948526760875,1,0,521,43.12367732314466,0
131.03996132500137,retail,19,9.893735288327811,0,0,2599,21.45938021928929,0
57.79863109097547,grocery,10,3.091224153651879,0,0,1952,44.59482286336478,0
19.48998985202454,online,11,17.9088703479934,3,0,876,14.787949823072264,0
8.095861056589989,retail,6,26.21453692833914,4,0,1122,16.15864072617767,0
25.77882904924944,retail,11,10.273637476304604,2,0,2793,34.05390259791957,0
113.71416350165481,online,19,10.915808470550234,1,0,428,28.901350030472965,0
259.48213144365025,retail,12,6.509895742559769,1,0,3141,44.03211208410958,0
48.6987509476926,retail,17,13.264768468559556,2,0,3625,45.76387262088631,0
12.988528326104255,online,7,14.670696652312472,2,0,2967,41.24043268486373,0
16.922299786486835,retail,11,2.0064161220973986,2,0,1273,56.04165165826334,0
42.97579513066908,travel,8,19.091644594598762,2,0,3074,65.6091250160321,0
8.550829503775308,retail,10,13.283066214295136,0,0,3636,58.35778139232643,0
12.099886488702579,travel,16,14.897372948948671,0,0,199,30.104527533624463,0
71.11115149077841,grocery,20,15.921005312841952,0,0,2934,23.627272644437994,0
25.430468607642197,online,2,81.90725469544682,5,1,76,59.903819010262886,1
9.159970368436321,grocery,10,14.907681325374696,1,0,1006,25.941296583941092,0
26.34284292901213,grocery,14,7.508262440806386,4,0,2612,21.33838865103533,0
49.23208329068916,gas,20,4.477790134102363,0,0,1491,66.82705949888654,0
40.62188677730722,retail,12,16.11039817890608,0,0,693,26.857919041894213,0
26.917221422428074,online,17,9.903807768694495,2,0,3349,45.72175942046733,0
8.476469652150012,online,19,10.81430666965862,2,1,734,55.580359381385676,0
38.56710626328978,gas,8,11.081409930741353,1,0,715,49.22253144301162,0
57.49892455264632,gas,9,8.917326128615123,2,0,2535,53.523638167741076,0
17.01534427757014,gas,7,20.04957951530946,1,0,997,69.42071951142809,0
66.01716459967474,grocery,19,5.832856768769894,2,0,2678,22.928778182943347,0
63.921011640287006,online,7,18.85419614899463,0,0,2834,17.449892443045336,0
72.27195105638027,online,10,5.970797916995229,1,0,3006,37.00411154333535,0
31.675143711841933,travel,11,10.060481443153066,0,0,2218,34.16397614991864,0
55.19508817693012,grocery,10,4.732938256476436,1,0,1310,46.557908880540005,0
11.741231052848976,grocery,15,1.1320232736257356,2,0,1137,23.885911559373984,0
8.081422230823515,retail,16,9.805708034639792,1,0,925,26.331803458255227,0
20.615198451640694,gas,14,2.2729975475908137,2,0,1052,11.4957734512182,0
38.78678841025423,gas,15,5.628739044290616,2,0,968,20.205985428831866,0
21.28966118660678,grocery,14,3.472723718811576,2,0,2563,23.414020248099753,0
22.485964909027306,grocery,11,7.600980204027103,1,0,1985,25.441633458822,0
43.59291476042799,retail,11,19.673845177791506,0,0,1829,47.14109038636635,0
31.640675778250294,gas,19,1.1947373267901664,0,0,2618,47.472814106148064,0
7.561349731810198,travel,11,25.16405876793084,0,0,905,16.889560118102313,0
49.830820135237325,grocery,15,12.688603300042772,0,0,2311,75.89251316874653,0
16.134708537371754,gas,14,11.86876065009261,2,0,3472,24.144767684378188,0
25.537166304928263,gas,12,18.175705240480024,0,0,654,20.872104246175212,0
29.183214005059348,grocery,12,8.841065958831244,1,0,2399,40.5245797296508,0
24.27527991638708,grocery,11,19.1485283594289,1,0,2011,10.715362686546909,0
80.7580264346924,travel,7,7.179630058107039,0,0,2940,15.07169258715049,0
19.919717870716177,online,16,7.861463814657529,2,0,2993,40.633387541701964,0
27.14104340776095,retail,14,6.801835908455541,2,1,1707,30.082914381719608,0
36.188379961678656,retail,11,6.959705229685171,3,0,3219,27.198797446372463,0
14.067937077351884,grocery,2,44.672697220736794,3,0,107,35.3387796917483,1
35.35710320609617,retail,18,17.022608249913006,0,0,498,24.323599078268686,0
45.378473407140866,online,15,17.473131537869556,3,0,662,60.11977148347098,0
38.83212066963846,gas,12,8.234169944333068,0,0,797,23.116704781493443,0
25.68296476722578,retail,8,5.334674261952349,0,0,2131,20.231343883495033,0
59.02169488676866,grocery,22,12.337350625658608,1,0,3436,27.925787260146663,0
122.89046674432592,gas,16,5.732380433792796,0,0,1748,23.307642229558688,0
68.24798247818565,online,14,6.258090529131344,0,0,935,23.249414755003105,0
52.355983306577606,gas,14,24.73452487509286,1,1,2004,56.42976220458257,0
37.78108849208097,grocery,14,12.189280953700015,1,0,1570,32.84210519908428,0
112.86485510022746,retail,9,11.110848259447042,2,0,2097,35.600503725096026,0
44.921957568029384,online,16,15.119223657216676,0,0,2401,43.59664346064951,0
58.36072099009528,grocery,5,10.990037140194216,4,0,2949,18.646075330380903,0
24.693510357472697,online,20,4.985920894553217,4,0,504,36.158724397077144,0
67.51207905390888,online,12,10.946800525241418,2,0,3552,65.74012705687434,0
52.65212183727434,retail,7,20.018770898384066,4,0,1653,52.22605137802381,0
44.22113402474822,retail,9,11.326872214389383,2,1,625,33.85750740754794,0
37.350082638312315,online,12,8.531677423868276,1,0,1541,36.65598312327686,0
91.15544834116642,retail,12,2.519791147534235,0,0,790,41.112985368789495,0
25.940883469913857,gas,14,7.987584798526909,1,0,1876,36.01458221753102,0
22.565126201921938,grocery,19,5.825866741607427,1,0,2540,17.27267786730831,0
42.34454548508683,online,5,2.2808535985089256,1,0,2699,28.29277787613191,0
51.74088312260011,online,19,6.196862062283662,3,0,2869,25.295339954705543,0
58.36317686549488,online,11,4.8122463998469005,0,0,1297,51.95221214103378,0
17.566319594476386,gas,15,9.985369929247197,0,0,1579,14.84104185387233,0
65.9158409145173,grocery,18,3.525226521640958,2,0,2388,39.48914229351842,0
54.939110650449734,grocery,8,3.958083100842412,2,0,2406,33.001715121666145,0
12.54139434578577,gas,0,101.29145017655733,3,0,147,30.512261717690443,1
20.562539813965646,online,14,6.452564654119715,1,0,1983,19.625456658523827,0
37.29778590459058,online,10,6.60321467182286,3,0,1805,19.842261220232174,0
144.10568318991983,gas,21,13.107396909420052,2,0,822,13.664629942868466,0
24.205829213923618,gas,5,6.397054469946655,0,0,325,23.37887946105022,0
42.46694686301657,gas,10,16.439467125858606,1,0,257,69.89747030074308,0
26.12033246625039,travel,13,7.923226225525839,1,0,503,20.26922700612042,0
12.806095452178987,grocery,9,15.36814243934216,0,0,244,43.80007375888298,0
27.91718024295799,gas,11,27.685517808126118,1,0,1054,64.98206336138375,0
14.594584577197269,gas,16,13.049957241296791,2,0,1026,33.63679514823671,0
21.076966236956448,retail,6,3.809755368874737,0,0,1058,8.876687676263598,0
9.949135246613373,gas,12,14.454997778945165,0,0,3120,32.22856403760873,0
26.052909290481907,retail,14,7.540312799878863,0,0,455,38.73849656154802,0
145.08352293676393,gas,17,12.71006529824293,1,0,662,24.203366562542865,0
28.01615741191541,gas,12,14.98820639060687,2,0,2191,24.574033842267585,0
32.48244957216763,online,10,12.763313453150829,0,0,1368,8.767036248190093,0
165.63993339339427,travel,14,3.6982205338758467,1,0,2793,51.485252788412886,0
172.4195653646568,grocery,1,17.70981309554444,4,0,32,16.86979639860115,1
126.74290331279263,online,19,1.7869961369265681,1,0,961,32.80202808064453,0
34.135922254405784,travel,13,11.549294116134394,3,0,373,32.15778036846362,0
31.707844371520068,travel,14,8.324995093504693,2,0,905,28.10868151890748,0
13.235778901424625,retail,9,14.587579946843192,3,0,683,98.19502732527566,0
28.430260241633043,grocery,23,9.43275709978105,3,0,2859,93.19204312978647,0
16.01931298489254,grocery,11,9.350454526916241,0,0,1304,21.742080237880124,0
42.36999436329954,retail,16,0.40636539923485415,2,0,274,32.426568948019415,0
74.07175217222854,gas,11,7.425978368078333,0,0,2182,24.054223832421197,0
107.9029573115702,online,12,22.80859444931514,0,0,1922,27.49928022419246,0
66.15760128589692,online,4,46.69052385660087,4,0,331,28.967430568118345,1
105.50932988283148,retail,12,3.3497108987690414,1,0,1817,17.92157704395708,0
33.09668493475054,retail,11,3.1630028659594744,0,0,195,21.583038961681734,0
33.30310137062052,gas,14,12.764962757211567,1,0,1021,28.82483939547207,0
49.332219088520226,online,16,3.134271745826986,0,0,1970,30.861770964526826,0
21.914844043669945,retail,7,17.078740662409267,3,0,477,30.801977028368587,0
64.5304834406553,grocery,10,13.305179807620979,1,1,3558,29.074052549426167,0
43.25392467773733,grocery,14,3.6549226910885055,1,0,2293,23.72501277359712,0
18.99602022014868,retail,16,14.207498242037204,0,0,3396,35.0284621154754,0
31.30780510487811,gas,4,6.39024938444899,1,0,1886,30.767256011105033,0
99.31322850398294,retail,11,8.982404928140456,1,0,2131,20.55485932968379,0
57.20625206502572,online,7,10.023407733435501,0,0,3600,16.58408622523137,0
15.612588111909316,retail,12,15.576407830717812,2,0,3595,21.761913983320717,0
32.13327951363536,grocery,4,7.152520663304234,1,0,2814,51.65420025673803,0
22.87809194532213,grocery,18,4.4495646567854195,2,0,1721,50.02409240031481,0
56.11462842328367,online,13,16.942443676339565,1,0,1894,53.44115917334908,0
17.4013430891297,retail,16,20.177588434000782,1,0,1800,23.66592707905712,0
10.788914262282804,grocery,16,10.72247839365148,0,0,954,26.785860170186695,0
9.346925244617886,retail,17,6.122971483199349,1,1,240,23.471592004622316,0
61.97384290686314,travel,16,5.73730984976061,3,0,849,64.5004347277023,0
17.067949049536697,grocery,10,22.049177926199572,2,0,3486,16.56192973066188,0
48.657569398041325,grocery,14,6.790326347642578,0,0,1831,57.31295627928654,0
14.096177431698909,grocery,5,14.671064178272008,2,0,666,18.366163437987773,0
200.7275757608147,retail,18,6.001031723959742,0,0,485,36.485658609808006,0
22.77899954558812,online,14,12.734031365708315,3,0,3026,38.626029446983644,0
47.599746767426936,grocery,12,22.342454190157454,0,0,1660,29.614862951022698,0
38.59567903242414,online,2,42.37181910876887,4,1,205,18.659847156444243,1
28.43807901676865,retail,20,14.084805523282508,1,0,1975,19.824593076601708,0
3.3911391706909044,grocery,10,5.5399815276941595,2,0,2524,50.28144910216051,0
12.536559177191839,retail,6,1.45821938369164,0,0,1909,27.466798220102046,0
40.28476093573458,retail,16,1.9673629363597804,1,0,1299,22.21697011398145,0
24.645104703166602,online,18,18.691840983123054,3,0,2192,47.44793132045519,0
7.981528486602115,grocery,9,10.080169213924552,0,0,1587,48.231243817096384,0
44.88745157775083,retail,19,8.893317743868977,1,0,2673,32.760485200147855,0
8.44955378888467,gas,8,15.711019552721101,0,0,1811,31.036987716103404,0
54.80070580579883,travel,14,9.917181680738107,0,0,948,24.86953747873185,0
12.435576173070906,online,11,8.341471231934044,0,0,264,56.066086996795015,0
49.472956598310624,grocery,10,17.323223763879497,0,0,2097,18.409853454476416,0
53.96286972345612,online,17,0.7968420456954242,0,1,686,26.78393812335808,0
21.26642220669567,retail,14,6.334904081266243,1,0,741,24.653547306846285,0
10.392941442748707,retail,16,1.2966048505250427,0,0,1259,55.82929455706452,0
37.89309028229234,grocery,11,14.558071357633432,1,0,2611,46.195645038963505,0
18.722450660976858,grocery,16,1.3707995625483775,1,0,2172,26.01520863308578,0
52.95036901686785,travel,14,7.6147797904007986,0,0,2768,32.45434161531969,0
210.97230170919573,travel,10,16.326074497860233,0,0,1295,11.31805347486311,0
23.153419575612975,grocery,20,27.25079705383439,0,0,2473,35.804672994060105,0
51.42074443236589,online,14,19.76440483144986,6,0,2824,19.53765218568517,0
8.096159331902221,gas,10,6.1989977724431755,0,0,3066,53.24972864424311,0
14.191301159438234,retail,20,9.062623960204997,1,0,219,27.866978722487115,0
17.56773644460825,online,16,8.456149057914484,0,0,1000,21.12740290900154,0
18.405710338968536,retail,11,9.178811412394948,1,0,1557,43.248765907040614,0
17.34328010761554,grocery,8,0.8644654467095076,1,0,2511,67.14893048277791,0
66.55081975350711,grocery,10,6.904564427200421,1,0,3065,36.684387730735274,0
95.90153846090752,retail,17,11.282150859340614,2,0,495,37.90553185376657,0
56.818137317929484,grocery,4,0.6826932119008422,5,0,3410,83.17204249372693,0
15.619680426401757,gas,15,24.29791971683735,0,0,853,50.328381819416876,0
23.789109004736567,retail,17,12.016030089615427,3,0,928,12.176979898805817,0
52.02293820869663,grocery,14,12.644906088723246,0,0,2654,25.796175183223966,0
9.107979356715107,retail,17,2.292245523056307,0,0,421,61.443518414106286,0
28.03635889326668,retail,10,6.357032030410146,0,0,2708,16.133289263208326,0
81.56205238174678,grocery,14,8.360540206067137,1,0,334,23.704675790692058,0
27.627644575029922,grocery,16,19.94261514661462,2,0,2362,18.862700318505222,0
46.09700233323644,retail,12,10.650217340728549,2,0,1460,62.13544942368448,0
48.476842780945546,retail,19,22.122544754590415,1,0,435,69.27667427684712,0
53.85618255948441,gas,18,2.825734772912769,1,0,2840,49.00346551370364,0
38.777253026431275,gas,20,1.0954871905025794,0,0,1982,37.55269014536153,0
34.46067951120566,gas,7,19.517141163881888,2,0,509,18.03914606025626,0
9.554315977208946,gas,14,10.988233614728744,0,0,358,30.880705114452095,0
64.12522018397118,retail,5,8.826945807651182,0,0,1080,37.3511352013873,0
102.2558444933387,retail,15,14.631278544553073,0,0,1439,25.257814852912066,0
28.00964581759578,retail,9,11.42326713129323,1,0,2956,24.967125427952702,0
101.44171014875889,grocery,13,8.837204621488919,1,0,1980,20.95106640459947,0
80.45997642871029,gas,19,7.657936649820362,1,1,2433,27.650481453371363,0
16.015880152883234,retail,12,4.95633236651618,2,0,1687,79.52347197818635,0
32.1486533186415,retail,8,5.094304860192028,0,0,857,17.59854401008692,0
10.782406548697264,grocery,13,15.269055622324078,1,0,954,34.87508126832794,0
14.715233329960943,online,13,16.221880377982835,0,0,2133,42.33409811739052,0
40.56849293271164,gas,9,1.1243555564302419,4,0,2350,23.55957466907868,0
58.41434269137111,retail,15,9.584361832793777,1,0,377,34.17992590698758,0
13.700513411483346,grocery,15,12.954110221199237,0,0,2303,83.81752328693442,0
52.853840858022856,grocery,19,14.950882641157083,0,0,713,21.013662596105792,0
25.62237260090796,gas,13,14.224288036383715,1,0,2802,97.85712788846347,0
45.306169004049885,grocery,15,1.4957098171702548,3,0,3333,34.55271161056343,0
66.65375236368935,grocery,11,15.155107628305458,2,0,1527,24.01949408870725,0
50.173008930457506,online,20,4.227447341279766,2,0,861,36.49840383373817,0
43.73467154958367,gas,18,15.355506972339747,5,0,2984,52.626725149974746,0
21.318399378132995,retail,18,11.963989454354502,3,0,925,22.516190977489085,0
59.70854351860332,online,8,9.031831751923486,1,0,3218,54.54206188561614,0
22.718267930768217,retail,13,11.21325817716014,1,0,516,47.19196535039813,0
110.24648606731577,travel,8,1.9652973896487484,2,1,1249,34.50492847411746,0
51.76227126955925,online,8,6.075102127786779,1,0,2920,35.79449486754132,0
65.23116475156029,grocery,13,20.439701510323353,2,0,394,13.379456433700236,0
49.92314078962586,retail,10,7.240134704343461,1,0,836,23.027557480216483,0
24.620846951718146,online,14,13.189702414322753,3,1,3277,41.83288010671336,0
254.15616673454542,travel,1,7.890574799274139,4,1,254,17.27159205487789,1
32.18455934715608,grocery,13,19.524237149741413,2,0,1071,30.96981708209612,0
22.16677098631937,travel,6,10.479242054371507,1,0,192,9.835108280291937,0
30.49072678823763,grocery,5,3.831662742870363,0,0,1060,26.45982253015303,0
3.9718189091400413,grocery,14,6.327746614568797,0,0,3352,45.420484609920265,0
132.7902801247793,gas,23,0.6964881051766962,1,0,252,60.4270094077991,0
35.86353682721247,retail,21,17.580095268604538,1,0,2782,44.07831264795115,0
61.78918973713684,online,16,11.643891420480157,2,0,2365,48.82908412980035,0
13.776716133644786,grocery,10,8.951109290556138,1,0,382,64.76612737470016,0
49.69077115859014,retail,15,17.548782210183568,1,0,2860,16.909033350187386,0
219.44420211130713,travel,17,5.7787697905733015,1,0,2589,83.6957176788156,0
20.629929071049798,gas,15,15.4120598115198,1,0,1913,33.39750093164563,0
21.745263912094387,gas,20,23.3034515775187,1,0,3175,16.599018760509427,0
41.666578480396154,grocery,8,22.699204819324294,2,1,1178,33.01700762283161,0
18.112083640752406,gas,19,15.798634987886654,1,0,352,33.34935429369216,0
15.303188900281029,retail,9,23.011445876870873,1,0,1950,71.73488827182805,0
112.00004373831926,grocery,11,11.261076467527552,1,0,1952,74.71788475855102,0
26.441584843168933,grocery,20,15.81737007627159,3,0,3105,36.283263610786825,0
21.201280006350313,online,13,5.694102959401685,2,0,2275,51.19501433030158,0
13.327791794751144,online,17,1.6968836415633177,1,0,1533,63.84002402692061,0
64.51018828838504,gas,13,12.772216146504002,1,0,3425,39.78042753984866,0
30.5965812067528,travel,8,3.369177318362791,3,0,3586,49.74663506120593,0
47.92718018079004,grocery,12,6.379497486166002,0,0,742,44.764637802753114,0
67.04149831956272,travel,18,9.369692799357601,3,0,1573,35.67823792179762,0
407.56434698556035,online,9,17.572946466643494,0,0,994,23.59035967676033,0
24.80951049462294,retail,15,22.123310522785673,0,0,511,83.22974479834681,0
16.548506026250642,gas,7,1.9890839771936957,3,0,2284,32.12086782059279,0
23.911773427148386,gas,23,1.3550748463683249,5,0,839,80.72821220770359,0
20.79380839010548,grocery,13,8.630565041628804,0,0,548,36.53015663760422,0
21.518790174276567,retail,13,12.355351821472386,1,0,529,36.54649998595079,0
23.100368923600893,grocery,13,14.83277941084454,2,0,2705,22.990291291024462,0
51.156017193763276,grocery,21,16.123217248106798,2,0,1873,25.557421385091896,0
82.62053452366665,online,14,10.842228991277423,2,0,2829,29.4664351600907,0
77.95409989970881,online,6,16.866163441454972,0,0,463,22.373369880736938,0
47.92554757835382,grocery,16,10.694088603701173,2,0,968,31.687666650273172,0
56.244290832191666,grocery,13,13.595468127578096,1,0,409,11.66741347814242,0
17.005811769038807,online,12,8.719690611365245,0,0,1475,32.577762268770314,0
52.46593033207618,retail,9,13.13240940208075,2,0,763,60.71710629853281,0
67.78116436406596,travel,9,14.70525811548692,0,0,1889,31.626171290175407,0
97.24999388735792,online,0,120.3878688101401,4,0,37,40.94155518022938,1
13.696338662823255,online,16,1.3778760120549904,1,0,532,9.474426884666329,0
19.75148457151998,gas,16,21.268955947567356,2,0,2205,38.35109449140737,0
27.58080521986112,grocery,8,13.824302521538268,1,0,1718,16.377948740653554,0
32.566323235002464,retail,14,10.159963889651355,0,0,1074,27.192571040215274,0
37.63314257460537,online,19,11.543917134183436,1,0,1234,26.11860107871682,0
21.391730912546446,online,4,11.039985806412762,1,0,2297,31.40041160554379,0
29.80934465738739,online,8,8.625516289578607,1,0,3089,40.39856184452147,0
5.6468154709306235,grocery,16,20.30746898002711,1,0,2242,29.160237343188488,0
27.88428241462142,grocery,12,18.965485651380764,0,0,2528,83.11986208558864,0
13.765396978677122,gas,23,9.35347541469154,1,0,3427,28.74992022920174,0
102.34682761424672,online,16,1.5307339657229573,1,0,920,36.08590137247399,0
41.05340676559552,grocery,19,12.472374680192278,2,0,2920,25.74163643029286,0
18.145535175504442,gas,21,6.026791582974027,0,0,3133,48.58320514232461,0
44.966950964892476,grocery,15,11.802053455868796,0,0,3096,24.667440478663913,0
133.0973854201412,grocery,18,5.354071275548398,0,0,2912,58.595865029011165,0
36.76669697114553,online,14,15.132333159488095,2,0,2545,70.49870589501852,0
79.46790383352217,online,20,13.290861049211513,0,0,995,22.255681565119712,0
55.57629446308088,grocery,10,2.692331362942218,0,0,2948,15.084467559956806,0
29.32885735426548,grocery,16,8.027431565923406,1,0,985,30.725633606021997,0
53.71070130501408,grocery,15,1.2658141464596007,1,0,1928,22.458797764519836,0
17.06115072213889,travel,14,8.609009437483309,4,0,3314,24.5324426350885,0
13.285174426305714,travel,17,4.993815650145789,0,0,2137,43.558891926569885,0
37.241897693717455,online,12,12.692664363672279,1,0,2063,60.06510485329746,0
98.00240535975516,retail,23,21.98409416243542,2,1,389,36.76104854755145,0
14.832698507407088,grocery,17,0.9817158103445607,1,0,2752,29.640472840798363,0
63.84036975062577,travel,21,6.106589416947227,3,0,1720,44.779350218319685,0
28.768796647723487,grocery,17,1.3991756150659551,2,0,1137,53.3705612214501,0
25.04180336744921,grocery,16,2.8094495904925836,1,0,3082,31.618897823862635,0
19.38969635143905,grocery,16,6.2891645639524345,4,0,395,34.70311452218158,0
18.461854687246785,gas,18,12.100023126814671,0,0,3097,28.961270735909228,0
51.954866478307444,grocery,7,3.19055614042012,3,0,689,12.620112064607593,0
48.30822406859287,grocery,21,9.371292856685146,0,0,3598,33.91317500918989,0
12.986489906950727,online,8,2.5356749693388227,0,0,473,55.46281764113876,0
45.59282517112166,retail,10,3.6342586918351083,0,0,409,65.22267527007644,0
7.360004115330276,grocery,14,4.526062555878051,1,0,743,118.56602964651258,0
57.89196787663622,online,9,8.407499569921042,0,0,3227,30.491123025801855,0
114.4800296506748,retail,18,19.257956381848203,0,0,956,55.28625115549782,0
17.080335371152373,retail,12,16.47406902498639,1,1,2843,19.157560244087055,0
185.4056200926669,grocery,15,8.498183811360928,3,0,1332,99.17693547559931,0
51.06861816174651,retail,17,25.62447756431917,0,0,551,23.825720109404678,0
21.428221144313795,retail,17,4.631881234700371,0,0,2013,13.245354583961491,0
25.8583285933403,gas,12,6.2997362694929695,0,0,558,61.13840367049043,0
9.865348698745443,travel,11,15.20772543023553,0,0,1737,71.75255816397545,0
89.02387368785276,retail,8,6.272392175423594,0,0,1923,35.37678685727186,0
11.230713652751323,grocery,5,9.043529946988832,1,0,2928,12.896027634230142,0
27.449015258365936,gas,13,8.534038054325745,0,0,1209,48.91568323434654,0
54.17903292561919,travel,14,20.19417806987496,2,0,1611,48.90442772242714,0
41.624640539678644,retail,12,13.897745557043418,3,0,1453,19.056508959346694,0
25.887944888688047,travel,10,3.321002370432355,1,0,1221,13.647665587649504,0
70.10934607883262,grocery,13,11.819240631932965,2,0,2323,20.96906524299309,0
16.06345313303324,retail,6,22.300410552274748,1,0,642,50.462089450702734,0
63.97782040795591,grocery,14,8.04633064875798,1,1,3505,48.92230337926184,0
58.627296298707364,retail,8,2.428073632092575,2,0,1791,14.691368701679204,0
27.668469509581122,online,14,17.955316225660674,1,0,2848,25.706485186404393,0
3.1509030436255294,gas,14,16.366910498729812,1,0,2131,28.563653831489244,0
149.1459945696382,grocery,12,7.5946051164505395,1,0,3032,22.435256566830322,0
22.413666254743394,grocery,4,2.917998898330648,2,0,1380,17.920102865350646,0
50.30031221844667,travel,15,8.520985950037876,0,0,2190,18.796760559898853,0
43.598829568692764,grocery,13,11.458241788302958,0,0,1595,32.54662559154682,0
38.14736545124919,retail,14,2.254971217181387,2,0,1768,57.25967076297781,0
18.24840874468217,grocery,20,24.41222726265749,2,0,3636,90.85730167747094,0
12.234700741141875,retail,16,7.506592913878126,2,1,780,21.69277249096101,0
168.6900269505507,online,2,128.0174746669213,3,1,77,22.603737063627587,1
43.69171812705191,online,16,6.083434823754628,2,0,932,31.25706043044377,0
71.19067590384127,grocery,18,11.44696889185946,1,0,2157,39.58446156989906,0
88.99905515659232,grocery,19,9.995132141421685,2,0,267,19.790530582104388,0
15.139417573868958,gas,18,19.548894041380702,0,0,1021,100.62653169390572,0
25.998120600417497,online,12,7.54361327259919,3,0,1521,69.45355512043987,0
33.67093378195865,gas,15,12.62915220643847,1,0,615,72.35605041689186,0
41.95088759103296,gas,13,4.070698650921366,2,0,2952,50.553120485488314,0
10.59308522542261,grocery,16,6.317545899405095,0,0,2490,40.18973175265966,0
158.80554174446758,grocery,4,25.510231578998514,2,0,41,44.61105304376301,1
12.768193583888015,travel,10,9.16865830664333,1,0,683,41.74811646190713,0
9.849342562200738,retail,17,15.080800092783402,0,0,3218,43.833240039179806,0
33.88579358785285,grocery,17,13.481692226316818,3,0,948,24.021544514137048,0
65.60291832704459,gas,15,17.075539499053903,0,0,1285,40.53202169974366,0
47.081777263890835,online,0,26.159709135466116,5,0,291,29.95185869979627,1
11.663034544541624,gas,9,23.041039718995282,2,0,2125,37.35630037764429,0
45.04625444236609,retail,9,104.27396994216235,4,1,229,40.32517664347254,1
15.494434407102686,retail,23,28.764993295171525,1,0,282,33.6084804805236,0
18.91401814714703,retail,10,20.17519636339155,1,0,1675,43.64447095594402,0
46.860543616792036,gas,0,65.29171663853725,4,1,240,17.867795164926545,1
16.515007863412546,grocery,16,3.3736499172128083,2,0,331,23.774129987599018,0
79.75994862948538,online,14,1.7982473141005357,0,0,195,23.958092817007252,0
44.56356953612002,online,17,20.1332900255873,1,0,1319,28.883979249878845,0
24.638536242673933,online,10,7.315873343735472,3,0,1980,34.151182798050655,0
60.501810903834965,travel,15,5.73605024459237,1,0,913,77.23118710659674,0
92.03159266471218,retail,6,37.01906335266116,0,1,1287,100.3709354977787,0
53.01918160692218,online,11,15.881056904432729,0,0,1564,47.63778758826768,0
53.22248760485112,retail,13,20.19747079743589,0,0,1199,43.87247302179027,0
51.29934094078596,gas,9,6.725275398251005,2,0,1477,72.63946202515163,0
47.068358654560704,grocery,13,14.728724250601772,2,0,2868,33.41735524295174,0
10.747478001320749,grocery,9,11.61390923836835,0,0,983,22.831553418945973,0
63.51787800728934,travel,12,9.026490514501841,1,0,910,47.52972237174876,0
121.84104659985132,online,8,6.892160745828153,0,0,2653,66.34470418516952,0
55.500239991425026,grocery,9,24.952532029426088,0,0,3464,13.068297030659794,0
71.6563163837987,retail,21,3.5479229677953423,3,0,2867,11.546136197335331,0
15.317452414940385,grocery,9,18.29604259495327,3,1,2855,108.86849490674086,0
10.618008414184823,travel,13,14.873910647118024,2,0,1187,25.89250431635791,0
12.119242571365772,online,9,2.1333003702873707,3,0,2417,25.399200938911555,0
36.68924028863474,online,12,8.215794549868782,1,0,2698,31.636395727008406,0
7.166201979358323,retail,14,26.795260164020075,1,0,3058,24.734467554396353,0
18.453535313648604,grocery,14,10.5259012803783,1,0,2561,47.53562253756339,0
90.43260710793315,online,13,17.048497499045325,1,0,3539,41.99264729655998,0
41.45088049069955,retail,16,6.709916556132131,0,0,3423,28.530388136671213,0
20.875640137690457,online,8,18.0584348597861,2,0,429,29.056740552805838,0
15.894891100959498,retail,5,30.58201911395579,1,0,421,27.981489186398722,0
49.976408658207994,online,16,5.546256817142696,1,0,2550,32.53464764778572,0
26.597189027257006,travel,16,11.732437907025647,0,0,597,31.240123834844766,0
38.82865548380119,online,14,11.712887858289069,1,0,2708,25.760792485753793,0
10.760135230630652,grocery,14,17.46316284155047,1,0,1900,34.7042366501193,0
29.84876424676328,grocery,11,2.0085089900352697,3,0,513,68.65540964040507,0
26.145546547294362,grocery,16,9.69949192507047,1,0,1251,37.5658100350406,0
26.22074745192291,online,5,14.446608220601018,1,0,3499,23.660702927867312,0
6.054994208680453,online,13,10.5263091891917,0,0,1632,18.67598343699898,0
16.111018427335008,travel,21,13.66033547203825,1,0,413,41.529569710309154,0
26.753843268546262,gas,17,0.8020683570568572,0,0,1763,33.75563085755212,0
10.479045718439485,gas,15,21.125148767599654,0,0,690,40.099489039644645,0
15.80659423321268,retail,19,20.7895455891641,1,0,2321,17.011332290167992,0
84.28683204672625,gas,17,2.0998163005840436,1,0,2855,113.62750397254364,0
57.34055573305019,grocery,11,4.145048261653747,1,0,3283,37.54616252783131,0
35.265605914072886,grocery,13,16.19218219256842,1,0,3367,36.818126732755616,0
31.213227007126203,retail,10,21.02379467140331,0,0,539,25.328605722770902,0
22.746709356211415,online,18,1.3241925353096526,1,0,2270,23.800190963370778,0
30.061385701413666,grocery,14,10.862080443620343,0,0,2021,42.57961490255511,0
57.1433130865791,grocery,13,7.414658674380123,1,0,944,29.36218702045603,0
57.33098155983076,gas,7,11.88834451059496,0,0,3543,23.34502763368469,0
49.922326926102706,travel,22,8.123367763046499,0,0,680,11.314384964450698,0
45.75223694283789,grocery,12,4.346345853015954,1,0,1179,71.2034030775406,0
28.358848247721703,gas,13,1.7232163231467617,1,0,570,27.966462861780442,0
9.152375035718645,online,15,1.670067140245548,0,1,3406,29.31344043524448,0
15.998421100699812,retail,15,17.965550034962895,0,0,201,21.518613226039196,0
21.356799416375388,retail,9,16.487310180925572,0,0,1072,47.185121852146,0
84.12266736923614,travel,0,63.205752355425304,3,0,313,69.23917592485718,1
15.261364461454946,online,14,26.108434357189598,0,0,1969,14.00265810911847,0
79.05972361722678,online,0,99.00471813353622,3,1,281,27.203834338473822,1
7.379883371490972,online,19,10.552681541794168,3,0,345,16.043676486658782,0
95.0191099259446,retail,13,7.40658511167487,1,0,3169,79.38185951426703,0
42.1501344342263,grocery,11,7.694751755911058,2,0,1141,32.50081140372447,0
18.07561747242203,grocery,18,15.99813302791348,1,0,1696,81.50755433169105,0
28.362629970610698,travel,15,11.8393947633435,2,0,3452,50.08552491593566,0
22.320415257799887,retail,16,12.008028345201172,2,0,3283,36.14111624029064,0
7.935186097566094,gas,12,1.6391373223144843,3,0,1539,47.5802304999633,0
24.855144067658458,travel,5,64.94435980913995,1,0,179,12.823909199108963,1
54.34341292032845,grocery,6,0.3160005577918401,2,0,3179,36.23460651748859,0
75.92906525935959,online,4,86.244701780847,2,0,244,37.56186869828729,1
25.174961888379165,retail,14,9.904021242978208,2,0,1977,49.04255323903254,0
63.59849267785104,gas,17,12.648311222537707,1,0,2377,26.326398892011454,0
25.6391884900138,grocery,13,7.7503712367778625,3,0,2391,49.917795150716174,0
22.5982855456317,online,14,21.065556122634746,0,0,3014,84.98585715269355,0
85.5040141300734,retail,9,10.248507411191452,2,0,1610,80.6247590728302,0
53.11842551390122,grocery,10,6.937460152106,0,0,3031,20.817648118814166,0
49.84718770245619,grocery,14,10.991254532168568,1,0,3577,14.933645476987998,0
32.399933437306544,travel,11,11.761514513641062,0,0,694,39.50444901663895,0
15.839584413169238,gas,15,5.778388704635154,0,0,942,67.13898693191686,0
55.76313572903796,travel,18,6.911979394804486,0,0,2851,51.46596656906305,0
17.224436377004032,retail,8,20.40500320844767,0,0,2586,14.361453582535876,0
30.489921667650076,gas,16,6.489200076174628,0,0,479,34.56867664739895,0
70.14938536469049,gas,8,11.048954597401174,2,0,3561,56.45457571217984,0
20.395439937608348,grocery,11,10.107363883107714,1,0,1858,16.508674887806443,0
9.159012062302923,grocery,16,17.599112545994338,0,0,2532,12.05897100693594,0
15.105630801741627,travel,21,17.39777444410737,2,0,3337,67.63222922499908,0
53.39849567038185,online,14,11.463316508962048,2,0,2731,26.2154652033155,0
112.83134478276492,grocery,14,3.3230771059279967,2,0,1787,38.99946693474257,0
33.38766261019457,retail,8,11.9189820182778,0,0,2253,91.54792394305662,0
113.34420526757611,online,14,9.553182538777513,2,0,2642,26.268461928726676,0
96.77225746969751,online,13,19.25265321275392,3,0,2496,13.526686256204865,0
40.08616760191328,travel,17,4.564440120658003,1,0,716,21.24569960955387,0
85.076605907026,grocery,14,2.237829392734092,2,1,1150,58.97309896661961,0
203.68084556591793,grocery,14,1.5574067312603237,4,0,2813,49.93009350029603,0
33.12944178982789,travel,13,20.88805363815819,0,0,1545,18.303967246081065,0
15.220978067611773,online,8,3.7514433036307757,1,0,209,25.885011139011553,0
69.47326748161643,gas,10,8.107700933051719,3,0,2946,22.788282280117016,0
64.30130159318095,retail,6,13.135050097964676,4,0,1763,19.843146677000504,0
28.646196055838374,travel,20,14.008720074470176,0,0,1842,41.1690488955604,0
95.71501692177505,online,0,24.435920803234303,2,0,364,48.160728577190056,1
46.14978952605175,online,16,8.562957018195878,1,0,747,31.843791856373365,0
21.18638157746693,retail,18,10.322461594641982,2,0,3564,51.70142077373265,0
31.67047116833335,grocery,9,6.191499537777064,0,0,3286,79.56682855152555,0
35.02428683757892,online,15,3.7615465940991974,1,0,572,28.688749466782888,0
15.638564829201224,travel,17,23.3171345757302,1,0,3180,23.82293202156242,0
8.481888424751117,retail,7,17.21673049270614,2,0,671,31.237052001935993,0
25.405185162671025,retail,19,13.89393201726448,0,0,2448,44.03542627444877,0
9.006675725842493,grocery,15,0.32912908303422483,2,0,403,68.5295085656596,0
28.009424932775147,retail,12,2.0218803362526767,2,0,2288,9.684456621643012,0
86.93903911365673,travel,16,4.3466471674148766,0,1,2698,30.705251879341642,0
38.34689671997931,retail,14,6.056653800405982,4,0,3308,41.30864663203843,0
21.568399209664268,retail,13,2.600593474245809,2,0,503,37.474728772974146,0
25.443028365771642,gas,17,19.585803145610296,0,0,1593,18.279613007257538,0
14.194774875185994,travel,14,15.421096815399105,2,0,2623,14.870300024386914,0
43.52801616796076,grocery,12,10.452085187724451,1,0,3108,54.59561311165296,0
34.69400740431041,online,20,4.95961254921327,1,0,2456,55.71084380698025,0
20.076497228443163,grocery,13,8.762802347513333,1,0,825,23.43509758544543,0
35.06673603351177,retail,9,13.84050894323283,0,0,2033,37.09072361159854,0
60.407284302114256,grocery,21,7.296258399419511,1,0,358,18.829203308080533,0
285.0540913105407,online,3,60.68348611086434,6,0,214,16.050010063521643,1
8.109274534023841,gas,11,2.6739596709315157,2,0,1611,10.039727569379902,0
174.40817525679728,gas,12,15.557352992948676,1,0,899,20.646290187767274,0
49.95031246995582,grocery,15,5.5296034235012765,1,0,3481,36.117665249910544,0
108.19718085322802,retail,15,15.928135610691594,0,0,1884,28.1809734553273,0
27.061639224202196,grocery,13,10.578306776998955,0,0,1858,37.645056214383054,0
217.5233168091074,travel,8,88.0118625918916,8,1,46,31.292903643546097,1
41.15161075088132,retail,8,2.5551167629974696,2,0,890,48.62126854732613,0
12.287632689053806,grocery,14,3.7254322375979543,2,0,1252,53.93984652344915,0
15.089665192673289,retail,9,14.563888688637526,1,0,1746,34.75378861553222,0
70.28911499843339,gas,13,3.484777432054475,0,0,1100,26.10767173384807,0
24.879487325033445,grocery,13,2.8611304841855745,2,0,2330,38.28027103049978,0
37.65475288183693,grocery,8,3.25361350972038,0,0,2823,27.062157063637414,0
6.8477281876695475,grocery,15,4.710903102472221,1,0,3224,116.72888675405123,0
21.875861741853953,retail,21,8.904083378448462,2,0,619,66.14505898154749,0
89.00115044576908,gas,13,5.820682172979926,0,0,1402,17.23495554407756,0
103.09824861269819,grocery,15,1.7511515736458936,2,0,2496,17.388341157683655,0
106.96685446708948,retail,13,3.7588489488978256,2,0,1901,68.77345514491081,0
20.399442421770974,grocery,14,6.408732901495949,1,0,1616,26.566882288864715,0
109.30595263846291,retail,15,7.857875850201241,2,0,2611,41.76314573290267,0
78.93534186568263,grocery,8,10.367687488391471,2,0,1405,24.763121787077672,0
121.60366784663815,retail,8,10.599100674972462,1,0,2298,39.97722925616527,0
48.14197883813408,grocery,15,23.70169129021018,3,0,185,49.89326468404782,0
19.646531653599656,grocery,12,13.468499681535034,4,0,2324,32.37044008533587,0
38.28818243988917,online,13,12.69369836336489,1,0,2590,35.99122392233109,0
76.3500511538007,grocery,11,0.9295867013513419,0,0,751,17.218278418409003,0
68.92797644234788,online,18,11.733512779981385,2,0,1675,27.32752443124588,0
147.32184406591412,travel,17,13.484370551938913,1,0,2367,38.90738718466473,0
57.025505140792994,online,8,19.499417213456,0,0,1854,24.27163237955636,0
52.83334620414488,grocery,14,14.13117334229263,2,0,2678,76.03922544478425,0
133.49216553595852,grocery,4,51.37180669113992,3,1,181,29.668878877729377,1
3.199260256392025,retail,13,5.224223776791076,1,0,2387,62.052014862515335,0
11.348838004422502,retail,9,18.450307869968984,0,0,1640,11.712674450276467,0
67.23441109897024,online,6,0.5714177218386105,3,0,849,32.625539237761984,0
23.714971299801544,travel,18,2.0486325665968517,1,1,1349,54.01675664643324,0
14.947147819229613,retail,18,1.5168650463906168,1,0,1188,17.60663355604423,0
29.74872478376478,travel,13,0.2049018131363649,1,0,2590,22.304752194068374,0
33.531814246113186,online,16,7.7651980235446265,1,0,2946,32.442352172157214,0
21.265383347964523,gas,10,11.870920808073976,2,0,2146,28.45176006986316,0
62.32094199129879,retail,10,7.453591887165327,1,0,1426,45.770170380071065,0
35.637862327934165,grocery,15,9.08090958954429,0,0,2943,19.7432233099222,0
124.79824695925855,online,8,88.69423176447883,4,0,145,51.09567066104458,1
32.44533727186627,travel,8,4.520102566850019,5,0,909,41.51624051019499,0
11.15753536592552,retail,15,6.004390456918292,0,0,2798,25.50914998065226,0
67.17064468799596,grocery,21,17.92568677299268,1,0,1466,80.84157524782283,0
52.333984190882354,grocery,4,0.9557101972484645,1,0,3439,55.22284157466569,0
78.68191891981718,travel,13,6.316861338746759,0,0,1082,35.71867937558042,0
16.915367465835498,retail,12,24.461046445365486,1,0,1801,12.723421791606091,0
19.038696085143176,gas,17,7.8926109190439675,1,0,731,19.562816413554724,0
5.823283996578896,retail,10,13.362148232452492,4,0,1663,29.272794437070335,0
38.706981613805716,retail,11,14.1697263295098,1,0,1210,21.458567173372234,0
80.04920480089773,gas,12,23.183020846269386,1,0,1448,60.09193038819487,0
49.43583568628426,grocery,17,14.733344397545048,3,0,1407,24.822570287742277,0
27.323296268619146,grocery,14,15.175236186052524,2,1,405,33.74641298011058,0
18.96476047575262,online,9,21.065085174225217,4,0,407,70.29220164534294,0
64.76676717463914,gas,19,0.49973842758839915,0,0,2930,17.129167024011945,0
36.3742790966703,online,16,6.8013861257077854,0,0,2213,28.687825938333294,0
722.115567969836,grocery,12,5.645630829485665,1,0,2042,44.275597541290985,0
17.990074284184082,retail,12,2.313763534040878,0,0,2748,78.30034806814282,0
19.72657192342119,retail,6,9.183548874969215,2,0,1163,29.806038858254276,0
140.4218900590881,online,5,26.929751978222647,2,1,332,112.82215009963305,1
21.624768082904517,grocery,15,18.35220103553904,1,0,814,32.08853253859801,0
145.09168610957147,grocery,16,12.686778117760554,1,0,1598,59.01393670994869,0
40.78267957343671,travel,18,14.02585907625997,1,0,813,90.80771593900006,0
38.447254866947404,grocery,10,4.519070635851248,1,0,298,90.22885757504582,0
17.3278872610033,grocery,20,14.18016613153912,2,0,1812,27.37798921397182,0
94.98244203851526,online,12,11.52178577475915,2,0,3579,19.15693635844365,0
65.70132123819656,retail,16,24.6604899228481,3,0,1756,26.46594088674792,0
49.44571177726658,travel,12,12.346275432038816,1,0,2135,17.68790782994985,0
33.63924280745879,online,23,13.673633452796235,0,0,2586,18.58081065962496,0
10.687003771798373,retail,7,4.743495249981406,0,0,1520,37.878714097112734,0
38.96917342946905,retail,6,9.739968855538486,2,0,2850,25.617982281645244,0
41.39736455098663,grocery,7,11.060781376208807,0,0,3246,56.57118917277374,0
22.342217318258715,gas,11,11.472955186625358,0,0,2764,17.2901212940473,0
20.48773671810184,retail,20,0.6614275282016298,2,0,449,18.911685566292086,0
27.749800776356288,online,20,7.069266582897939,0,0,1526,36.87663713094171,0
50.04600236239331,gas,13,14.381911829900485,1,0,636,19.236318036875772,0
30.855333879525087,travel,8,18.198192898253822,1,0,3423,13.747981294623349,0
23.839612065306476,online,14,4.384341613639026,0,0,2720,41.54014254175537,0
126.61485612953796,grocery,8,13.837002556412584,1,0,1724,22.279826505586225,0
19.19044697066682,online,12,9.609874785255078,0,0,2578,12.484142224089213,0
16.79795398939886,gas,7,1.9978358177856936,0,0,2964,68.31980611806364,0
116.57016960925951,online,0,76.95770684292533,4,0,132,27.23042181502536,1
40.389767332659375,gas,19,11.69503343063107,2,0,3382,38.60301260007972,0
57.767723690756135,online,12,7.063819082226864,0,0,1917,209.2926267623786,0
651.4493598126753,online,0,10.873723332858889,6,0,358,35.638681420148814,1
27.66554229840144,grocery,13,12.691998310567207,2,0,2451,59.111239175113695,0
14.77806921934857,retail,2,30.83845192232138,4,1,65,14.119297230783758,1
10.740167063556907,retail,16,1.9778591558733858,1,0,3628,43.759780571364544,0
89.11703516668817,retail,13,6.521642453022264,3,0,1136,35.12050750429821,0
20.97650422670935,travel,18,17.18124617319795,0,0,3630,27.737838956292507,0
15.612879317889568,grocery,17,0.027213746360148505,0,0,511,17.789903164268065,0
49.71310622267263,travel,17,21.31015718633007,1,0,2617,57.953144869955516,0
74.14413372769013,grocery,13,17.27970032688447,0,0,1791,18.875151032771694,0
42.05601106810617,retail,19,5.403185134532872,2,0,3382,25.430976897768886,0
4.123197335516159,grocery,10,12.333861803026473,0,0,3039,96.90843526922727,0
65.11314031140901,grocery,16,22.807263935111322,0,0,612,17.56994734190554,0
29.351094319669436,grocery,19,1.3843636729764288,0,0,1302,58.888147782998445,0
43.188932247672405,online,12,20.438678106554637,2,0,3350,26.647227423522544,0
52.75303222633453,online,16,4.55878107398544,0,0,2271,32.0752035208557,0
17.88605600525132,online,13,22.88234384386297,0,0,2821,22.643716395276787,0
44.06264576778381,online,19,17.31261731379227,2,0,1835,49.86462541011216,0
64.3456062800914,grocery,10,2.9443138858626074,1,0,928,19.762312308056522,0
29.312795608938846,grocery,19,2.23819264087469,0,0,3098,15.467811293867078,0
24.73051277772059,grocery,14,18.887289157875465,1,0,1016,27.65637344353577,0
24.200901585423875,grocery,23,1.1358662943766085,3,0,2514,48.29025892103592,0
171.56560054813443,grocery,3,17.801604333478128,2,0,2430,18.054700774730414,0
10.371477059871737,retail,12,7.323169163757635,1,0,2496,40.32846258203205,0
98.97875647279322,online,16,13.063373680458104,2,0,2747,19.765321248550098,0
19.658918710847946,online,15,11.220207063180933,1,0,3049,31.611037844786892,0
21.322351248629424,travel,14,19.337741866434982,1,0,1011,27.674806323574682,0
94.01667821047057,grocery,14,11.258772541384621,2,0,204,34.6573294614472,0
13.899871267374026,gas,7,16.188380920856144,0,0,1616,28.91858694621521,0
6.868286988562476,travel,14,20.684563644294055,3,0,2871,14.162680144210034,0
14.156261414695892,grocery,23,6.5788414535679856,3,0,3268,36.899047698678956,0
36.1200374229557,gas,9,12.94798069471231,0,0,2576,29.103036962752874,0
47.160303899375755,retail,23,10.508335236487499,0,0,1912,19.691343652041525,0
134.86478365644575,retail,15,6.512788247276536,3,0,2369,35.401750006428045,0
37.99564211002408,grocery,14,19.510449929545253,2,0,1923,21.287669231636293,0
39.16280844276934,retail,12,2.6992944145789872,0,0,3027,82.21303663482762,0
75.76645386541215,online,0,50.94572341239433,5,1,73,37.06460939854422,1
23.228365879582743,online,12,25.388107900827634,1,0,2782,28.290561829129054,0
22.4191391579839,travel,19,4.239000865665339,0,0,888,28.947774744099085,0
37.4079742759233,grocery,16,6.85819009259346,0,0,375,55.86830520972796,0
10.647311443370853,grocery,15,5.832149547917698,3,0,540,23.72691602694901,0
26.822509109068363,grocery,13,13.583445862183575,0,0,575,70.52543433284228,0
33.60701091379183,grocery,14,11.902636326066688,4,0,455,17.512422602720648,0
65.7676251702807,retail,17,17.05917671831984,3,0,2467,33.13180938696677,0
71.87410108719104,grocery,15,16.282764824082264,1,0,2801,25.636697418703903,0
15.794476639739205,retail,18,10.180003105963516,2,0,2908,22.421160351340955,0
15.879846520416795,grocery,17,0.6109568596256203,4,0,1816,96.62844832444458,0
60.77283350876076,retail,13,18.49733958070928,2,0,1078,107.67801919472564,0
28.46580912842239,online,11,3.310441194366633,1,0,3407,40.639590581355016,0
11.415974393703745,retail,14,4.983611082418073,3,0,1669,32.318116358184795,0
55.02442485072079,gas,13,8.265383598222853,2,0,3477,28.580805275437413,0
12.721500952638431,gas,12,9.720467996330937,3,0,2668,24.478459962252085,0
13.44471409714945,grocery,15,15.485251140109687,2,0,3249,19.717225639172625,0
46.32241434751568,retail,19,8.000850113503631,0,0,2796,10.532958868276953,0
12.17164588341501,grocery,14,5.0714302773094095,0,0,683,21.858657068375532,0
350.47015050830606,gas,17,7.277276136936777,1,0,1524,47.762677100336774,0
18.63878496772703,retail,11,9.293013699788832,1,0,3231,47.9047949306886,0
14.15524430210144,online,17,13.261517894697416,1,1,2852,29.393707825082167,0
22.57696266303358,grocery,7,5.306443289905018,1,0,2567,36.041265840438165,0
14.647483252197238,gas,15,5.477200379991245,0,0,2287,27.246738447454383,0
27.46147498141826,retail,21,4.428311281706493,3,0,1460,17.855621030321306,0
12.402694506178936,gas,11,3.4698605409123893,1,0,1482,38.7732573771886,0
17.517130967876312,retail,13,13.248752150789336,1,0,2477,32.39187764533985,0
20.455061371826137,online,15,8.703503183705408,1,0,1444,55.0557292556351,0
151.91319491947004,grocery,15,13.119564795067493,0,0,1390,54.1707624725899,0
26.493337457388932,gas,13,7.441341886975366,1,0,762,65.79592596133797,0
37.95240891698067,gas,3,10.851951842320736,0,0,2012,36.74647975634754,0
32.75087905596702,retail,13,12.524183527362027,0,0,1634,40.31110000247788,0
49.562634464196925,gas,7,17.16636974588743,2,0,2703,33.80052905354126,0
116.97527922650124,retail,17,4.694683278990538,1,1,1493,28.519993379584868,0
98.62377358731116,travel,19,8.582655079081905,1,0,2984,26.86474579877958,0
87.39850349074244,retail,13,19.65228578763442,0,0,2399,35.19348553577639,0
75.6439121779948,retail,23,6.577080928771895,0,0,703,15.592108489180053,0
6.9051250785439855,travel,14,3.7256665491050374,1,0,1454,43.30121095812274,0
23.174516620340956,gas,10,24.10383722029919,1,0,2549,22.832123066883014,0
28.087157834100147,grocery,8,1.449506665886016,0,0,348,30.275385315995113,0
31.875284058765153,grocery,10,15.14284395170358,1,0,3009,11.88911155382188,0
9.324928011890796,online,9,0.7440283546850885,0,0,2119,17.134793108266255,0
41.61427510164754,grocery,15,9.668071163380967,1,1,934,23.906670922502258,0
112.4799227338781,gas,20,21.391630764329335,5,0,3266,9.07137546587965,0
17.658344212766302,online,15,6.067644689544764,1,0,2635,29.84753324047777,0
38.76388401142412,retail,17,5.96697061078669,1,0,2379,28.379305899468495,0
18.771431559942823,travel,17,0.7013934887014734,2,0,2637,43.937316620037684,0
18.119905194581065,gas,10,5.456521268159676,1,0,1933,17.71886071833755,0
4.166874216185404,retail,12,4.319876456867584,1,0,1671,22.857079861765765,0
72.68629026310226,grocery,19,2.8376400783824973,0,0,3609,42.96545837282172,0
14.045313626319391,grocery,16,2.2052992742947364,4,0,3542,38.44811744132614,0
95.88472182870312,online,10,5.1959469166882934,2,0,3374,42.5067253573597,0
118.97551747058573,travel,13,0.22108308010208688,0,0,2342,80.01927651124223,0
14.736339230734666,grocery,5,10.13099393545035,0,0,2512,38.778647841404855,0
10.75688897980495,retail,16,7.039820273302046,0,0,564,45.02976465318286,0
28.947531860443014,travel,15,14.843236038101974,1,0,1287,65.99595746976249,0
45.18941525429279,retail,11,10.551249064967777,2,1,2023,120.88300465519553,0
56.959511853051616,grocery,14,10.774039347510403,2,0,2115,16.91618364818633,0
82.6821083463744,grocery,14,11.61599208605857,2,1,1708,40.86450266264286,0
54.5597184769379,online,14,1.8132577881444263,1,0,1292,127.98813909356899,0
31.071372193304796,travel,16,19.195898912082946,1,0,251,37.87762987967449,0
77.73765432784998,online,20,15.652043708378022,2,0,2350,18.426812722828643,0
46.60722115328235,retail,17,12.682538051178462,1,0,876,39.193373506312355,0
38.17423458525324,gas,15,12.220126871055122,2,0,1828,56.512965125897225,0
55.99390731708684,online,11,4.568157228294943,1,0,2075,46.76978933346884,0
48.18363327868611,retail,8,19.56141929209133,1,0,734,13.549053770701724,0
30.424290426782814,travel,15,9.832631700935385,3,0,1141,56.02936061184004,0
386.748236705578,grocery,0,97.37112642644828,6,0,85,63.813405616882164,1
28.544743931167563,retail,11,15.717853820141599,0,0,842,56.086552542411624,0
21.654265070614834,retail,17,6.608791421339232,0,0,1252,53.93660746730672,0
58.82392033308878,grocery,4,1.068393158527618,2,0,924,53.19147501437523,0
49.69568707113299,travel,2,108.26345235025865,8,1,71,34.56714104191874,1
32.11082576094687,retail,9,23.33330607382019,2,0,3253,16.4064334486269,0
26.49165176791108,online,15,22.93217323610999,6,0,2594,9.792383152437004,0
46.96444571953837,grocery,11,13.913044453194301,3,0,975,51.134697633721466,0
62.034050153628904,retail,12,24.25347829173481,1,0,539,59.04077127947505,0
31.89545543842284,retail,8,10.166776052581877,2,0,3609,38.82000800361184,0
54.01928060468851,gas,14,27.678845325987712,3,0,1292,24.506614038812742,0
47.23124021038406,retail,16,20.693244387674955,4,0,3430,67.04004982500358,0
22.427764837525928,travel,12,27.67684460833902,0,0,3335,26.245329711299043,0
15.169720939155974,grocery,16,9.723486081249574,1,0,2012,56.58658738245051,0
17.84454511531576,travel,18,1.7631122312847953,3,0,549,25.186283193862774,0
92.87946497350269,travel,2,73.4724258095632,5,0,294,29.27877334589633,1
63.753374438346626,retail,17,8.929765019830082,2,1,1081,39.94660893443247,0
54.852586837602,travel,14,8.388640799384213,1,1,2280,27.407349644780915,0
209.0237426526002,grocery,0,74.92532879848453,5,0,20,15.490754016572321,1
34.03270363699736,travel,17,2.279635355390563,2,0,3107,70.1269866500815,0
18.124519747917105,gas,5,7.5223135055474195,1,0,2092,39.66831186288367,0
30.296104834082936,retail,6,11.978171616870046,0,1,1806,26.70177685454205,0
17.98199746623844,retail,10,19.23998048433294,0,0,2229,50.71119653398051,0
30.075024269824382,gas,20,22.147376245217437,1,0,1352,30.23978887063836,0
21.11590566074777,grocery,6,7.372997924665581,1,0,3208,40.77705668171829,0
43.80903259074869,travel,6,23.42543937699896,1,0,1344,32.071309368660486,0
49.74848538327882,retail,8,19.218789111695408,0,0,1513,111.8264247387324,0
42.64562824970793,online,9,4.287666049780361,1,0,2688,22.450722867766228,0
46.713505401212856,online,9,18.57344299112472,0,0,858,48.149392243970915,0
23.65064920418247,online,19,12.456024480042894,2,1,2674,25.941256341968227,0
42.8855170635069,grocery,11,7.014667902394123,1,0,1575,24.027464361390596,0
6.818413000593981,online,19,5.40782254756081,0,0,761,33.385811934232386,0
28.422406345138747,grocery,12,11.907991405384433,2,0,1724,26.090378294426923,0
120.274484624993,travel,12,6.338523506567377,0,0,214,26.498075311066273,0
21.579363213955702,online,10,14.855540867093103,2,1,3007,34.68650422788619,0
77.33664659637779,grocery,14,23.39416612856904,0,0,738,31.917190217352175,0
31.983445478716497,retail,15,15.166381132829692,1,0,325,52.32505551358733,0
39.6561616744502,grocery,18,17.684905860027882,3,0,2985,60.89947354270792,0
32.480617112668725,retail,9,17.135021076562197,0,0,2111,20.49897533936139,0
20.484349333196786,online,6,5.894982029085735,1,0,571,36.634230808505286,0
8.878929539947743,online,5,7.254467450506304,2,0,3536,26.898292030486534,0
58.393407960293224,gas,20,3.8751107437584977,0,0,1468,23.34389152150692,0
166.8678592380071,online,3,29.929384535443067,3,0,117,22.019573337565443,1
6.06488803141204,gas,6,16.857267107386306,0,0,954,26.110270135967134,0
30.215895404105282,retail,12,10.699131431360973,1,0,1658,26.55118701229354,0
38.301651066632225,grocery,14,7.408729174272628,0,0,3025,24.043511001823628,0
31.92952680693826,travel,17,7.581844863339788,1,0,3468,43.95755570190755,0
9.532401324182045,online,23,7.623306825645749,0,0,2422,35.4610463806369,0
6.479311519908768,grocery,11,9.525632118200676,0,0,2065,24.679658872638026,0
20.66637936206179,travel,17,18.44881001335991,0,0,461,52.558733918601824,0
61.89616960608528,gas,18,7.8629001124659625,1,0,2211,10.892488996455674,0
176.60397926287553,retail,16,8.43652122781789,0,0,2223,25.952464787288946,0
25.459914105018605,grocery,14,4.17517345797155,3,0,2215,19.159989958056826,0
233.1779567846553,online,8,13.584626728103133,1,0,1837,41.17298089495728,0
40.14920115135036,grocery,14,11.359796317994155,2,0,2033,35.0889800689746,0
55.598200213985756,gas,13,13.292525753314255,4,0,436,42.49483022407503,0
39.98449070242299,grocery,7,4.92580226546149,2,0,3402,17.079885244460034,0
67.50475235566137,gas,19,12.87078458143135,0,0,1324,35.55218270792232,0
21.09466906804384,retail,11,20.995879851420476,2,0,800,29.325572458086185,0
34.60323894466369,retail,10,8.033213460448133,1,0,3018,72.35188902961087,0
211.9720661945334,online,4,78.32024595085596,3,0,159,36.99225368505944,1
9.790871540974745,retail,14,3.220208875479483,3,0,1779,21.932826511928482,0
12.20411822772207,retail,10,2.4754862330098035,1,0,2750,43.053059861252656,0
66.54354260313565,retail,12,3.3976643133530846,2,0,1014,26.597231000859583,0
98.349442537636,travel,18,22.713178413091658,1,0,1013,29.800950675092906,0
16.769866860101626,retail,8,24.443334771358245,2,0,3096,25.184789129376057,0
10.499317752042023,gas,10,2.1738748058700796,1,0,2744,44.68774064323238,0
42.98737284468095,grocery,7,14.074362589136065,0,0,3196,30.008067095417786,0
28.224349964008166,online,0,69.22584733306826,4,1,23,13.122399375228134,1
12.67666465213305,online,11,14.459268454809486,0,0,1741,83.54511814607248,0
25.61058614006884,travel,13,9.972153211414385,0,0,353,65.35267108367559,0
52.522705953152254,grocery,15,5.600601340285235,3,0,3360,43.213454279583,0
24.989680152536174,online,15,1.8240180424334742,1,0,3527,16.31448937168272,0
13.01075546659413,grocery,17,17.33254091022161,2,0,3286,17.02584278626074,0
55.72116595973518,retail,19,23.48561403227977,1,0,218,58.24559085366208,0
17.689787002346364,grocery,16,9.929291265211681,0,0,419,30.87837277509169,0
14.387567566124916,grocery,12,4.332095187767271,1,1,3149,9.768624873537814,0
172.73648094887741,online,1,68.79770715262138,5,0,171,26.188906611841983,1
43.87460607469047,online,0,146.92830042556983,1,0,150,18.579245210301107,1
51.73594745879764,grocery,11,11.605908326067116,1,0,1528,56.5183134808437,0
12.076879462947616,online,7,9.433305216671279,3,0,1848,62.971678677781796,0
92.03247073202519,retail,17,17.64563176891094,1,0,2334,25.538210904738914,0
17.50495170757002,retail,9,2.122930503856354,0,1,193,21.608623403115185,0
42.76951349723382,grocery,11,5.7487087908926,2,0,2309,61.73378014078755,0
125.50926186502168,grocery,13,1.0070251291138135,3,0,2505,62.15489018326604,0
27.82277799136602,grocery,16,5.042307284550278,0,0,1870,31.423857093319445,0
45.862226661150515,retail,10,11.815455550401984,1,0,977,12.176445848206521,0
84.38895029507104,online,11,9.84702256117034,3,1,1248,48.02391503951513,0
46.41100479364893,online,21,21.92110017679873,0,0,1863,35.347221139154485,0
33.68380848076812,grocery,3,22.11424588576387,1,0,2668,26.076983916351068,0
30.241628324361695,travel,0,39.49090946348431,7,1,351,37.345245470436495,1
21.11893384219592,retail,14,27.272969236826334,1,0,416,37.68248152795585,0
8.017078072921946,retail,15,7.094595530137471,5,0,548,19.68468360025506,0
8.430577591633979,gas,10,23.311890238464798,1,0,1754,21.638219905876415,0
50.93940877791781,online,10,9.766618406187515,1,0,387,43.69899172778669,0
42.48057611004667,gas,8,13.464511573930553,0,0,2385,38.796879956165185,0
46.54250818049934,retail,15,9.008861094118393,1,0,2262,67.47242269437102,0
94.46666272808845,grocery,11,10.914470024473982,0,0,2250,47.417652294718735,0
3.327396709639499,gas,15,6.518014423958654,1,0,1705,83.11517201843355,0
48.37125157128421,online,10,6.02375447467273,2,0,1068,29.781035227593478,0
30.565647230977582,retail,10,6.538723892827264,1,0,1550,51.606529814241355,0
27.563361383989985,grocery,9,2.440730218519464,4,0,1648,36.980310013953634,0
45.666700483719815,online,19,16.384728389292494,0,0,1953,41.62292302700735,0
21.908096789067,retail,22,19.398094401864306,3,0,3009,15.953357636785958,0
14.059326755389625,retail,12,7.332109752242439,2,0,1961,24.760983751694862,0
13.109121015378292,retail,10,7.5989697053744,1,1,2499,44.183003265413845,0
62.82340029184214,online,10,15.25518965055718,1,0,2119,48.95598634625643,0
9.259082976833163,retail,9,8.4553434079471,1,0,2335,39.21317348472369,0
51.47973838468174,grocery,21,15.423759767172228,1,0,1861,39.576881445156005,0
25.58851516949117,travel,15,0.6253495962197988,1,0,1541,30.139056438779768,0
85.59477524678972,grocery,8,3.6953899687706304,1,0,900,24.631502637991904,0
31.241172924788778,grocery,14,12.249693460672521,2,0,958,35.108745769187856,0
39.61101433752871,grocery,9,15.676795835068532,0,0,2220,75.81689850456276,0
67.12038658269833,retail,13,6.556578409594273,1,0,3447,25.038579763852695,0
26.45539053557366,retail,17,15.833895594486023,2,0,302,21.99132260016825,0
69.03773815041336,travel,12,14.844109208993322,1,0,2668,25.502634843464357,0
33.99582069512832,retail,5,11.109080228243608,0,0,1002,37.055792946551406,0
6.1717275700923535,travel,20,2.9068866463632155,1,0,1827,33.47863671066421,0
234.2998215055744,online,17,7.180370146898065,3,0,3155,21.425003751146303,0
7.439254977079195,online,7,4.1416036021032925,3,0,3430,37.218750754480105,0
125.95486184979634,travel,16,6.884771507796987,0,0,2657,52.324730218562266,0
20.5015395154033,online,22,0.641810045130704,2,0,1831,37.83809147601629,0
14.860459965644166,retail,12,2.091767937072796,1,0,3412,46.87748771007054,0
47.08768773939072,retail,18,7.792834228478609,0,0,457,34.00393531084885,0
49.3234009630695,travel,11,3.1921993545474807,0,0,2233,34.590300032536156,0
14.038528415705755,online,12,10.924773909439264,2,0,1941,21.68792241763424,0
53.80564822806767,grocery,15,16.392544585138396,0,0,2377,72.79321886348538,0
43.247078598004975,grocery,8,15.679461985177898,0,0,2900,30.073857503489638,0
132.42441099576462,grocery,16,15.49419256402684,1,0,1127,52.76713917020513,0
33.60742909181367,online,9,13.079731328381074,3,0,2070,20.754584563306206,0
117.17373132687247,travel,16,10.419659095115552,2,0,2896,57.76272773553814,0
120.57844676045758,gas,22,18.123138629401787,0,1,387,27.12126900890913,0
24.53604728455801,gas,16,4.524476783310542,1,0,1933,25.001232794948358,0
40.964366691233266,online,19,5.018625867580937,2,0,3423,87.31052923074472,0
17.697039507569507,grocery,16,12.872440747842933,0,0,3101,10.850627254665069,0
40.54985442044777,grocery,9,10.258118486170023,0,0,288,21.897598441502456,0
34.62513729959677,retail,12,4.236359434599529,1,0,1006,29.469002169534654,0
72.24736001456805,grocery,17,29.67897588023504,2,0,1604,38.35032246704549,0
16.139477073754733,online,14,11.201085231649625,1,0,190,20.407000114325506,0
67.36491549007157,retail,16,17.95502984793637,1,0,2425,22.71351093114105,0
153.12048315389302,online,9,0.9709238849663429,1,0,815,38.915029109476826,0
14.094119628009285,retail,12,9.943496763593362,2,0,1432,14.164710695201318,0
54.4703214202073,online,14,12.188916649325641,0,0,2864,54.90423102485754,0
39.20537966616376,grocery,12,14.502835843657046,0,0,1780,47.989733442482,0
76.52968020230013,grocery,11,20.95275666210281,2,0,2096,7.739070271997378,0
44.43908763935429,grocery,15,21.472008029843686,1,0,2075,27.303784529894962,0
19.747327231231377,online,19,11.442440410700025,0,0,729,40.26226222818797,0
5.487586453011512,online,16,0.6245285662144422,4,0,3517,67.56426036107817,0
18.21473089760725,retail,15,1.8019939993888787,1,0,2411,60.171761350792835,0
18.054127786916357,travel,12,6.674652970742404,5,0,3566,27.901597032431997,0
5.00108081246087,online,11,3.614351389134767,1,0,3277,63.363195458820314,0
134.87933428775935,travel,16,18.548396467642398,0,0,1977,23.52387449224981,0
66.42371753860333,online,9,3.9562631088484324,3,0,846,13.209727282446142,0
27.749680326863437,grocery,18,3.647672759125882,1,0,816,21.249401837342727,0
32.5541925754476,retail,11,11.404592679406575,0,0,463,18.318309919384895,0
46.110434899701495,travel,16,9.488977337349226,1,0,1393,57.29176843810429,0
19.628585136149983,grocery,11,3.773531575947973,0,1,539,78.90487412460192,0
179.96784440404315,travel,0,70.71630123909264,6,1,348,15.233265179731083,1
57.672654144270325,retail,21,2.0114369081404835,2,0,3399,25.336068385252826,0
35.542370110375884,online,8,8.611644659508901,1,0,1137,45.20365286203059,0
80.36238780777676,online,8,20.226247579675892,2,0,3019,85.89634753005554,0
19.82244187372049,online,15,4.355696421772313,3,0,1572,26.014772871486137,0
46.07844008167845,retail,11,7.466563632526004,0,0,3320,23.66339556613427,0
60.77480893539508,online,10,1.712304571146884,0,0,802,19.610585503864524,0
426.0198980754728,travel,14,15.871603826913908,1,0,2997,18.40276960600891,0
17.63301502416213,grocery,19,14.445937424343139,1,1,1227,28.796050768572492,0
29.95321283202788,retail,10,5.744547933663261,5,1,3456,10.993757169641684,0
30.68054076522047,retail,19,8.546131699072752,1,0,496,32.68611865622887,0
46.95773037503195,online,14,16.56114875298448,1,0,2583,37.683969116086566,0
36.04310424994612,retail,23,15.894106761343176,0,0,3476,28.932832638340567,0
12.894078398127345,online,17,11.479700698736693,1,0,2322,53.2410480812065,0
44.43312866777912,retail,20,7.85681012673201,2,0,2334,9.893163323125577,0
41.002794080836686,grocery,20,11.306677445420307,4,0,3261,83.71689341678814,0
83.81914398473278,retail,7,19.184726931179462,1,0,1135,22.70698341391323,0
25.884149068811826,travel,7,4.2569206558786306,0,0,2341,32.82891341148507,0
15.101484936655165,travel,19,21.8838189541804,1,0,1622,30.908832345068742,0
120.75576805640927,retail,13,0.2166764986489511,3,0,2014,17.145012363840088,0
24.284511299733616,gas,16,9.762489677712173,0,0,2294,14.255252157318875,0
23.652852997067647,online,11,17.567436682163027,0,0,1669,23.720686868372336,0
21.30733600794437,retail,11,10.636636372452486,1,0,1603,68.80236423275709,0
8.894640915732301,online,12,0.8875079390691916,0,0,3437,27.40150017911891,0
17.2420604202105,grocery,15,0.15186061803598783,1,0,2819,33.935292482037454,0
38.078973390073614,grocery,17,10.670980014087469,4,0,732,61.74217390868289,0
62.476530638804185,grocery,10,16.580583369603843,0,0,3582,60.31265022375178,0
52.75603443972177,retail,22,12.07144342580552,2,0,2696,46.62338333419173,0
14.641409189494754,online,0,137.3721661032262,2,1,234,30.11677832737101,1
58.89795402982872,grocery,14,11.809904709339373,3,0,213,47.641468430826855,0
11.28306874826318,retail,16,5.9867597371570085,0,0,2358,37.01295255986132,0
27.198178645462335,online,14,22.463243458546856,2,0,1705,30.42467675808351,0
49.61911424474165,retail,6,5.665814111907185,1,0,594,46.14609579262624,0
50.24434195572122,grocery,14,17.763907676907042,1,0,3601,38.18411725903042,0
29.903056632936718,retail,17,18.618349384125544,1,0,1098,26.82860382384003,0
57.91999930985814,online,15,18.33752461586414,3,0,2056,25.736817601607388,0
13.604850443036005,retail,12,20.179866646790074,1,1,500,70.73617726659171,0
174.0366894334698,travel,13,12.57267632298205,0,0,2058,37.42101225573767,0
19.023448004638627,online,7,2.1036305685094776,0,0,3422,12.068999477709692,0
21.41442436151888,online,18,16.241613769488602,4,0,2993,25.098665236840944,0
32.179807794190275,grocery,17,6.98090786030232,3,0,2828,46.54465175244706,0
16.045270918070205,online,17,8.908622797779072,2,0,2381,69.09009906464777,0
31.024644158569757,online,16,13.220129677882571,3,0,3614,57.07246474106411,0
35.46512180363938,gas,15,10.597486741095086,0,0,2823,69.78824305656016,0
159.05508254179307,online,7,69.22156364801992,2,0,234,27.30938596362656,1
15.418493221731467,grocery,12,3.049859643416722,0,0,1871,22.04805405104879,0
177.64326876760404,retail,12,1.9455184976714506,3,0,3248,26.661655616390718,0
37.06632952390716,grocery,15,4.866331905800859,0,0,2227,29.49614170746025,0
21.96453587116461,online,19,3.455750271883284,2,0,2462,38.4986796734385,0
30.99591592111258,online,10,16.25086495845212,2,0,2972,13.435677552668285,0
48.01477323661532,online,3,52.52306338162579,1,0,38,41.85364799525164,1
21.29587694425801,grocery,12,7.7452412048232,2,0,1704,34.776020280433045,0
41.46928941420472,online,15,7.411880425724343,0,0,2778,32.970039480412424,0
31.382718273901286,grocery,18,15.73810835026572,3,0,945,48.26854047524413,0
25.34897297008909,retail,7,8.210667425572447,5,0,2888,65.54935583778493,0
38.77798023934363,retail,13,10.332334724511156,0,0,2173,117.66443718380138,0
23.350635760333514,grocery,9,14.020369971633453,0,0,3211,10.574888581541437,0
22.425913630250264,grocery,11,9.10298845110924,2,0,1806,27.05130148616292,0
54.50431898050448,online,11,12.52854295783961,3,0,526,31.403896287763583,0
38.39275995412445,travel,11,0.5563161181433429,0,0,2332,30.8522862642486,0
5.998207225424016,online,8,22.902946965657023,2,0,2756,20.915768396238853,0
5.643534033358327,online,9,13.782520559422661,1,0,3268,22.900058637679983,0
90.87974968032299,grocery,7,8.268650306893031,1,0,1871,22.29537507688663,0
40.80661569872693,grocery,20,28.032304871368954,3,0,2730,32.903130624911014,0
109.13448286381863,grocery,16,4.933604694431535,2,0,1760,25.45418482844266,0
75.80766946287815,grocery,15,5.7391459466120285,4,0,3014,20.101506851304354,0
33.8139297431661,grocery,12,12.617364423022321,3,0,3282,64.0300929285208,0
39.5555897233095,grocery,14,5.636744035866204,1,1,2089,17.37628171794649,0
28.29900749702008,retail,14,26.928096454647964,2,0,979,31.099483467554435,0
26.922521043857017,retail,13,2.0094330453276044,1,0,3621,31.33358297087032,0
43.46869551332077,retail,16,5.6670338935265,1,0,942,39.91662983758396,0
9.246430139662523,retail,19,22.72636593737002,2,0,616,22.150141124399312,0
64.07655957141505,grocery,14,15.297350031579997,1,0,3562,28.517083419223194,0
9.151813977124817,gas,14,2.8812418324708666,0,0,3231,40.480746331807026,0
50.27727835549322,online,13,1.5964989699522611,1,0,1423,70.01768534722166,0
16.533122856017176,retail,6,1.898995571231815,2,0,798,24.443163432586456,0
25.97200369665808,grocery,15,20.408816504192743,2,0,485,84.79456299133074,0
84.64785004344573,online,11,6.552030398241496,3,1,3282,24.13177415080401,0
11.594501929064304,grocery,15,1.2330335136102626,3,0,1228,39.93854811660253,0
13.945394883933487,online,13,1.1013802426353543,1,0,1387,60.39824972750188,0
35.36869799070314,online,16,17.771298861378877,0,0,2146,81.4153845276774,0
44.426220668294754,gas,21,11.496856801000735,0,0,1908,32.71527102171214,0
93.82140530453364,online,13,11.802157776120374,4,0,1934,29.520956854391425,0
19.258418275079453,gas,6,13.442901132051984,0,0,1417,59.55932227269389,0
16.38143230972763,online,18,5.917670723495494,1,0,474,44.980266105936494,0
18.496798203349236,online,11,5.40944068871905,1,0,515,39.82292497159799,0
55.768968413454644,retail,11,0.3818270054498605,0,0,2226,19.340844428832124,0
40.1059058060946,grocery,20,4.957853295639929,0,0,2742,26.83492559070528,0
76.64676354903636,grocery,14,11.478869232482918,0,0,2668,20.234621252135476,0
8.612799805339389,grocery,9,12.361562945270688,0,0,1706,29.160655109310685,0
13.824645148260863,retail,16,12.305200332322038,1,0,1288,59.36652972147081,0
14.567423381503787,gas,18,3.257148681058437,1,0,2817,31.194779931289855,0
14.35577994570915,online,20,7.415394058583804,0,0,859,35.3737535661178,0
29.781667001157267,travel,10,18.987418296766094,2,1,2210,27.007011398703327,0
34.36880214605751,travel,9,10.971688513596368,1,0,1938,21.976258923550088,0
21.667076692160933,online,22,17.40225514173465,0,0,233,49.04051550577389,0
112.92760628220582,grocery,13,11.779633127935512,2,0,1413,39.133005584795974,0
163.4543901064347,online,19,0.6595982479856399,2,0,205,59.69595531908606,0
128.5143835541449,online,15,7.351805326335356,0,0,2864,28.125687341397487,0
151.0233387489906,grocery,22,13.318275696633929,0,0,1913,18.900797626446952,0
38.73239012340614,grocery,9,9.460427531558542,1,0,2061,32.364298743206014,0
23.490696843305862,travel,10,12.594765689559392,0,0,902,29.479614310283225,0
32.459022024712915,online,12,6.518890016303725,2,0,766,62.61987002596197,0
13.18665242475466,travel,7,6.761636964637654,2,0,3438,40.29621157859861,0
38.6625692478026,grocery,16,7.5560042955707765,2,0,971,30.554474709699914,0
38.687147590089864,online,9,10.824943405737638,0,0,1844,91.13684884999299,0
69.08814462398007,retail,6,13.760109289973292,1,0,3530,28.164181956353268,0
16.77893959437658,grocery,12,6.433940321625209,0,0,3596,15.95898442815851,0
26.79963121938729,grocery,4,15.205341030336687,3,0,3624,62.345364348016076,0
55.29454660974792,online,13,8.773915572805556,2,0,1259,21.488695641893276,0
8.5474632980743,grocery,17,9.334625824523044,1,0,1550,45.02764732534824,0
43.83813406810551,travel,17,12.11585347961099,0,0,1967,59.843092607817034,0
127.37584852710758,grocery,21,9.210232844354616,0,0,2899,18.965067922995363,0
14.208370415706753,retail,11,12.567440495405261,0,0,1303,21.801987945090012,0
67.76397091449073,online,14,11.147341045451808,0,0,1508,74.43077815634545,0
101.7680267900472,grocery,12,6.163800042945727,1,0,532,24.458196879978928,0
142.7090255402373,retail,12,6.751117143812774,2,0,1338,58.86884508884982,0
37.98132626834265,online,15,25.114230364031968,3,0,1346,86.99637945552321,0
36.30737407920445,travel,13,0.03879539231931517,1,0,2991,36.26580442333729,0
53.02919525822562,grocery,19,1.7093664252946965,1,0,1909,28.540907074806782,0
20.413659668552093,online,15,6.900069480756528,1,0,2615,51.70459442905715,0
55.96467125598401,gas,14,15.235105072486107,0,1,201,32.70178623147474,0
103.32670786901102,retail,15,0.41974150987870296,4,0,264,22.42432436226435,0
15.870980672394301,retail,10,10.932064419806967,1,0,3200,32.93221881775428,0
109.59978898484961,grocery,13,4.061375896987426,0,0,2213,18.770787962152436,0
120.41799902284735,online,16,26.43611911523808,3,0,3503,26.654635101077602,0
20.48082429344986,retail,8,22.779178345772984,0,0,3238,10.50884704304584,0
32.26052032017647,grocery,14,19.942900502866515,1,0,1276,80.04431754641381,0
40.812990485549435,gas,12,22.59669086209874,1,0,1090,44.07763477713906,0
24.836050877476904,retail,14,17.77544274752507,1,0,2045,47.755471475274895,0
16.62608153125243,retail,11,11.203795990191209,2,0,1750,12.951457335206058,0
18.84015535989742,online,23,23.313536438271193,2,0,481,36.84511472724194,0
73.23210221128691,retail,11,1.1461360981643924,1,0,435,35.227944151487584,0
112.95417075791937,retail,17,13.08933198398711,0,0,1429,66.25125559273037,0
186.01858175136582,grocery,6,1.5641451819625871,1,0,1624,14.436566599834311,0
50.86666893908804,gas,14,13.067640118833728,2,0,3214,12.4916369803581,0
6.552757350942881,travel,15,16.05625652043182,1,0,3277,20.342256982507468,0
29.23767775799231,gas,19,5.5578152958946285,2,0,1031,40.712168002751994,0
8.710034702786391,grocery,18,13.667112079656548,3,0,2009,102.31184317705076,0
41.903916839308195,travel,11,24.492446185551305,1,0,3052,11.270144168346945,0
30.857331169299062,retail,12,18.839977614435316,1,0,2315,50.57599993397486,0
53.405837468434356,retail,15,9.140971052719637,1,0,1518,31.521316564840085,0
42.36156287478598,retail,14,16.371442933136883,1,0,3528,43.09002318043381,0
48.33123243426295,retail,14,13.565423256655391,0,0,256,29.463962343692916,0
75.5250559811529,retail,10,14.000902636966934,2,0,2886,27.24975154519069,0
3.809180848391817,retail,21,30.242957349133516,3,0,1643,33.77932140752834,0
43.164169661673995,grocery,23,9.735797890243516,1,0,549,15.694141189421085,0
112.57731787341157,grocery,11,19.71733424106322,0,0,195,21.894723325240722,0
100.84672895056906,gas,9,10.112866850024998,0,0,1263,19.33072546673965,0
11.767972349985962,online,12,18.943470581817216,0,0,2369,53.511641643140706,0
48.57863671971053,online,11,20.13064214365031,0,0,1834,23.42745088959238,0
18.090806343513673,travel,17,3.8922775735271067,3,0,2097,39.81180591472393,0
115.492888585904,grocery,15,14.854097201651259,2,0,1238,38.739327169594794,0
56.52439930130151,grocery,13,7.8726064474205355,1,0,897,15.902471781816017,0
41.982817864379626,grocery,14,0.33214236584739076,4,0,2390,55.211725240202135,0
14.553912928544426,retail,12,23.411639695317298,1,0,1503,36.529076345546066,0
21.0886945888037,grocery,12,7.029941034636849,2,0,1238,65.19438677548582,0
22.991011564909286,gas,8,2.5626065140241323,1,0,850,22.788193849950073,0
9.537996787230785,retail,13,4.466362627996112,3,0,2186,37.87910773269546,0
38.58560403385567,retail,18,7.24994784391912,0,0,1970,48.05315486284538,0
25.87335744632599,gas,12,10.573348431041953,1,0,2804,17.26344383810867,0
25.860244515066256,gas,13,8.491241366820095,2,0,348,92.71906328653758,0
21.384276999300546,grocery,9,14.939429047418596,0,1,2693,24.88012251769224,0
44.67797271112874,travel,2,67.06496616382111,5,0,267,51.31562010405752,1
12.875802152977514,grocery,9,11.72535016746895,1,0,3447,26.06391746329291,0
15.809538882209118,travel,12,18.523397788780642,1,0,894,27.75581655415155,0
21.774276187377342,grocery,12,0.45621303184690554,0,0,3346,33.17523543171955,0
29.36946503512268,online,13,21.00477571443367,1,0,1119,43.64167830799792,0
15.398641143386028,gas,19,7.796141478567822,1,0,1152,35.055916850046685,0
11.889510228887929,retail,16,11.975248507332894,1,0,563,29.40602422004784,0
27.81466177607464,grocery,14,7.740872641216118,0,0,2815,17.652046679377055,0
32.47648620803891,grocery,13,15.336523781826832,2,0,3015,35.15755478142935,0
18.53025773889711,grocery,19,21.04111151094812,0,0,1771,27.472834526599822,0
14.898963527950652,gas,12,6.158284526940804,3,0,1582,34.375552965145864,0
37.14060233951915,grocery,12,13.566078809737029,0,1,2631,21.31900299928832,0
33.120938051751445,retail,11,2.152426183893044,1,0,1230,36.41407769436976,0
16.02178038112258,grocery,14,15.857209808437883,2,0,1622,14.335084358131423,0
44.066068177531385,online,10,2.394474452677959,0,0,1572,20.069456448507115,0
16.1827219403212,retail,11,0.5126272065051527,0,0,1456,28.572507933831663,0
78.94224054086438,retail,15,3.5478413403475093,0,0,2169,37.69072137115185,0
63.46979664752356,grocery,17,7.2059049172163085,2,0,381,82.7991955707192,0
30.68468205132942,gas,12,11.662884008536642,1,0,2771,36.68426547836167,0
73.46713391865066,retail,17,12.64693622725081,1,0,1879,30.456589038616226,0
72.86322084482674,retail,9,16.388010703257763,1,0,1895,41.60789407021829,0
54.79635446487046,online,15,6.628136022669098,1,0,1831,31.45453705174849,0
20.105327535115197,travel,11,13.378598379598998,2,0,934,49.74716906253068,0
40.46325507874254,retail,17,9.172297681224613,2,0,2148,14.59939159876507,0
74.37876082686009,travel,12,10.526277515797995,0,0,1650,23.794490808605,0
54.458991547819714,retail,11,15.154484000865605,1,0,3626,41.36156140726778,0
54.74447264866499,travel,9,18.46240806033535,2,0,1770,66.20644343811662,0
117.14005291733655,online,10,17.806586698308507,1,0,1603,62.313443108663265,0
30.58957635632409,grocery,14,13.431743588388137,5,0,2236,27.204839590838386,0
208.3289870926505,retail,13,9.485298820966667,1,0,1595,27.606539959158766,0
75.43900959512527,online,13,11.659910382817454,0,0,1751,22.27122918680386,0
186.90561908024094,online,11,3.965614939142858,2,0,1369,22.623933467953385,0
21.662855849990944,grocery,9,8.828154634174709,0,0,2054,35.11553484087004,0
16.681060180069778,travel,16,9.888214172191413,2,0,3078,44.657125049362755,0
71.57178294863718,travel,12,9.69340931442102,2,0,1537,17.953490428923597,0
15.370477293107513,gas,13,0.0034807046079592396,3,0,2314,21.994032429170385,0
71.10188556797883,retail,13,7.232741754665377,1,0,3048,39.24348579316962,0
32.90491000621897,retail,20,4.905238285836884,2,0,1613,31.592309800187543,0
7.27983550464104,retail,23,8.744312813214727,0,0,580,35.0225507653582,0
36.61511607940772,grocery,17,6.767237505340803,0,0,737,30.89107866141006,0
63.701813996848834,online,16,0.5190293152352954,1,0,3156,45.51059699671926,0
160.95944963057613,online,14,4.9661298929006445,0,0,308,47.99407602468458,0
39.407111641994916,gas,21,7.318664214188921,2,0,1065,52.403072936123074,0
325.78318177746706,travel,1,77.82304896456696,7,0,330,46.487738972914414,1
70.67000105973362,grocery,5,10.76369633086637,0,0,2855,13.797200471769361,0
84.67150191806681,travel,19,1.9574789920221143,0,0,2522,36.43136771008878,0
32.73478203159617,online,19,3.4825147740986386,0,0,3267,13.913023348062808,0
67.77236906876949,travel,14,12.662083829096083,0,0,1354,23.09136277223659,0
92.27867635278967,online,17,6.9544430096392595,0,0,263,27.188754462020157,0
19.789670984714515,retail,12,13.240283086845702,0,0,2832,39.70559857810819,0
73.48001434409005,online,18,3.6050179972110232,0,0,1388,46.973996813876944,0
10.146522169530515,retail,23,8.131144312137076,0,0,1147,37.781497566437594,0
96.85167964263374,travel,14,5.1933628872326825,3,0,2062,56.65290172130445,0
79.65638285292084,retail,13,10.073815943963751,0,0,1302,10.983392919523501,0
14.057513988576588,grocery,17,19.57301696661794,1,0,1334,61.029844891611624,0
24.357090118380132,retail,14,22.974989982280412,1,0,2395,65.60805033256263,0
62.38533022385388,retail,9,16.34168814186932,1,0,2969,23.310484841551112,0
7.388036658951032,retail,11,20.156906100798743,1,0,2428,38.593506980547915,0
6.334724472737209,gas,13,10.98743345362919,1,0,2191,66.69532815111559,0
41.71892669551997,online,8,17.470483408599975,3,0,3200,19.46979646058161,0
72.95680934694794,grocery,15,4.629539269031311,2,0,1457,114.22876129051657,0
115.62023854190674,retail,12,25.95298992587552,1,0,3137,10.765520116774226,0
14.830522476754819,gas,6,21.470662709278763,1,0,3030,28.93799476315684,0
80.95707312082833,grocery,12,19.78169434265545,3,0,1322,54.387664069557715,0
81.47920444727701,gas,15,10.96158846996844,1,0,3319,13.921775435434826,0
19.790171304592544,grocery,19,15.282744436501453,2,0,1672,48.28805448988895,0
23.48766916604472,gas,15,6.870749021977262,1,0,185,30.4501694142749,0
56.415243772740695,retail,12,15.48712365150336,0,0,3461,23.798758698785452,0
53.19804030840489,retail,9,7.991057322860473,0,0,3641,45.46005237903681,0
74.29475852803505,grocery,4,162.75721425684503,8,1,333,38.785723448240084,1
68.87695791600441,grocery,13,3.0009700710601983,3,0,560,48.55576624905554,0
58.860053311099286,online,15,8.705861750674643,3,0,2505,28.460120112891,0
410.7002029021588,grocery,0,111.76366156665837,7,0,335,21.97215053362277,1
24.575093687287804,retail,12,10.918760722222023,0,0,3588,53.82014284370792,0
27.166513446557833,grocery,12,3.5952772612151565,1,0,953,34.23174875345334,0
33.91322009249655,grocery,16,22.16073392792881,2,0,684,12.361678482361162,0
14.888040120595583,online,22,1.4131936864827779,1,0,1710,17.52175355071375,0
75.55037240787168,travel,13,12.615956106160782,3,0,3517,14.204320001213791,0
9.797356956897953,gas,9,11.909903402330853,0,0,2342,14.028530291986302,0
49.71929372682408,retail,14,10.156366758385454,1,0,3519,40.96706275250948,0
22.11331825572987,grocery,14,13.99288405439153,3,0,2327,34.01809411602089,0
11.525964169254541,grocery,11,19.044212956298487,1,0,1666,29.067098718757872,0
12.083829910891533,grocery,13,15.385069537863748,1,0,1670,27.49487241752058,0
48.97694631925499,online,11,10.509618878126167,1,0,1982,49.75383527936647,0
12.439137928904184,online,12,13.133584128083783,4,0,756,61.61593841524267,0
237.6012123570311,online,17,13.73155677472209,0,1,2722,27.47067096044244,0
31.04755932321476,gas,8,5.156649203778423,2,0,741,29.5792841218215,0
66.81247619305844,online,19,11.014597481079695,1,0,906,12.540882113796199,0
152.556239607711,retail,15,0.4923931031894533,0,0,1288,19.318553464276704,0
57.425372095953165,travel,0,111.2052649565403,3,1,276,15.1976595912207,1
21.580968336212106,online,14,0.31405898696668366,0,0,2070,25.064982901637666,0
39.611968492337496,grocery,13,9.98702626429296,0,0,2773,30.334502945330705,0
24.72321693293889,online,13,21.131663735647535,0,0,2363,18.73373694143215,0
16.695395106496584,retail,12,1.5417182880217002,2,0,2658,10.56568707547561,0
20.053954250221313,travel,18,9.105223167309497,3,0,1662,48.403546617816446,0
42.58056234120481,gas,14,6.956352766669191,0,0,1291,38.686483830134215,0
78.48791522389702,gas,10,8.197188119646402,2,0,3329,71.42455006421076,0
52.936401166108006,retail,9,16.466876397325663,1,0,827,34.19387728926179,0
12.303331288081063,retail,15,18.360449161849647,1,0,2190,43.35751915865071,0
6.947137890087669,travel,5,27.485844933780594,2,0,1122,43.47581756325549,0
14.497567506454036,grocery,20,1.2909212555276905,3,0,910,29.9339006962808,0
77.22626269120167,retail,11,6.911817617034416,1,0,3496,24.88904291742671,0
12.581710423308829,travel,9,21.96457389185941,0,0,3517,50.77965100726209,0
81.51933249278305,grocery,17,20.015579636105258,0,0,1025,30.77021841074949,0
79.29741112700516,grocery,16,14.653786919764048,2,0,1060,22.114137118640866,0
145.73975739629904,retail,13,5.915132005619364,1,0,593,62.536133922490464,0
33.19624662683139,grocery,8,15.616242589338611,1,0,1425,49.65700956835042,0
11.262196360121388,retail,4,7.4011365880116315,1,0,2374,42.83598193791672,0
43.8881484740657,grocery,12,1.3928493702059228,0,0,803,23.13555747579719,0
7.83933345832911,grocery,20,3.1381345871598443,1,0,536,32.63792721844841,0
17.346442162547397,travel,15,11.171314334740828,1,0,1896,16.77578018880416,0
25.733267351223905,online,13,11.456785966526896,0,0,1427,40.262465351612676,0
33.83543652545534,grocery,15,11.41409682600211,0,0,2285,35.281746815326606,0
75.04262951593718,retail,19,16.071853563680904,3,0,488,25.693748647320692,0
23.798004729907497,online,14,2.1246956305983034,1,0,2800,29.058732531027058,0
39.27683739647104,grocery,13,5.087694707604711,0,0,621,38.65827584120532,0
83.63722522542982,grocery,11,3.9942373240574973,4,0,1464,44.68088955890264,0
41.75502843148764,retail,13,25.161188896871757,1,1,1498,31.591740449752617,0
20.397820595667078,grocery,16,12.895314165844212,1,0,2947,27.283679418914016,0
15.668448464699729,online,6,9.091295091031597,5,0,3395,26.283757569856252,0
75.50710541060141,online,20,12.361798066761942,5,0,3520,125.95729699212458,0
59.471461773445526,travel,16,7.715666997542209,2,0,3343,42.07187869294072,0
40.24355107117534,grocery,12,13.545132523773866,3,0,3333,25.776689087237006,0
24.964803321483696,gas,10,6.388436877400531,3,0,2214,29.048990332765683,0
11.514817791074714,grocery,17,5.832251590151234,2,0,666,28.18993748725465,0
19.525925364307074,online,8,9.5032904142857,2,0,1487,67.40499246973124,0
13.490208891364327,travel,11,15.554611049194392,1,0,1961,41.66529226261135,0
14.257278517339302,grocery,12,17.17437865626588,1,0,3236,35.22169397291848,0
19.88186505752636,gas,8,6.9175487925898835,1,0,670,20.4357604321492,0
19.276488837356347,retail,23,14.518210114513206,0,0,1716,54.86780502270338,0
35.21448532424009,grocery,20,8.288588269190678,0,0,3110,61.82412989348558,0
66.3752901887702,gas,19,10.966321860008883,2,0,2919,42.8699665469291,0
47.37873695689029,gas,11,12.007608165696343,1,0,1472,25.530151613372052,0
18.699912890336314,grocery,7,19.300589345502722,1,0,1340,18.31610937072341,0
36.058556344382175,gas,12,24.018335272976252,1,1,3578,23.09501692501971,0
21.38121744202373,retail,8,13.35240587802768,2,0,2539,22.748885407012,0
34.733488080576436,gas,14,2.095977455976473,1,0,2765,56.17179735950606,0
46.3758270862043,retail,10,11.866280328702976,2,1,980,21.09378841760601,0
35.470962535816525,retail,12,6.5607991583369065,4,0,191,35.753214229118605,0
33.46170041159979,retail,8,8.141811977604217,3,0,1487,26.01611088768837,0
19.564806332030507,retail,19,13.996471265993621,1,0,437,31.33987854032044,0
17.37971891493866,gas,13,13.159051920020621,1,0,1728,36.734964283567415,0
24.587411372745194,grocery,18,21.469068870543023,1,0,1732,59.76855875891696,0
44.47763674749475,online,17,2.773655113767127,1,0,2160,26.909104749259,0
51.1436542556937,gas,16,3.6382872463209157,1,0,2778,26.94101587719393,0
21.4236150448371,grocery,20,18.241997551756533,1,0,410,59.67630505854996,0
30.16213311802794,online,15,7.987972275997244,3,0,1624,22.44382269986589,0
21.335402460485728,online,9,18.796675714621358,2,0,894,36.33725975672627,0
86.7566913643285,retail,14,24.356198787137693,2,0,1341,27.345260063583577,0
9.949633920579902,grocery,14,4.830061406827244,0,0,1830,27.05155301342676,0
139.16305327771792,travel,18,10.650331400339848,0,0,3080,42.843749476962756,0
238.80751982727793,gas,2,58.396251749864305,8,1,111,24.451283682360042,1
40.24720542490235,online,7,7.2515630160402615,0,0,1216,31.32540210971151,0
11.590950278753406,grocery,18,9.776244684104142,1,1,2703,35.758754782206935,0
16.405455477723518,travel,10,2.5906938921343334,0,0,2518,30.54691173053271,0
10.39715828311901,gas,15,4.931283876049498,2,0,1724,37.954423962609205,0
89.63480243415708,travel,15,8.194218947102922,5,0,2272,63.5062247639123,0
278.0327712067602,online,0,55.98203439893625,8,1,227,13.69573200632438,1
22.039341347732204,online,19,4.079671057194002,1,0,1419,35.65122996108809,0
4.374402686999834,grocery,19,13.037597419336901,2,0,2860,33.803124601242864,0
37.349332098411786,retail,13,8.052717579456734,2,0,2161,11.521491482948266,0
33.61860716487375,grocery,11,12.270304222704642,2,0,1961,44.67953827598389,0
40.3343645011325,retail,17,4.611682816822057,1,0,3149,72.82526769498406,0
11.23619773052606,online,13,13.645175280708758,0,0,908,79.21710986108143,0
46.558508312790636,online,17,18.143656419434876,2,0,290,20.902692628024948,0
66.19494862915697,retail,12,0.6100972955932562,3,0,2890,33.442465043799224,0
22.053864380351076,grocery,12,3.6369756654169265,3,0,837,35.00683082405408,0
13.841630279941505,grocery,21,15.626030624767578,0,0,615,45.294835372400975,0
14.629115369130014,retail,6,14.53232789665325,1,0,3055,55.55364726349961,0
26.92017541829642,retail,14,9.221510794387271,2,0,1921,41.24497678412369,0
44.59779320465005,grocery,15,5.1362685798853605,0,0,1776,42.08203005119511,0
64.09286704531138,grocery,10,10.919534174073053,2,0,2434,48.891074815191786,0
56.74372519606599,retail,18,6.853191001417017,1,0,419,61.10029417961572,0
215.24650155749822,retail,3,104.11831143853554,5,1,180,20.02798169689557,1
55.18623413040521,gas,8,13.469980874788282,0,0,367,40.82041184350643,0
27.91727584900379,grocery,11,4.78845960109055,1,0,2420,53.18166989640768,0
32.06848074473439,grocery,14,2.9628505955900746,1,0,2153,55.63221395731288,0
52.06056313288043,gas,7,15.09526463202388,0,0,2710,19.23583436933011,0
20.9276320726918,grocery,19,30.687801405471166,3,0,1534,58.14382316406416,0
274.6437154825379,retail,15,25.168986210034774,0,0,1020,28.597389640567652,0
22.161501582308443,travel,7,0.2047823436218259,0,0,3095,27.338933256584244,0
33.77119227122327,online,18,11.936565362303739,1,0,2768,75.83086251427294,0
6.485055473506435,online,19,5.197290727948103,1,0,2000,20.834921165205454,0
38.698040116739115,online,10,12.319289392301304,1,0,2653,37.716757698514755,0
73.7341350737235,grocery,6,9.587926449968576,0,0,1374,10.512538128230167,0
131.89874383750956,retail,17,7.09350393289164,0,0,1194,19.38809456365305,0
23.18714390097511,grocery,17,18.125023071955766,3,0,1305,20.562889657683254,0
15.278079451573449,grocery,20,1.0518121263069418,2,0,1484,29.352374345740674,0
40.7866087517723,grocery,19,11.454249860697281,1,0,3643,36.957101019636085,0
499.48273574834957,grocery,4,29.070734874472038,7,1,88,44.71086506279648,1
46.64872882687405,gas,15,14.647996319693537,2,0,2422,46.46833920034842,0
31.73764378882033,retail,10,11.827857421745534,1,0,2583,39.81809950002122,0
35.99876923728762,gas,7,1.3344924266716003,0,0,3108,32.08529202524739,0
4.263681858200335,retail,23,11.118570868145687,0,0,1632,97.23334459753468,0
38.75438153232897,retail,12,20.154045375188964,0,0,2416,105.52695995017717,0
29.13364708800919,online,14,20.860957064401113,2,0,664,23.72360722919779,0
42.34817632753589,grocery,12,5.280676830000536,3,0,1722,83.02728189475854,0
31.201097070708652,gas,11,7.523920912582166,1,0,1139,15.77164765564215,0
73.76149696003466,online,11,7.585612052829978,0,0,3615,19.746327050575655,0
34.65076973341295,travel,6,14.888567240884566,0,0,2553,45.72064233273852,0
35.0044595689722,gas,10,6.013648013804268,1,0,2316,31.04817858644555,0
350.3441776093176,travel,4,107.06321680554963,4,0,327,17.266564748855565,1
49.16707287913734,retail,16,9.845453565825315,1,0,1764,48.66953594988732,0
61.753410380046276,grocery,15,8.748725769657579,1,0,2845,67.88561406720879,0
19.080173237803013,gas,18,18.40619432377691,1,0,2723,15.880711406005975,0
79.8993492352577,retail,22,10.468871338974342,1,0,663,39.62349265798643,0
50.87248471361077,grocery,16,13.559746523009407,3,0,2771,15.447848912066933,0
27.66353761705127,grocery,18,11.188383228741111,1,0,796,20.145048027900902,0
11.424373500209025,gas,18,26.934424439710828,1,0,2048,50.512456747268544,0
105.09929844850602,gas,10,11.43531336839073,1,0,1961,117.19734690112452,0
22.969303083075573,grocery,20,16.524753956769302,0,0,2957,16.758002014496707,0
14.992812804308201,online,11,10.274667108550684,7,1,1603,33.10827283645608,0
42.11396886565029,online,10,5.669607240302081,1,0,2391,19.011869806342553,0
24.947345686988797,gas,13,4.7453162504445565,2,0,2280,41.76253160762812,0
24.84275913960445,grocery,15,0.03959021196804002,1,0,847,58.390674388582774,0
20.820902435748227,travel,16,7.826159681042332,0,0,2964,19.382111728911575,0
69.92728587885733,grocery,16,17.133604648556602,1,0,3027,31.840857662558154,0
55.044251878757485,retail,11,14.47862759062448,1,0,1067,38.683585470365955,0
14.849653153210163,online,21,13.018106074737812,0,0,1782,14.57774283091053,0
19.73612233611622,online,16,8.822457993855908,0,0,3550,38.74067906398166,0
24.05375341456683,retail,18,10.184834768005848,2,0,3039,23.865698331498002,0
21.766754590288382,online,15,18.175702213425133,0,0,1350,26.610464896315143,0
21.795684212173843,gas,9,16.238629126040397,1,0,2813,19.611710405194337,0
77.91798963893045,travel,2,102.22682011430048,2,1,299,27.42148714554204,1
15.40744599205135,retail,10,0.645477879308249,3,0,1827,28.69293073975804,0
27.24133860047787,retail,23,2.22873037007429,1,0,1150,43.83443076254172,0
33.02014958871713,grocery,8,0.8103232215874758,3,0,1674,27.25548943901251,0
260.80355735476667,online,8,6.979750811521399,0,1,2239,34.2819185710759,0
45.22686831117012,grocery,11,7.9151333413283345,1,0,2751,89.93217435303927,0
14.09716436926872,grocery,10,1.2737263841961077,1,0,1575,14.889413203807383,0
39.72449292396067,grocery,9,5.768668967162759,2,0,1957,37.64272895859235,0
27.400057573323217,online,10,3.9044700949193283,0,0,221,34.35290087689828,0
67.34526997065946,online,13,3.9998185474742636,0,0,1618,53.446370338280815,0
30.355929868397098,grocery,17,16.6519909354533,2,0,3209,23.427985661019346,0
47.96948279817888,online,10,13.697232768477418,4,0,2448,60.14396817238459,0
39.8706294921791,grocery,18,1.8099524183371951,2,0,3312,53.41037250737454,0
40.85581099470598,grocery,16,4.572042156102226,2,1,2537,40.70041014107553,0
34.953638312076556,grocery,13,5.526689319526334,4,0,1905,27.17638213426193,0
30.649903395075167,retail,21,8.898071516896584,1,0,1780,25.517644490180224,0
232.22035304710772,online,0,23.557305766382814,11,0,331,42.38498799982179,1
22.85719267597467,grocery,14,7.83702880691367,0,0,3434,29.80291589979042,0
51.47936358056478,gas,10,7.110158456685016,1,0,1824,39.66480860656775,0
20.288416355274357,travel,14,13.199972423548852,0,0,1015,22.556729038766008,0
11.924571930822806,retail,20,4.90494088848834,1,0,3160,18.62924233399374,0
63.8333135537721,online,10,2.849334234887279,1,0,2561,40.41800626226108,0
24.1990524513766,grocery,12,2.424282222718565,0,0,819,39.39656014895564,0
22.136315090989925,travel,14,15.39755982246896,2,0,2913,17.977257633889337,0
57.83322997888488,travel,17,5.622465688940072,0,0,1079,33.085750829391635,0
13.215486597702379,grocery,14,2.199879521152477,2,0,620,25.94056903474514,0
22.822608250086876,travel,18,12.550466717026048,4,0,3277,28.08916973662802,0
54.62571523717713,grocery,16,18.97762666634695,0,0,1099,33.81801208940639,0
8.758340177768172,online,21,17.812052712505317,0,0,1969,45.305187060971065,0
14.802053894195101,gas,17,7.580008042096239,0,0,883,42.24195046256532,0
49.43871145960314,grocery,17,3.084586357314243,1,0,2923,50.540610464624656,0
27.111630032608456,online,16,0.5353158780018781,1,0,2657,38.25541954209985,0
45.361071057319506,retail,12,6.692410372225636,0,0,1490,28.07488035052296,0
27.303397738028252,grocery,22,2.5133501616754756,1,0,3553,23.806579291125537,0
80.19175838930849,gas,12,13.205133106718694,3,0,572,49.3327999988856,0
34.95336642198526,grocery,16,12.055979564686645,4,0,3017,20.721579161259367,0
36.83232068944444,grocery,15,13.771130102119926,0,0,3578,46.49487225416826,0
18.28374866071777,retail,16,16.237569457435953,1,0,3587,18.426506868961265,0
42.4785874233512,grocery,10,5.919488399231341,0,0,3374,16.335375247774405,0
301.1860051283179,grocery,16,2.7926310515667776,0,0,2029,38.30887367494853,0
38.38982548344436,retail,10,1.0166825804194346,4,0,2135,21.135945356480878,0
66.48908760065488,online,16,9.454379757338646,1,0,624,42.77469213457387,0
67.07869281831813,gas,15,10.616628891051949,0,0,1488,137.5086640538883,0
20.331546133013298,retail,19,6.762891839672429,3,0,233,14.119802007457514,0
36.519194622330296,retail,9,6.567702015258676,3,1,2388,61.24211847554778,0
51.284412420952684,retail,13,15.085812211524399,1,0,1326,38.57176853952292,0
22.35560342772533,grocery,17,10.369692829367338,2,0,1080,26.020919520011294,0
53.24188389334366,grocery,11,4.257174285167715,0,0,545,28.727948743289126,0
21.893050110824706,retail,19,0.49957466579967935,0,0,436,34.37852683193546,0
16.354454046951954,grocery,17,5.289274602083902,2,0,3277,33.70426471301422,0
344.45032784835166,travel,2,66.87797309108245,2,1,234,48.65202244135305,1
39.926039474142485,grocery,10,2.483478661968336,1,0,1332,13.594833847579677,0
57.32622966243169,online,3,92.48893819454626,9,0,32,32.1549071619612,1
68.15753650412279,travel,13,7.0325511711386515,0,0,1729,95.94255611332899,0
55.804711579470045,travel,14,22.196137448927225,3,0,1249,40.80921134764748,0
22.667417078020883,travel,8,1.8495584192742918,1,0,1624,13.156360274686797,0
36.72203360359,grocery,15,27.18637491029567,1,0,3397,40.68688732797388,0
20.335949644577212,retail,15,5.404538882663017,0,0,748,52.66146351814224,0
188.47884452697627,grocery,0,107.4793474694562,3,0,291,45.00266153866964,1
35.19007963503815,travel,7,19.58694855498768,4,0,1204,34.64408299685249,0
20.123343525245087,grocery,13,13.637635171334193,2,0,2740,45.00204130722189,0
38.46195483177923,online,4,106.96927170013834,2,0,339,35.13550905191887,1
34.982585476243145,grocery,10,3.6408508239864767,0,0,491,26.942193214039037,0
26.070231807177585,retail,9,17.82278051723465,2,0,543,66.85738669730775,0
19.56039402321251,gas,15,19.553715864111936,1,0,2683,17.182955532304046,0
37.96605042396905,online,10,2.143844022312762,5,0,702,38.83250464088842,0
33.39085619465732,gas,13,3.313037955053555,3,0,3444,21.0443163879675,0
137.03669190416068,online,17,2.350914376331686,0,0,447,16.177639261943433,0
46.28040145230078,retail,15,2.0459824045133317,1,0,941,42.50234811052677,0
24.29560525212322,online,11,18.851694166496575,0,0,3518,25.527070058989917,0
11.050537680568281,retail,9,8.962615583771194,0,0,1455,27.91887023956367,0
19.365707218297818,retail,17,13.002877569155785,0,0,1153,47.17919723207827,0
28.51479164174581,online,13,21.94967807204427,1,0,2500,26.55308175520876,0
409.376501456853,online,6,73.4523694756368,4,1,286,25.313946642790583,1
31.163239564589603,retail,19,10.713585572900572,1,0,1399,18.385445382589374,0
17.923665770088,grocery,14,16.72485370226707,1,0,3531,20.66090600190655,0
12.741444093784716,retail,17,4.886451729998735,2,1,3142,30.31737478422548,0
19.26462727810593,online,16,13.024370083423065,1,0,2476,27.951344513737972,0
110.93272585507036,retail,10,9.857102760898131,1,1,3401,31.239251860442153,0
25.327475004736776,grocery,14,5.761858352615675,1,0,2407,36.159461054967366,0
22.50652308887813,gas,17,15.370161093642828,2,0,2444,38.91171908703092,0
38.89552624175628,retail,17,9.183175528868489,2,0,2034,17.713224100395525,0
70.89212969374152,grocery,19,19.89971673386831,1,0,1248,28.57826348741386,0
25.16479967163775,retail,18,1.24404511332083,0,0,3351,34.12144305654132,0
45.761164922471636,retail,18,10.441365102971712,3,0,3499,25.862704906475624,0
176.04756571976318,retail,14,10.679783701086617,3,0,3080,19.85484775659789,0
46.971946277884,grocery,14,11.581404535633961,2,0,2667,28.789290651122933,0
35.78743205999876,grocery,10,8.48647854979936,4,0,325,41.46013345910928,0
82.99302493664469,retail,19,3.5725258066299412,1,0,913,27.221763720910126,0
27.452953553560217,online,12,14.632610407004023,1,0,2066,21.063461808968732,0
65.41282693485024,grocery,10,5.220951511638857,0,0,1080,41.402425589566086,0
15.832611825227616,online,15,13.254781081118264,0,0,1929,51.38164712302067,0
41.07097029134584,online,20,14.355678956219698,3,0,1155,15.710650493373421,0
15.775460862476157,online,14,5.676989288103565,3,0,3295,30.43471509821355,0
87.31787436257524,online,17,8.845627921018863,1,0,1196,47.154686131466725,0
8.04249433774148,online,13,5.970221305364371,0,0,312,22.865464928957206,0
47.24801531720239,online,11,7.69173679454563,2,0,200,35.20674137224809,0
24.17523954639667,retail,16,7.703123961101257,0,0,1256,34.843719155164706,0
139.82741962279178,retail,10,10.507067141101745,0,0,1510,66.01624027921018,0
63.48564224125079,retail,21,4.421086176670634,1,0,1301,30.449405465094426,0
20.152370444497794,travel,19,26.4327395314878,2,0,2473,27.771842157761924,0
30.603962504093523,grocery,15,21.379202012946738,0,0,575,117.7754158338629,0
11.186800497703853,gas,10,0.7742852969234768,2,0,3356,28.493415751994924,0
29.841067729223706,retail,11,23.746911966111007,6,0,1680,23.491731249411448,0
13.664199987227086,online,15,8.415521894248748,2,0,3606,56.37073476357168,0
114.34453428380326,gas,16,1.681654203774123,1,0,430,35.6494784775103,0
47.76142440770341,grocery,23,16.109345197751963,1,0,1906,21.98949501979962,0
45.40225229789873,grocery,13,30.04359124285515,1,0,406,29.444533082012416,0
34.7501597093522,online,23,5.696171769424359,1,0,2439,22.752898366237453,0
8.765152791160682,online,15,5.243970432407942,3,0,403,72.09932940928464,0
22.702033622488408,online,7,23.966871762185086,1,0,1056,34.40078917063781,0
60.016004914028706,grocery,16,16.87704629483877,1,0,2050,38.88535641377826,0
81.40874404148737,grocery,17,3.8058406207675626,0,0,1728,59.209200308276685,0
34.14412021606895,grocery,11,9.239000979572241,0,0,3162,91.92077304043582,0
20.770590110187168,gas,15,1.7942128402031408,0,0,2927,12.3874087538527,0
65.31891703553136,grocery,13,6.876726508626932,1,0,2384,36.27324717819829,0
92.92588159135856,grocery,13,15.721892671129861,3,0,319,30.38197916286215,0
79.26402273623363,online,12,8.334357936080272,1,0,2884,17.460890411381378,0
41.73478338854818,grocery,18,15.434350559858794,0,0,1937,30.718955455175767,0
12.224094670433328,grocery,15,9.02051208202082,1,0,2504,55.42111944383455,0
20.81307177750284,grocery,13,0.4163363012747041,3,1,1498,28.039218948874623,0
9.772573729639621,retail,17,9.453710337885674,1,0,3645,39.969223623780884,0
41.34293508349711,online,10,8.123939718832872,0,0,2118,25.794006640019948,0
65.51105716658982,retail,18,5.511286952152023,3,0,1693,43.753708383829206,0
13.001406837874196,retail,14,2.0677836711629425,2,0,1498,13.40920403949975,0
26.624215111156058,retail,19,7.131447042557639,0,0,1470,26.789225011588023,0
13.673180209745697,online,15,13.081701218074834,1,0,1778,21.951839582764624,0
111.99160186398449,gas,12,2.4687746479838015,0,0,1592,25.948985182856468,0
4.0722835736920535,grocery,11,4.136591695131719,1,0,3025,33.58257717346016,0
99.37760993538704,retail,15,14.919689856374198,0,0,2164,20.93252160804291,0
60.703792045767415,grocery,17,9.672659718439448,1,0,718,42.44045138446178,0
27.45890255833907,retail,9,16.444597622449386,2,0,2904,61.043489871509095,0
34.030826465833876,grocery,14,9.286373618466657,1,0,2236,24.577473846272373,0
38.67803989167972,online,15,11.083430677759656,0,0,2867,68.46465774118161,0
18.685672105083412,travel,14,5.652636561787865,4,0,2086,26.127682150117494,0
8.23364638718108,grocery,15,0.7543394006646782,2,0,3613,25.70818464904205,0
49.59994987691813,grocery,10,10.431178776265652,4,0,2288,26.647505539794167,0
47.945887646485296,travel,14,8.411446504952316,0,0,2525,39.69072446748799,0
4.483820297845264,gas,23,15.865434539380463,2,1,1358,28.591242434343652,0
27.005360009084274,grocery,11,6.073016840851475,0,0,3310,44.074621097759916,0
149.5557218433645,retail,8,4.521503122088832,0,0,2025,39.29658308645366,0
15.44579987127358,retail,18,15.96819162386253,1,0,1240,38.4198770794649,0
22.426373687671788,retail,11,6.519579198113123,0,0,1909,33.17952495385219,0
65.27044758965948,retail,8,19.077117598568456,1,0,1309,31.261317033624202,0
11.092727959438855,gas,23,9.12645524399558,0,0,910,31.162368877019457,0
46.78384896333208,travel,18,3.231682618978926,0,0,2154,48.86436909746861,0
91.82641790990337,grocery,9,1.2837393313022005,2,0,3504,27.308497079709614,0
24.268646203531787,online,13,5.689721297220891,2,0,629,27.217749659506072,0
59.961458222333725,online,7,10.052389262436314,1,1,1455,25.19347788531846,0
16.138788766298497,grocery,8,2.071270917347091,2,0,2695,41.473634847173294,0
136.70171335466256,gas,10,12.200018386334486,3,1,528,29.328376207028537,0
149.24952910315963,travel,15,8.835863381572818,1,0,2404,26.145132905567817,0
49.31333204041189,grocery,20,0.8136602561971742,1,0,3461,37.32925407086977,0
38.384012914693976,retail,14,1.3590173141674313,1,0,2975,22.695087655334685,0
7.134791495742677,online,14,6.610474264714592,0,0,1684,17.690868817324834,0
31.933992103894752,grocery,8,0.0017282071584112657,2,0,1447,65.57539076270606,0
65.54470618696843,grocery,17,14.320142413785126,1,0,788,11.7269857269351,0
59.9880835314492,online,9,10.11469137740608,1,0,2417,66.00499745340286,0
34.34503517813175,gas,14,6.233959207001744,1,0,3300,15.199013852033461,0
31.26164362343613,grocery,13,7.497308215587823,0,0,2250,28.50446769428084,0
33.75479342455969,online,6,2.2196908489496323,1,0,1211,29.719698672270138,0
35.549499335808015,grocery,11,16.583908736026572,2,0,1884,36.6195698973078,0
167.2429755841515,gas,18,1.5813642431744377,1,0,3148,43.143919442890756,0
16.637668439761274,retail,10,27.714639540452772,0,0,3114,27.845565147925143,0
191.01739565898032,gas,11,17.405414061710957,1,0,688,29.808037078817108,0
53.167712647986285,travel,9,7.516830908195891,0,0,3510,40.3992833798067,0
88.42327209397352,grocery,12,22.29917384547432,1,0,3575,49.41117320138146,0
21.33511466810689,online,5,9.678362123708968,0,0,1323,42.81590355203483,0
81.39307339731853,grocery,20,8.503539868210703,5,1,1349,34.51044633985735,0
48.70585078255254,retail,17,6.627341508477658,2,0,3148,18.499349826639772,0
33.79492814790542,retail,18,6.620032836540528,3,0,1502,66.83693883048493,0
25.716729030618183,travel,13,13.666543513003534,0,0,2480,32.51083623087392,0
18.08204403799402,grocery,11,16.643985071887617,2,0,1097,35.18910635259251,0
43.41422163058917,retail,10,2.217376859336343,3,0,3211,36.43615059005284,0
43.80377661884069,grocery,16,20.25106718498908,1,0,2504,113.78292276229412,0
9.311156922428799,grocery,12,1.2968559031259321,0,1,3290,24.84963024720232,0
96.77307854840835,grocery,22,21.187871944554573,3,0,2629,12.612317081646312,0
18.283948274126374,retail,18,12.071100125701646,0,0,3648,38.54289679511849,0
23.169878819254222,grocery,13,12.367465922768762,2,0,3050,37.7017393641155,0
28.51084633395813,grocery,23,6.473283869538562,2,0,1196,22.41748802389548,0
34.13771492132113,grocery,16,14.269561984049544,2,0,2891,20.86807208861183,0
26.9531121691171,online,10,4.727809386722635,2,0,1601,13.141062766975212,0
22.38628391265607,grocery,15,17.068854287953354,0,0,2030,40.03568376966883,0
25.28803156430536,online,20,13.181100014210232,1,0,1605,41.865483220656216,0
60.06057145228318,online,9,9.814336535016697,0,0,520,66.71975114647917,0
57.51899225590271,gas,11,1.3933408015007913,0,0,382,39.292950379783704,0
51.300232900653356,online,20,13.469997487687698,1,0,2368,42.838920807737615,0
44.72615326159501,online,17,19.062437577398455,1,0,2324,28.280940819652724,0
98.83970672586727,retail,16,12.361127834699333,2,0,3124,23.66663780826938,0
7.81538572349322,retail,12,21.212002772417264,1,0,2812,7.586094237770346,0
28.58303416858156,retail,14,4.506140835461188,5,0,1780,19.139976878983642,0
69.7574409496291,travel,13,3.319003968222116,1,0,2226,39.61413460485158,0
11.799194662562309,online,13,11.39157766730249,2,0,1685,45.0666027271551,0
60.20978520856896,grocery,8,4.359115838672316,0,0,2535,60.0000315185587,0
67.87399404942875,grocery,17,4.485367455359425,0,0,823,45.66145609822667,0
211.76213329506965,grocery,10,2.798718177010694,1,0,462,35.51565892344211,0
78.04101499741573,retail,7,6.165168458751325,3,0,2452,17.39448310592059,0
118.4569142120031,grocery,15,19.843680382079803,1,0,3539,74.7934956263539,0
17.194571305425807,retail,3,4.357466208673214,2,0,1754,46.03553611093209,0
36.84915633592699,online,18,17.51165742587881,3,0,2597,27.02704107237072,0
99.89034989269794,retail,13,17.134724636758502,1,0,2297,45.583880797700616,0
17.108958967936207,retail,10,3.085717904475712,2,0,3536,25.408620145003585,0
77.14584960874608,retail,11,14.644541496284921,0,0,1200,49.28598834865108,0
149.74722725060678,grocery,10,0.34497800323976335,2,0,2923,51.660864137196,0
65.37744973250766,online,14,22.864537977381833,0,1,1094,28.801580984888624,0
28.8336336428056,online,11,26.28425165375676,1,0,1259,39.50554956650401,0
134.24508519415855,retail,14,2.6254107494382906,0,1,918,39.500567836896096,0
13.263541547718125,retail,13,16.69592923706939,1,0,2805,24.37605947960918,0
7.65603084121829,travel,15,3.6241066494889793,1,0,2206,48.797557047807864,0
3.2641379406748547,retail,17,4.605263965316864,2,1,1296,11.681971259715887,0
28.334308240482198,grocery,20,11.746710003537286,0,0,1469,44.788280364032005,0
52.27294508713015,retail,3,6.95089842661265,2,0,3303,119.12790434762675,0
27.74337578181683,retail,12,2.0466592426449637,1,0,2497,34.22410184762182,0
5.67203043087732,online,17,15.700035536737285,1,0,878,51.88149244745222,0
97.95520546121641,retail,16,25.410286838843145,1,0,334,72.66140732528189,0
90.92793618556813,online,14,3.3594360389661038,0,0,656,23.807737530455835,0
54.25009587289753,online,17,8.605863724264594,2,0,351,36.23281340491275,0
22.570880673626228,grocery,16,8.621000340370705,1,0,2343,21.991556020229414,0
28.11836785764239,gas,12,16.97379539347309,0,0,3630,56.418082693039665,0
6.304652255149928,online,8,8.665482074412854,1,1,2412,15.450988343554922,0
18.884803006563335,gas,18,7.387089754710299,3,0,1021,28.197508445037776,0
27.00489716565434,retail,11,10.071657427960606,0,0,1752,55.87764043072853,0
46.490539281027296,online,6,4.774900880560472,1,0,2638,29.160067304389152,0
36.263577982420294,gas,9,14.356996595994708,2,0,252,45.45825673968144,0
23.373687025010444,grocery,8,12.250786779916616,1,1,1853,31.4157741350311,0
17.085245335371752,grocery,14,6.160282858302328,2,0,1012,28.49564604697041,0
17.22654422691426,online,15,15.756795980999133,1,0,2191,50.48771039521889,0
9.950509314862902,grocery,9,0.8866798264086331,1,0,3197,33.2782827358283,0
43.86683493119504,online,14,12.496497053813908,2,0,2698,37.194281354456855,0
39.80755057962783,online,10,10.392757850445372,1,0,1879,42.77603880337311,0
20.8945788260262,retail,16,1.5456063502863522,1,0,983,8.593382240031909,0
92.32500694878487,gas,15,21.24518078006371,1,0,1146,52.50692299145272,0
35.412373832104215,grocery,19,28.399752995091788,0,0,2364,70.25658225124873,0
30.189113343910677,grocery,7,11.905370449117026,2,0,3120,38.21280213366421,0
37.390116089025,retail,11,10.987353068007689,2,0,3516,31.618192060806763,0
10.999661566401869,grocery,14,15.021443342995795,3,0,932,30.903494033369864,0
33.50687212267362,online,16,2.8578135417907946,1,0,981,13.813370189954222,0
44.751618912315244,gas,13,7.926225495967257,2,0,1029,13.768591401862855,0
44.22582170779126,grocery,15,7.6954976131897705,0,0,3573,81.00968361915662,0
101.14418252688951,online,13,10.014428050851313,1,0,2490,15.155239259958835,0
40.78133108581687,retail,12,14.792673482358579,1,0,2609,53.33933906090934,0
62.33359208849673,online,14,12.851300668275009,1,0,1431,11.956716531416355,0
25.593816696941705,retail,17,20.67383355338152,0,0,2053,64.20123241975585,0
32.08394909588675,retail,4,21.824969808795874,0,1,1155,47.19175049685608,0
28.444896852819742,online,17,15.593699509375892,1,0,1866,18.92486774408499,0
58.69209514026541,grocery,18,6.472782491113156,1,0,2113,36.20632342148817,0
16.665051063226848,retail,14,22.736199188608666,0,0,3152,24.792662210958273,0
13.413135879125809,online,15,0.5987662474619206,1,1,3018,21.738591656934105,0
46.49444100287323,grocery,8,8.883663656576772,1,0,1060,49.97812977701819,0
20.532147821664594,travel,17,17.64310856943881,4,0,1618,37.828904821508374,0
46.07289156378535,gas,11,16.550127766790528,1,0,1567,38.74446377392413,0
135.96036265977466,grocery,9,14.832413159372987,0,0,3134,24.902744139188474,0
87.79543282572507,grocery,14,18.265518914905183,1,0,3482,31.03054158128113,0
6.665267637408195,grocery,15,13.407287736811291,0,0,259,18.969799369357755,0
44.40173729229257,grocery,9,5.285970153639458,0,0,1174,9.34458896729725,0
10.14388179555613,travel,12,13.36997902952784,1,0,1767,31.411593973830293,0
109.05918874752913,grocery,15,1.0541535085416314,2,0,1817,18.64454231448049,0
53.51398298709075,online,10,20.22747966372572,1,0,2831,30.059846388625772,0
57.66315545077949,travel,0,127.57974938200638,2,0,345,16.765464136362294,1
28.769519513103155,grocery,10,9.665355444392148,1,0,1259,21.49128567911721,0
110.15468901219727,gas,18,0.9157668289382475,3,0,2171,15.677050808349621,0
32.609109968217204,retail,14,0.9174106072043333,2,0,1150,13.618729157818693,0
61.35595025403019,online,19,19.030779900395117,0,0,1174,67.72511191753117,0
23.216541832462774,gas,3,56.60095588167254,3,0,203,37.40185705706781,1
47.972638834185794,gas,12,16.23304500470682,2,0,3139,19.70106693148366,0
71.92081775360614,grocery,12,16.58145941259315,0,0,2635,13.946493313858062,0
256.7409578880095,retail,8,23.95448891794489,1,0,2447,45.340487541118186,0
70.83399710516063,travel,21,8.278429411518557,1,0,1865,74.41852419373073,0
54.989112871890256,retail,14,22.226652507889966,1,0,1932,24.76290578637452,0
28.570642764594794,retail,8,17.22816547042801,0,0,2288,22.37705949867445,0
70.98723245552505,online,17,3.325011101639028,1,0,2440,27.5842148078803,0
10.547479249028573,grocery,12,12.745268433579334,0,0,3064,23.365188206428062,0
58.334958704000755,online,12,0.6570775416663182,2,0,1834,34.36807940586979,0
14.701134189221658,grocery,16,9.140440945646004,1,0,3490,74.22175179189132,0
10.97828063749867,grocery,13,11.845693992599701,1,0,2908,46.45448714425437,0
24.60248138605971,online,12,2.1758158118194544,0,1,512,30.722026220259135,0
45.78632055958606,retail,15,6.7197647076887135,0,0,1940,11.526624993447546,0
28.425225325343952,gas,10,3.398672802035697,2,0,3356,36.52819759676578,0
48.09335346422543,online,8,24.782935965616822,0,0,981,101.45271040043018,0
38.041334992304826,gas,11,14.792718074110471,4,0,2391,22.591305785488295,0
53.568724473330846,gas,16,10.518330800987048,1,0,3121,16.843070732252464,0
35.36053773638807,online,10,20.9088583615976,1,0,3163,93.4936117677569,0
727.5121476011045,retail,3,50.4387565597968,6,1,251,17.945621601213357,1
65.57409870987469,retail,16,10.762802194662228,2,0,3441,53.216480766337064,0
21.9530584321333,grocery,20,13.167313767664364,2,0,3274,25.464861274558782,0
47.26084420428792,travel,19,2.7413875250218753,0,0,2187,36.77523628927728,0
36.284190352783185,grocery,23,10.546577039518542,0,0,429,16.238995336611932,0
39.08793546591266,retail,12,6.3940777815779875,0,0,731,36.30533365550496,0
53.46544255520977,grocery,20,12.192310725194426,3,0,1018,30.586223372610412,0
25.47465985194123,retail,1,21.46900015856757,1,0,1501,19.18352444784317,0
25.354200289243785,online,18,0.010849457914295257,3,0,1411,18.768969734356403,0
53.29291914753472,online,19,24.78487283284442,1,1,453,36.521163378980795,0
108.01987476475965,retail,16,15.108117329872318,1,0,3024,25.096075795121216,0
9.729028038649979,grocery,21,1.8746941529613927,0,0,2768,29.60853381708043,0
29.643272803769914,travel,15,2.6975045574276315,0,0,2655,21.73494089980577,0
30.335303213948404,grocery,11,18.436965027898545,0,0,1942,34.343775782341496,0
64.87718500847365,travel,17,11.023417618996634,0,0,3301,15.683770297897771,0
19.29521967542196,gas,8,26.177392800699028,1,0,1061,24.315443706292793,0
27.133555393835774,retail,16,10.743485221463823,2,0,3377,38.7754067661375,0
15.149322389071719,gas,14,22.7161842888309,1,0,2972,59.80780825924552,0
23.102656774941263,retail,13,6.988619563294438,0,0,2667,25.772502920411473,0
18.041846598954795,retail,13,8.71940410713356,1,0,1069,32.84777009709463,0
606.640242173372,retail,0,101.72162176690225,6,0,285,30.77878533759665,1
33.67343308281693,online,16,9.090745260007678,2,0,557,22.289397383356466,0
75.48761884994684,online,18,3.23558258916309,3,0,1444,54.80010247746167,0
24.901811829637946,online,0,69.65244191780376,5,0,93,54.25324833259527,1
58.484863347624945,online,9,0.6223893878354474,1,1,2267,22.311770688869153,0
24.45165266287139,gas,12,8.271988627415093,3,0,327,32.18600221857031,0
13.666287322970838,retail,10,20.222853240244113,2,0,1584,29.538154240880647,0
19.887478213074317,online,15,0.7311738907241185,0,0,387,62.13900109174165,0
116.56112111268375,travel,12,9.291431461849681,0,0,503,20.533007013541848,0
27.530841928992754,online,18,16.83923138109122,3,0,1095,53.18522290494037,0
50.95815439946637,grocery,5,1.0328242098547253,1,0,2291,20.608137779080653,0
9.114142272533286,retail,12,33.94248456048513,1,0,3093,51.293189150861686,0
11.127959290563362,retail,9,6.195724426117161,1,0,756,31.017614315627302,0
71.33710942863756,online,13,16.153086234480263,2,0,1045,21.99622088530114,0
37.898962520081874,grocery,9,17.464532845767884,0,0,331,35.265009287380344,0
72.2876555622479,retail,7,25.205192333776694,3,0,1467,45.61039343396261,0
643.5927487536264,online,1,62.08098128921664,5,1,334,52.21399098520102,1
39.21373051958661,grocery,13,24.948217504584726,3,0,2184,22.359379704578764,0
43.29540127583178,retail,18,20.398969948244837,2,0,2891,26.344771766946735,0
51.11346854903766,retail,16,17.8229781776891,0,0,3565,29.088759138114376,0
54.44862039092267,online,7,8.877795315596574,1,0,3308,18.67301493698962,0
32.2467095147019,retail,10,6.338584056092536,1,0,2296,16.536636540863157,0
6.2617298054688995,gas,15,1.2904527161892627,1,0,3356,41.855485618229764,0
22.47970139298356,grocery,5,26.618747516559626,0,0,2958,51.05955346528838,0
18.14812337273986,online,12,7.3137710580766235,2,0,3466,21.679177322409032,0
20.873430357820254,online,15,19.14718485719642,1,0,2399,19.427261807745545,0
83.0057497540945,online,14,27.374421339172816,2,0,1075,66.53183373430196,0
86.14546347474274,online,22,12.223859521751379,1,0,413,24.43555239163928,0
45.32835494931291,online,14,1.8985154930520576,1,0,3549,43.20974307298711,0
26.646982354903233,online,11,4.61268608352102,3,0,3026,21.884075366544923,0
28.553224527600978,grocery,23,0.032181219428132124,2,0,3530,32.17192566989322,0
44.776359710904636,gas,4,12.047817171350168,2,0,2099,87.34660171769916,0
74.55193913063917,online,13,10.82033151854018,0,0,2816,62.50203244406003,0
59.78610427650108,travel,15,9.41713848927156,1,0,927,34.663415838900846,0
56.08315040558787,grocery,10,11.154028178256322,2,0,1002,60.51463230175028,0
20.87362717247365,grocery,17,9.740151713263243,1,0,1978,50.58737828886171,0
48.69093384323829,grocery,15,17.325230434066754,1,0,3398,13.984647918541922,0
130.23842174296288,retail,16,9.310263215940378,2,0,1054,27.370577523135097,0
33.5307603881152,online,14,25.936755259979627,1,0,1945,16.922885346185776,0
8.715758777714447,grocery,14,20.62917129235715,1,0,1159,41.448425406270935,0
105.73277137732745,retail,6,16.911388399699568,1,0,2055,93.5297522113933,0
110.29894825113279,travel,17,3.8498687196918358,0,0,3433,19.144276291743886,0
26.28696236921232,grocery,8,18.261260132976098,0,0,2765,25.97559070863751,0
139.8754447607639,grocery,16,15.475889068423971,0,0,2694,63.76415195223646,0
60.78384997292475,grocery,10,2.041149180259671,0,0,2134,75.06255723994394,0
116.65133123659524,online,19,9.590113315742467,1,0,1387,31.87317315577874,0
26.574673609200996,online,11,1.537307051118125,3,1,2840,14.599917636070897,0
11.271742931218018,gas,15,10.262189100446252,0,0,183,42.84064262776777,0
58.18369913175253,retail,13,10.300506811048894,1,0,3279,27.24330901689634,0
88.3712401559485,online,21,9.639647055912608,6,0,2357,77.24578235095889,0
126.22397514869675,retail,9,9.899654069649035,1,0,249,17.859068494925122,0
76.04227456652619,online,5,7.565241031568389,2,0,390,25.664487876773656,0
44.428999825540465,retail,10,15.817343911136804,4,0,1366,25.269538390735736,0
31.474583285634253,retail,10,5.788141161640616,1,1,2426,24.32921637523022,0
43.15093930987138,retail,13,14.944547951440335,1,0,520,82.10474086027047,0
38.23171571845012,travel,12,12.992496705048348,1,0,1761,74.23846264661239,0
6.719484806810084,gas,14,1.9325358357508335,1,0,1349,22.94060348066146,0
66.66057237364276,grocery,23,10.209481193486388,1,0,1127,34.18113773903347,0
6.752716499658636,grocery,8,5.477930086316771,0,0,1055,21.842514710668425,0
35.994310459036946,retail,11,10.114297695071912,3,0,748,26.977108664850764,0
75.6014627523911,retail,13,6.021462829138644,0,0,807,27.740863770704916,0
12.744381841283536,gas,6,5.2734532152685665,0,0,3344,20.276460031028797,0
24.861685373716394,grocery,14,12.2650465785562,0,1,1600,37.079398514494414,0
23.23279325751717,online,13,4.784880899108293,2,0,2550,44.737194229253106,0
123.24057785847043,gas,13,11.677488508595905,1,0,2508,29.21233688754429,0
48.36971740748078,grocery,9,11.2322547334687,0,0,3530,52.16395112733191,0
26.10036234838089,retail,13,8.866698945022055,0,0,1957,28.45056053432597,0
5.702788322994405,retail,14,7.335619032195821,0,0,3303,41.4024399061294,0
115.86424724116932,grocery,14,18.46368571071034,0,0,2216,28.395617237759676,0
24.772375758726795,grocery,10,6.358625728369889,1,0,3288,22.81672680986051,0
8.046590871836777,retail,13,5.938446972882315,0,0,342,34.25389045266492,0
26.15499687562336,online,10,12.502577894134772,1,0,2395,49.181880725002536,0
19.677698619155848,grocery,15,15.322676276071,1,0,1366,26.106124832511558,0
112.75040310508982,grocery,1,77.04958234910454,6,0,190,57.694023418121795,1
10.384183427497772,retail,15,22.98823368713445,0,0,3302,18.466033876893917,0
32.42024238233232,retail,14,0.103703494938582,0,0,622,19.934337192722793,0
77.08012361380968,gas,17,17.47723765869299,1,0,1197,11.886272231601833,0
59.95991751746473,gas,18,3.6204950634392086,2,0,742,14.227782821832475,0
100.05571619990482,grocery,10,5.632304583080577,2,1,1520,49.966068653157926,0
23.661530562214704,retail,19,6.999128040451485,2,0,2950,23.392516706317192,0
67.75784656868214,grocery,1,57.84143818557193,6,1,204,37.12483093465332,1
42.926417346535686,grocery,17,4.5607528260253485,1,0,1600,22.25751852579687,0
269.51780981544493,grocery,9,0.9732674378737372,2,0,490,76.73900229656786,0
278.85624398780516,online,2,98.02183782775607,4,0,139,42.26487555862739,1
51.37270849170743,online,15,2.089021218915329,0,0,3309,18.581880490681133,0
26.706021052197567,online,6,9.231994706129134,0,0,1474,31.104174991574244,0
31.13456548746483,grocery,18,2.8891224157146027,0,1,2287,47.15284839478489,0
11.443835043864043,grocery,15,2.568588140314157,1,0,3166,182.00339721571459,0
330.8434886721517,online,5,50.33789584154077,7,0,128,31.542142311180275,1
45.57270175248882,travel,14,0.6063816342388275,3,0,3041,49.41155679965008,0
35.789767891883464,gas,13,21.290854893964998,0,0,3178,27.824363898616003,0
171.21991178654557,online,5,35.27275431148573,6,1,210,60.82651905915075,1
34.208472693530936,gas,9,6.160254830810188,2,0,1792,33.391319122269145,0
20.07465692459842,grocery,0,2.427483851777481,0,0,3234,49.27697980164724,0
102.38558219312166,retail,13,4.190201057620149,1,0,3087,25.361202005130924,0
74.28088653631804,gas,16,0.163789990260911,1,0,2439,33.148232899230436,0
34.868349682422014,online,8,8.024653380084363,2,0,1567,40.50071988565666,0
17.845293935050186,grocery,10,13.487581037723778,2,1,889,27.433783459447575,0
41.114689262268875,gas,13,2.9142896016024835,0,0,3506,19.42101628364784,0
45.74049782198766,gas,5,11.457365021696813,1,0,335,17.552328497284222,0
10.954608280097528,grocery,12,21.195343413231065,1,0,2481,38.17824432822047,0
74.9713946670286,retail,5,1.935147945916576,1,1,303,55.11743048600717,0
100.88409060500045,retail,12,9.078493369788168,2,0,1615,25.935101766367048,0
33.97426476229901,retail,16,21.285538563367158,2,0,2704,20.99821089050469,0
145.95145305145982,grocery,17,9.67515014657176,0,0,837,18.255366364183647,0
27.541099841083636,travel,21,14.129304183411755,1,0,2282,18.874912714371906,0
22.09613345855301,online,12,3.720746777460313,0,0,2922,44.42972743527253,0
54.196531927284944,gas,18,4.281541928068238,0,0,1923,13.563225393544256,0
32.394481232488765,grocery,12,1.2716859743363145,4,1,690,34.39486857182041,0
41.39645833793641,online,14,19.529384359520762,0,0,733,35.40300210544859,0
34.660839323905336,gas,9,6.83962518264346,3,1,1606,38.29672465876717,0
31.408982167551045,grocery,10,19.69672575458189,5,0,1992,28.699769060770056,0
62.255404440674646,gas,15,8.783848754938417,1,0,602,17.22208513944101,0
87.68289291435681,retail,20,18.21648341498414,2,1,3291,25.665604919367535,0
51.52112735945644,retail,12,16.37072015799066,1,0,1479,55.87996922136495,0
125.08673436949022,grocery,10,1.9368161371629107,3,0,1213,20.322197480586862,0
105.11044802427261,gas,12,26.365236381417233,0,0,238,65.96454363366156,0
15.822190284618229,retail,8,14.242953511990391,2,0,1489,24.914683656912562,0
184.04039498210145,travel,11,22.800782774563828,1,0,1544,27.152259883988506,0
45.906292747801764,online,11,7.261561252406809,3,0,845,33.87464362437703,0
109.69888607339392,travel,0,3.6347558525297607,5,1,338,18.44708682358097,1
19.096015941754047,grocery,7,10.857834307353222,1,0,2720,47.52371591039643,0
31.811768704432655,online,16,17.72911728688839,3,0,992,63.285635799620366,0
40.88608447473493,gas,5,6.704614124912375,3,0,2520,56.38865149416666,0
134.24431613113254,gas,8,11.857556037138622,2,0,911,22.11611965133901,0
13.52127112476191,gas,10,17.84003388907115,1,0,1182,32.176560249952466,0
24.528676334864677,gas,6,6.799042709590952,1,0,1114,33.47192515016404,0
83.01427328471834,grocery,16,8.756620539777922,1,0,924,51.82385942741669,0
51.99394638033965,grocery,12,13.364293647232554,0,0,2366,54.30988901462132,0
21.085844131163118,online,20,22.340377690992938,0,0,3308,31.41153492537781,0
42.226790960264736,online,12,20.179427062532763,2,0,3180,15.075158971049,0
57.14050254270576,online,20,1.3486929540857027,1,0,1670,77.72940889069974,0
38.386548042452446,gas,22,11.881082394929509,0,0,2761,22.45365536133699,0
388.20049952998465,travel,2,56.929453307803534,6,0,357,44.84653433107646,1
20.115437977884593,grocery,14,10.50585717210481,1,0,331,50.92683094503982,0
37.34658254136696,travel,13,11.010500116696,1,0,1392,31.087489556536674,0
329.06591221563474,grocery,3,87.98759634613813,2,0,82,19.918776149470347,1
27.056992614354286,online,7,14.89815848084314,3,0,1122,43.24010061436564,0
63.91295014333439,retail,13,4.078141979610333,0,0,3315,21.906056279394537,0
22.75214617513944,grocery,15,0.8229271117123087,1,0,1294,36.95025946138937,0
46.82268746205864,travel,12,17.697684628648783,1,0,1586,135.00461487630935,0
19.69769392688313,gas,10,22.154690808725153,1,0,3463,42.18204819534852,0
42.13530009197729,gas,18,11.147431496298596,0,0,2305,40.44533573105419,0
8.4105963132038,grocery,11,11.190245078458442,0,0,3541,26.31049227036241,0
29.171037236514586,gas,17,12.9827379892466,0,0,1846,67.2591820652221,0
52.273544290164054,travel,10,9.303878213454901,3,0,3355,41.24509361032214,0
44.50999424622438,travel,12,8.09115574628298,2,0,374,51.06667750176233,0
22.020787220740473,retail,12,23.580990237674726,0,0,2721,37.82377309382949,0
53.653673851872334,online,14,15.094961267163225,0,0,3258,52.73298839498738,0
69.07971905993006,retail,17,3.2931049599935385,2,0,2737,49.937642974444415,0
35.215330253792494,retail,18,12.602075985836656,0,1,3508,14.55562012498224,0
10.98515282165658,grocery,19,12.502925211927288,3,0,2115,59.3655467483879,0
124.32871333261045,gas,2,52.433749754745946,2,0,361,18.98997675582999,1
13.827222570614268,retail,13,8.814216889255034,0,1,1655,46.86518388940585,0
61.12153277737993,grocery,9,11.674790858677511,2,0,282,16.797356566090084,0
39.13788313261103,travel,14,10.684106637116793,0,0,2391,43.21541935933687,0
46.34324731314837,travel,8,19.79034898010532,2,0,1714,27.784706624664867,0
40.25211537269032,grocery,19,11.405389699934235,0,0,2038,67.52155216974192,0
16.10944051378543,grocery,1,78.67905014492321,5,1,307,57.09181025771123,1
4.763089625633678,grocery,12,16.607388664245224,1,0,743,54.1982616118358,0
12.140760908460667,retail,3,8.002755694248645,1,0,1932,34.25700189092283,0
55.20117159601759,grocery,10,13.65084778506157,4,0,3519,8.714166289001856,0
57.343228625908445,retail,16,11.79195975120839,0,0,942,17.03182384201127,0
23.356872997204466,grocery,8,27.324171617652453,1,0,3177,27.208969804054156,0
17.77417657865332,grocery,13,15.812092978688483,0,0,2791,30.281607109356717,0
21.502995601975933,online,14,18.967492099249966,1,0,1451,54.22034845395864,0
9.705654593176934,online,12,27.547596402307086,1,0,1196,66.70808929855811,0
111.13656879906452,retail,10,18.36368192385802,0,0,2910,16.81568459706473,0
262.86771309875263,travel,12,7.505715413951802,1,0,847,22.470483841787942,0
105.92248803763985,travel,6,11.499675056711286,0,0,1495,41.4634058801514,0
36.14417623706526,gas,10,9.248771450295623,1,0,500,49.58186297687624,0
28.39210825410148,online,18,10.632382417202233,0,0,613,37.04261663474633,0
36.32621683442932,grocery,13,5.25837741634315,0,0,629,89.96596180934961,0
78.57381116045012,online,13,14.134602126595606,1,0,1793,54.774348700097576,0
26.016958514667163,grocery,1,111.91075685219087,4,1,32,21.50953727580994,1
49.92959666599896,retail,12,22.015623721508767,2,0,3115,59.297182468952556,0
10.432397903981686,retail,19,16.123499955000128,1,0,3373,35.203819860973226,0
76.93134781120756,retail,11,17.245740803978922,2,0,1575,72.02099744840294,0
48.802729996010754,grocery,15,6.084686124044637,1,1,2368,19.340394272582422,0
22.814953976816856,grocery,14,1.1182411455413526,3,0,1664,48.65567528613677,0
22.145187041529343,travel,12,0.16403873833529659,1,0,3266,16.452580787840045,0
182.44097567011227,grocery,23,6.5388998693317735,3,0,727,50.400247369243694,0
11.754719498851008,grocery,14,12.44120668699978,2,0,2462,21.009277414626435,0
11.39049919598523,grocery,18,12.191288694777429,2,0,1095,25.578386123263932,0
56.27807428261272,travel,20,0.07251929158554837,2,0,802,39.07220570372137,0
285.5527944269683,online,9,6.862163109247811,2,0,1628,27.622540270881576,0
38.362008698910834,online,9,3.389077717873054,1,0,698,29.409119491628857,0
17.20598119466513,grocery,10,6.89935286995544,0,0,618,50.983798287655354,0
9.487387780322234,online,17,9.128628522271676,2,0,1709,36.64332960622883,0
31.508179739772547,retail,16,24.118607070333887,1,0,1867,64.79522329652153,0
73.51482001660891,gas,13,26.938593154967627,1,0,922,51.99473689680245,0
38.89741222755152,retail,13,26.32107108797535,1,0,852,54.889296377993404,0
21.234310742337236,retail,7,7.793280320828348,4,0,1253,33.501201130165605,0
44.01324797887132,online,18,6.85439197054248,4,0,362,36.54182157367137,0
55.64364693295068,travel,14,0.7971973617611248,1,0,1241,108.21386652582845,0
14.442901909540339,travel,18,9.806967116360212,2,0,3025,14.797320562714802,0
398.5906079090552,gas,14,15.051348850179252,1,0,1055,29.20511645188357,0
9.936587986000408,grocery,8,3.9949854241859546,1,0,3133,30.844543842646935,0
29.43999413960393,gas,13,16.251977915685057,0,0,1928,30.53949012535081,0
60.601096117584376,travel,12,10.187081717268061,2,0,1647,59.24585272497617,0
11.095027569812311,travel,6,4.620851325387982,0,1,2392,62.50773459638411,0
38.796445312309025,grocery,10,7.140679614634401,1,0,1553,52.28922297151784,0
68.87630539852718,retail,8,12.603880898596941,1,0,3283,19.844784561461253,0
14.8315448678245,gas,11,9.416244544949773,3,0,1395,12.782227558002102,0
30.985381907443518,gas,12,10.191840152124744,2,0,2880,24.03463051001698,0
10.318710497235841,grocery,11,1.000681865336679,2,0,1162,18.86144006943761,0
71.68761418274713,grocery,16,0.5263792657451294,2,1,2133,41.17070578828272,0
32.628609358640375,retail,15,8.502181427944958,4,0,806,45.5718307799792,0
32.67770108827325,online,5,67.8393241893604,2,0,230,55.56971080326395,1
100.70203813720134,grocery,16,11.75257250030135,0,0,3410,28.97924050782563,0
23.976668925154822,online,13,16.02551959786039,1,0,519,45.99129830638283,0
35.49074044694784,travel,2,9.094732044351328,0,0,3018,60.536489123376356,0
67.50210137664968,retail,13,3.8015825749157672,0,0,1073,35.75896331930093,0
57.64680925939606,travel,14,13.180222052585231,3,0,2441,18.12718490137066,0
360.757938185008,online,12,3.234485508427821,2,0,1390,49.45221260549955,0
85.970654388595,retail,13,2.0604235570673666,0,0,346,62.92850034365673,0
29.44129847502186,retail,13,12.737804635394765,0,0,576,19.77906423133067,0
31.84505953101542,online,12,22.451328284574135,1,1,2946,23.17264152829521,0
47.72248045907704,retail,10,14.98673840539863,0,0,2925,36.380185905248474,0
38.69405474947554,retail,18,9.470672523628522,2,0,1365,25.00863693521339,0
34.491404962763944,gas,16,22.53483765771029,2,0,1348,50.04525969113917,0
76.6800961627632,retail,11,11.901141250399673,0,0,793,7.85593253482953,0
59.27002128444385,retail,13,9.765186383074443,1,0,2386,60.045016818250815,0
14.778246268149896,grocery,23,12.989227244969186,2,0,3029,56.298741750202936,0
139.5118050199032,gas,15,13.811441333736997,2,0,392,70.58231416197336,0
23.44609015416806,grocery,14,5.920848377074938,2,0,1229,33.03357152438537,0
39.87712924722059,grocery,13,31.09335313556471,1,0,1978,100.83157691476015,0
12.647243871807076,online,23,15.111654513701962,0,0,1475,26.001746271985418,0
43.414657998943156,retail,11,6.0402835928743945,2,0,1418,45.851981667923724,0
86.25475538727483,grocery,13,14.469562263374552,2,0,978,43.76842332016532,0
10.73201105767655,grocery,13,5.762468650811211,1,0,249,36.033585936443465,0
18.639336023099418,gas,6,7.639550481554862,0,0,2292,56.56673979934726,0
28.97129568224732,online,15,21.36147951025559,0,0,2243,29.07290673464057,0
13.939988733363469,gas,14,5.735967345389326,2,0,2901,59.898851918362695,0
23.646436223134906,online,14,6.386871286584425,1,0,2699,30.128178483403268,0
99.54058502008725,retail,4,12.418583202786197,4,0,1702,44.75101909232617,0
76.7477075377393,retail,14,10.300424613284504,1,0,3490,56.30019628965811,0
27.353419883819228,retail,15,1.1897080812813758,1,0,2128,25.287189984398072,0
23.53515225285461,online,9,13.246592693390514,1,0,3197,37.129606847381886,0
79.61284005367548,grocery,13,5.495351383581011,2,0,626,18.300801581135588,0
93.46580404402732,retail,15,12.415292555903132,0,0,1120,10.61376331182281,0
174.2008071892414,online,10,7.742075264614169,5,0,2650,36.33768638725083,0
49.27216802788142,gas,14,21.126668385413147,0,0,2166,77.98524495423877,0
14.982548949177243,retail,19,0.7475582634613094,3,0,400,22.553587730599602,0
7.9964919017730285,online,13,2.4689481108858757,0,0,734,69.60771924141741,0
32.20850616359546,gas,9,11.464103426491857,1,0,947,37.80292163217628,0
7.593560723537312,grocery,9,3.498232637129348,1,0,592,23.307395970686773,0
19.98012074844247,grocery,10,4.34819599387363,0,0,2038,29.7394522020272,0
32.623503499486944,retail,12,20.528059357747985,0,0,864,28.51731502303666,0
25.042987207615443,retail,8,17.04847113645947,0,0,1375,59.682218003364184,0
22.500806626923143,online,15,1.3947961314009003,1,0,2986,53.94717258117549,0
11.295897324590074,online,16,3.6956190141359357,1,0,2940,18.967930758782234,0
60.43367158307462,gas,9,11.20481994275707,1,0,2656,50.00293273583583,0
33.486535529003454,online,13,1.4518339673404892,0,0,3351,33.62407749111401,0
51.95119333607691,travel,17,1.8173153304990528,2,0,666,24.704201187962877,0
32.09031174868028,grocery,14,12.484317103313632,0,0,366,31.40068446646146,0
34.099977359822304,retail,4,125.51002103315196,3,0,353,24.31897341031223,1
8.812002058195178,online,13,2.1044581079875453,1,0,1438,9.876140441658423,0
17.84265917458997,gas,16,31.5866306874967,1,0,831,22.312391771448507,0
23.288610251383968,retail,13,14.983552243306466,2,0,1265,35.465819198995774,0
22.908063883641482,grocery,11,12.598065916268336,1,0,1386,27.914671027618954,0
6.466351927816987,retail,14,2.1067277782071168,0,1,2186,43.91505594238601,0
21.887396322640193,grocery,15,13.876731030714199,1,0,2684,43.63193923212824,0
72.0992440650585,travel,11,14.532817187141804,2,0,3573,13.12468423025208,0
184.21790113060774,retail,18,9.183949758981907,0,0,1672,32.43229494208042,0
42.186842030254304,grocery,12,21.933390870414463,0,0,1641,16.07544377881593,0
27.458541909458894,grocery,17,18.96773618891502,2,0,1350,14.485147765675674,0
14.764349188442617,gas,10,18.148299421203156,1,0,2497,28.32821863990206,0
139.23582589613525,grocery,13,3.852515864772057,2,0,1295,54.3480040425824,0
19.07193305483654,gas,19,9.617128578777942,1,0,3480,23.866072813242763,0
23.511928103015624,online,15,15.327022589651122,0,0,854,36.55425850340897,0
14.89933777613411,online,15,8.628035196894086,2,0,683,30.03165803342292,0
13.420167099937895,grocery,10,19.52379988154786,0,0,3291,21.113799034432198,0
30.801807525692045,online,16,4.7353526314523435,3,0,1373,16.748566356789176,0
57.21725184309252,grocery,6,10.824940659565096,1,0,2256,42.124824703594285,0
11.221861229565532,retail,18,2.2782873859956156,0,0,667,23.56009081470822,0
33.62662695171529,grocery,13,0.36838954259142653,3,0,2376,22.23587234606573,0
118.58192247020747,gas,13,15.577904371122504,1,0,3468,30.29074315943693,0
64.2977388468753,online,16,2.581015954432531,1,0,2213,54.592935711914926,0
42.916963850166574,online,18,23.111684220798665,2,0,1166,71.94137106223239,0
85.73089178484791,travel,17,4.52519180703054,1,0,999,44.50160649712744,0
20.057962765607186,gas,16,10.373098932527727,2,0,2234,45.3083269011155,0
19.687775996181106,grocery,8,7.5861355683309135,0,0,2023,59.86417461654494,0
17.91721437996018,retail,10,1.0183639141768008,0,0,1945,14.600080570447654,0
44.34361819339497,retail,14,9.080392548065259,1,0,3213,66.88379387482625,0
100.22505976216516,retail,9,22.259043060700975,4,0,396,41.683217197561014,0
27.554346629225357,grocery,14,0.13305596085287696,3,0,656,38.5532854869179,0
9.424371797666504,gas,13,3.374555489011935,0,0,1521,39.325075032153144,0
19.20476977610781,retail,23,12.256289683697764,1,0,2551,38.02926756473375,0
89.1440008766436,online,18,9.87156768601131,2,0,3608,34.90540798244183,0
69.36733723045349,travel,12,20.6719854870154,0,0,508,84.70601391997533,0
13.555338406025118,online,11,10.792115595898059,0,0,3523,16.5351032327033,0
10.699072323080348,online,23,23.096659263941937,0,0,767,20.170612272249627,0
12.457187342013563,travel,15,7.283758746672108,2,0,2599,67.64999686237998,0
12.469991524533405,gas,13,15.78430351663891,0,0,1226,24.179611919214995,0
24.699781160738635,grocery,18,22.626741419978284,4,0,2443,20.943592385616913,0
17.98238512827581,online,13,14.829705924353568,3,0,1903,31.658605878726764,0
108.83107661271399,online,10,21.98837088535883,1,1,1515,22.915075088221073,0
78.1715210197343,grocery,14,6.593456013067589,3,0,2502,34.728476002438015,0
7.34868042873981,grocery,13,12.585977500268498,1,0,2407,44.88398118972545,0
51.26598123589113,grocery,12,6.357260614837499,2,0,3592,43.4968183216824,0
24.345707840714198,grocery,15,0.781673842475227,3,0,3147,65.81342111531795,0
27.30292601011255,grocery,20,9.769467187291013,1,0,2024,41.53031421310899,0
1067.7700331575156,retail,3,66.26873622816125,6,0,282,80.84347645920094,1
25.340375958032787,retail,10,15.057730512254803,1,0,2026,13.8772882752625,0
51.82291149577501,retail,7,35.26217026435438,3,0,871,33.00460443634248,0
27.09457672028186,retail,9,13.83951792918623,1,0,2422,17.18170687396102,0
69.04535138585543,gas,15,13.146361105331845,1,0,3554,48.47947255893914,0
41.865327510445496,retail,11,19.22802279825235,0,0,2080,27.941864081537464,0
22.83526752556502,retail,17,3.0944823026653756,1,0,2920,31.201513649554272,0
21.999670123401362,grocery,12,14.219846664221844,2,0,985,29.996459652522898,0
144.18895473364847,online,0,114.12271468397245,0,0,120,19.622305810133703,1
4.292473293388366,online,16,10.160969036646879,3,0,3307,31.53694298335645,0
24.9978347912368,gas,10,14.676983619893926,1,0,1256,111.38842218673695,0
89.81640372623788,travel,7,90.20509807711892,6,1,138,33.98013566448962,1
120.28002986199002,travel,9,8.032037293154394,1,0,1692,62.08870908493625,0
5.921250613919563,gas,10,8.986687781218693,2,0,1584,14.610576184978841,0
20.775887800559723,online,10,3.746623421224899,2,1,3083,22.5859270632637,0
21.05128948228068,travel,9,7.100007976943452,1,0,440,71.15105463199494,0
341.44176636095796,online,3,78.15446536838239,7,1,351,30.174197398320327,1
33.14740325197084,grocery,10,8.415410958805118,0,0,429,52.235090113451335,0
62.09342631659239,online,14,1.2980105971706557,2,0,613,22.82514193957397,0
84.64986116413743,travel,0,110.21972561721515,7,0,113,30.633149972029692,1
23.168371203984552,travel,18,12.249536143282203,2,0,2624,18.018093343533955,0
58.02872774369583,retail,12,22.845423664659634,1,0,856,50.43655492894479,0
27.173930983056753,online,13,15.015016508232176,1,0,3608,30.9720543136394,0
28.562032212666402,retail,3,3.836601606896969,1,0,3486,29.32054965853026,0
17.83153716991238,travel,13,6.519382067389472,3,0,913,34.15143799019352,0
54.62730657819227,grocery,9,13.349636626338947,1,0,1609,31.38821160589415,0
21.15455328876364,online,14,20.70873710636485,1,0,1884,57.60331912374714,0
230.7588415156484,grocery,9,8.060996335159109,1,1,2548,22.964315181119495,0
26.36664080622012,travel,17,15.991488910447414,0,0,723,38.666640034434316,0
61.396876868078856,retail,10,13.989519297084357,2,0,322,8.117058731485669,0
7.08416446832431,retail,16,13.467619533595846,3,0,1124,40.74050169041821,0
50.19263676388511,online,5,54.21652251332104,6,0,152,60.16095126885336,1
23.891418327712522,grocery,5,5.06016601173971,1,0,3155,26.322970857059033,0
43.69366410282158,gas,17,0.3866075173512211,4,0,1249,49.62678015388093,0
69.2304781657753,online,14,3.445267258123412,0,0,268,31.673646279855003,0
48.32384007908949,gas,9,8.798817343860488,2,0,1384,29.669635736776364,0
14.705103574146257,retail,14,9.471100848383944,0,0,2210,47.12095814909833,0
14.727774071292107,retail,9,10.730517828890797,0,0,1228,51.069607838965545,0
212.58074120785614,online,3,115.32185289851964,2,0,257,30.74199522877097,1
52.54435666538837,grocery,12,14.56912993630459,0,0,3569,9.15749392686346,0
38.801845448906455,grocery,13,6.926546674344196,4,0,2497,37.67234200747761,0
40.4249381922521,online,8,25.70842266835053,1,0,1256,53.76439255323124,0
21.654716474756615,grocery,13,11.422638397643475,2,0,1713,28.90638728572074,0
28.90030942995879,gas,11,3.59821811680077,1,0,1218,26.16059706098356,0
47.37841986938799,gas,18,11.713351529054002,0,0,648,20.737144754154713,0
31.271920882655994,retail,18,17.517883853976834,1,0,640,17.377612608126352,0
57.12264128225574,online,12,1.8591742959661506,2,0,3396,48.363294950544855,0
79.13541330645884,grocery,13,15.781398599106389,0,0,645,56.24540898521694,0
20.203957148305246,retail,21,1.4104572304202865,1,0,1176,23.07579770822527,0
33.684888318407424,gas,23,0.678384000277692,2,0,2714,47.80985226850109,0
65.86915732595101,grocery,13,5.984064318550363,2,0,1695,12.637608434839407,0
513.0410929388752,grocery,4,144.0970058250562,3,0,120,16.428205223005968,1
13.209876531183102,gas,11,14.169839925156332,1,1,1521,50.631664035876,0
12.47130068355099,retail,10,7.95850262788573,0,0,3357,12.014521442818042,0
11.282087102845939,retail,12,1.253755460476464,1,0,2157,13.073262291688117,0
67.14993466443093,grocery,11,5.0868517500225225,1,0,1828,26.496256822347387,0
20.891563297212212,grocery,13,18.051288320212436,1,1,459,15.169242550966752,0
31.009048757213098,grocery,14,14.24274321336464,1,0,2694,26.598208443738354,0
164.04782094487376,gas,0,101.05870258458734,2,1,160,14.902395355585696,1
11.75098400686819,gas,14,5.0545996631986485,1,0,2169,42.53795242217398,0
31.518940161670898,travel,20,8.454758201203369,0,0,1650,34.61592136851664,0
16.974672113174446,travel,13,5.668215947942648,1,0,2381,43.86146234313172,0
72.63249342889814,travel,11,7.271256542867135,0,0,2701,36.87734644659087,0
69.56573288304156,online,15,15.980369006291674,5,0,708,22.882016167076312,0
10.81090189978579,retail,11,21.63630768710206,1,0,3073,13.681125703739921,0
113.8173331652193,retail,13,9.245847433880794,5,0,1156,61.53632585400538,0
98.94134822177638,online,4,48.06956284537052,7,1,77,22.467374850228406,1
19.404939306391253,gas,7,9.891974043256186,1,0,2124,70.00719933351678,0
52.372854966603704,online,6,17.29563951793022,2,0,25,15.673200108355712,1
17.472817623419758,retail,9,8.99402962003382,2,0,1450,24.304856460090992,0
15.184188616068955,grocery,12,6.155404694380204,1,0,394,38.86001562637165,0
45.963836559082736,online,20,14.015201869605376,1,0,1142,50.43766713518145,0
43.56178508344455,gas,8,1.539882637652548,1,0,797,19.520607078521568,0
181.92767402533093,gas,1,9.29116541578459,3,1,221,74.15780414164873,1
39.60797002673643,grocery,11,12.13980311118449,2,0,992,51.95032366184154,0
22.699151339021554,retail,14,13.781118103920093,2,0,1676,26.41784842581449,0
32.42323821053365,retail,15,3.504274601581427,0,0,925,40.90332727017016,0
140.25728525478797,online,11,5.080447179871655,2,0,2201,93.11763344741779,0
33.25119696209663,gas,11,8.3812887450393,3,0,508,43.51885890345421,0
31.51289390849563,travel,15,26.051269101703493,0,1,1073,80.49307500470289,0
33.2049979507552,online,9,11.083930978534095,0,0,2817,51.121165793364554,0
75.63901401260232,grocery,20,17.985741247773838,0,0,3439,16.95922159148712,0
17.429744218209006,gas,12,16.31260161119928,2,0,3620,11.47561193484766,0
19.666456819121798,grocery,16,23.971925052756973,1,0,2953,49.215409104404586,0
11.734514325770494,travel,17,12.93284997611044,3,0,779,20.866580754981598,0
85.61913871293878,gas,7,17.012847038737434,2,0,325,41.80687541532304,0
22.93149470632351,travel,15,18.08303450626611,0,0,1675,43.45644945668493,0
29.945242501696374,gas,6,3.778055471660153,1,0,558,69.27689895757034,0
14.87578823053076,grocery,9,5.111319500186261,0,0,3229,58.43750920882087,0
16.092587407767272,retail,17,10.995078135261714,2,0,1352,43.39332389549458,0
48.92545571964757,retail,11,16.02312865195028,2,0,454,32.92900527311648,0
34.3837639584888,retail,8,12.659014668156878,3,0,372,27.80665508048354,0
123.17574147620094,travel,16,0.10291802982542286,1,0,2782,28.46918784942389,0
44.29649286569899,travel,8,18.24351028509433,0,0,1572,62.494228656537864,0
16.07135526702543,retail,9,0.18388738169171326,1,0,3076,28.84417616714015,0
22.624271748679348,grocery,19,13.966124584124083,0,0,3253,15.651825304372318,0
39.386394956914955,grocery,5,18.45941829691309,0,0,2112,31.8493286727251,0
15.05061964739293,gas,12,3.300953682540265,1,0,3638,36.50338328340651,0
14.90283551920625,grocery,12,14.125285040667155,1,1,2521,23.324093523983613,0
29.510022618475208,online,13,6.5280763022723445,1,0,1538,74.04011732474342,0
37.4929361945372,retail,15,11.531605727658821,1,0,2496,57.16478163753802,0
250.02125661279862,retail,16,12.1213113819727,3,0,1749,27.051140891165836,0
112.73809445343578,retail,5,92.11379357068921,4,0,66,19.760050253128487,1
97.15775881572648,retail,12,10.146019686848904,2,0,187,31.195724765557607,0
19.68743967539982,retail,11,9.463919666198231,0,0,2127,46.335039734803374,0
28.748358486954213,gas,12,8.038620625188916,0,0,3572,43.197035588204514,0
18.142819734578627,grocery,7,13.101439032262771,1,0,2554,56.07156926405132,0
2.4768463748768963,grocery,11,6.812437800085066,0,1,2354,38.819413862083074,0
25.33482000526636,gas,10,2.8821049503344014,0,0,3016,44.37514964330422,0
49.04704606737792,grocery,16,9.98209506820655,0,0,1761,52.717029719158695,0
19.82235760756761,online,2,8.570552899136132,1,0,3481,12.997749323504964,0
82.02434369160375,retail,16,17.74345559011992,1,0,3585,99.94941192447816,0
38.098279937905396,travel,10,4.507163745214394,0,0,372,43.01060033428088,0
18.78905625923996,online,11,14.579771294237887,2,0,2943,31.68266788917226,0
25.314370554047198,online,18,2.953384452126917,0,0,3537,38.78235999381098,0
18.051047787082428,travel,14,13.984895965156332,0,0,2883,22.988941649515315,0
86.49297226461756,retail,15,1.1505411829936438,1,0,1252,39.00947163857773,0
8.473153306106733,grocery,8,17.029238801443032,1,0,701,22.476072594278808,0
39.59057683783788,retail,15,12.959404904035122,2,0,2156,96.15045785438348,0
127.70377295473327,online,21,3.869179125879872,0,0,1130,42.65781412969542,0
35.6687844421187,retail,15,11.63155086012796,1,0,2217,37.01971937955523,0
62.79990253946744,grocery,8,1.789171020880831,1,0,738,45.653594414937814,0
12.31033842010718,online,14,13.522831951023308,2,0,2569,20.559811487144557,0
22.80935590508374,grocery,15,12.173468676000246,1,0,286,43.35028560613286,0
59.15000231004424,retail,16,15.506077686179308,1,0,2244,55.212962396406375,0
16.316189386183925,online,8,2.3756762930812014,3,0,1772,41.534419065210336,0
15.911569205351464,travel,17,18.71703618327329,5,0,2103,13.013120605315125,0
148.53162729425432,online,1,35.17463859185224,3,1,111,24.35242725563711,1
29.503581727313804,online,9,3.9029324118872166,5,0,3534,39.914566208165084,0
39.273787145791026,retail,8,13.34811647325644,3,0,3647,28.911021627676107,0
51.306212073814976,gas,10,19.49132472414087,1,0,2145,39.971048912236284,0
48.355989860670995,grocery,10,8.542715329136609,0,0,3307,33.18382461675081,0
10.464193577521039,travel,15,5.3797258878462975,0,0,713,25.209651411220385,0
7.980681436623904,grocery,13,0.6320610977875862,1,0,1944,24.078764218919712,0
47.9298331892244,gas,13,7.810979116853854,0,0,2322,68.006353331667,0
12.38344282653755,retail,11,7.440741775976689,2,0,2839,81.3628380628658,0
37.44900289927918,gas,17,12.770501681799093,2,0,1553,30.88943147663398,0
24.296206766570577,gas,13,14.042090745393613,1,0,3454,22.826976524369904,0
65.3450491112177,grocery,14,16.306333253088027,1,0,2392,17.02053133198926,0
32.201376742107726,retail,12,21.318725302604438,1,0,3608,8.071513602108976,0
9.24846760026799,online,12,30.668589281332537,1,0,711,27.360760370261808,0
101.72117062032727,retail,15,2.948530358184036,0,0,673,53.37793188166758,0
78.76281499329453,retail,19,18.676004242327405,1,0,1426,18.191397920156497,0
39.939738715034046,grocery,14,19.137659143084463,0,0,1231,25.015364385828544,0
17.041379500981833,grocery,12,19.292024387855808,2,0,1819,12.247502840684655,0
59.61470243734419,grocery,15,1.4605285363160014,1,0,3471,43.82173515294648,0
25.983355858214317,retail,11,21.877134895012063,2,0,350,127.21475567793931,0
156.20093124234674,retail,9,21.97504219080685,1,0,1977,12.826410233649929,0
101.55367231553659,grocery,7,75.49293994394137,4,1,57,23.61919625287208,1
151.39700335625795,gas,18,11.719862539636384,2,0,2400,32.18585571964231,0
123.03944750073816,retail,0,38.284212255771386,4,0,306,46.68955817282173,1
11.49058684850529,gas,15,11.244092830108487,1,0,2743,28.54859666002281,0
30.13071786378387,travel,15,6.963004026585329,3,0,3591,92.23336206021222,0
32.49734128261619,retail,13,11.147247688570435,0,0,3424,9.614544972480834,0
94.81537340826672,gas,10,13.573628886473154,0,0,1915,25.610195730115812,0
103.17260871527714,online,11,5.887289565056817,0,1,1101,18.9495968915054,0
35.47808232219485,grocery,15,19.858628841717312,1,0,952,27.47779355046092,0
42.76506199656965,grocery,21,4.490444532438122,3,0,2342,40.67269857403381,0
125.86592086208886,retail,13,15.037916115269905,3,1,3589,27.150896369407484,0
29.647818837043886,online,20,13.558828300459904,2,0,2912,68.87590050175203,0
13.610392215732434,online,18,6.8208055353681765,1,0,3325,29.12103507728167,0
69.35384685442341,grocery,7,22.936359396173458,1,0,1899,38.56294481616225,0
15.423648316022955,travel,9,1.343857719664511,0,0,2538,26.55743498907957,0
243.32539312438172,online,13,8.939167374076026,3,0,369,55.72594413905215,0
993.9929237412857,travel,0,49.436578629451986,2,0,309,27.862913074982252,1
7.129645224416509,grocery,16,18.22174999023627,1,0,2447,76.12470618328659,0
87.95514392698954,travel,9,9.230301903675368,4,0,3186,30.376258456991568,0
69.08401267044397,gas,18,19.96032806578605,1,0,988,27.829631095896882,0
85.76203200583777,retail,17,1.4745384174434673,1,0,2025,13.777782026180846,0
131.48478450844857,gas,0,109.3734987306288,5,0,345,30.580183426061037,1
16.825821088051857,grocery,4,11.962396429379076,2,0,775,39.72538094479521,0
29.065340867357328,retail,12,5.460421750173187,0,0,2848,23.063300959735418,0
21.44003959736646,gas,9,19.1022142453493,1,0,1104,28.35425387389486,0
48.98429071143313,grocery,8,11.689675193795654,0,0,2023,22.508515681286372,0
46.30339143255358,online,11,6.3342157659479925,0,0,2065,71.99019182047905,0
25.83645798733447,online,18,12.150498851297234,1,0,956,27.181147488960324,0
27.529340848251426,retail,15,21.638609393173205,2,1,2459,20.288908970679973,0
28.971211469312994,grocery,12,6.518922221469133,2,0,1176,24.44608933141006,0
23.336843079004606,travel,8,12.241887568019953,2,0,2409,25.669962446236006,0
128.65894867829837,retail,13,14.491781038609064,1,0,891,34.90241374484355,0
58.3516094679748,retail,13,1.9541082325299097,3,0,2431,30.639707403941507,0
36.545711446538334,travel,10,1.6246259991447491,3,0,1663,16.618900717021667,0
64.87840587800673,gas,14,8.777160065486196,3,0,2328,31.547993832903558,0
6.888817513157541,grocery,7,7.899394725475023,2,0,592,36.6206564656759,0
57.014990264189805,gas,12,13.657798495594749,0,0,1274,29.80442675033752,0
33.870516828495774,travel,17,20.638354921640605,1,0,1045,120.73512800398814,0
14.331661975335344,grocery,17,21.174081419187928,3,0,2025,17.932245324653376,0
25.581159638684333,retail,18,12.598252752880917,0,0,1393,19.761300053719733,0
15.438254141753458,retail,12,18.946705094345024,0,0,191,92.11677805633099,0
172.29409327392128,grocery,10,16.614709045672914,1,0,3022,30.486018290031183,0
32.444811890057146,grocery,13,6.433637489385464,0,0,3506,28.568974567198545,0
13.521838611840632,online,14,22.609380221931026,2,0,1800,19.04222701482106,0
20.363465946529796,online,4,22.197108771862048,2,0,410,8.759930367740191,0
20.87999825451948,travel,10,3.9215829440978,2,0,1325,44.91875339512725,0
22.390330178115676,gas,6,74.12058285513108,3,1,263,42.23193138956984,1
211.29983846193562,travel,3,159.25915083457824,5,0,228,7.423861027093053,1
47.555499380788945,travel,16,2.5947337418557037,1,0,218,28.063052245563163,0
45.45136379890772,travel,16,4.506347776137268,1,0,2455,33.30208863963806,0
76.90126164364766,travel,10,8.085814822785188,1,0,3445,16.598488083112006,0
29.737312560653862,online,14,1.0782621762326468,2,0,617,36.71859513804157,0
171.74251953444838,grocery,11,7.5873615376711605,0,0,3498,48.19889595116315,0
20.096058237159625,travel,18,12.834475052150884,1,0,1363,18.812152680458865,0
22.46043533281975,grocery,17,9.518764004758978,1,0,3000,66.06721508027118,0
16.628692578450686,gas,18,15.251252523919778,0,0,1509,84.4500656266315,0
15.033129188645338,grocery,19,3.140460563622267,3,0,2552,44.57931685024749,0
59.80255493503211,online,8,5.264991469255261,1,0,215,73.16240426488412,0
9.427203669588641,online,14,10.515260179455536,2,0,874,37.268186243134274,0
26.05627654996694,retail,17,11.323932513065122,1,0,185,45.87868948703663,0
24.618754593712357,grocery,10,18.58730161928356,2,0,960,39.26903809375838,0
64.62192113306408,retail,14,25.301505074854365,0,0,1589,21.542926659458132,0
73.60027178937021,travel,13,12.899599052756212,1,0,2629,84.4048157957369,0
52.37881682843466,retail,16,6.700639441200744,0,0,2028,20.754846205705594,0
252.81952780955672,online,0,111.41778520220699,4,1,306,22.794170213984106,1
51.64586411149607,grocery,23,12.903965627461499,2,1,2259,20.314664324258278,0
70.97300814320081,grocery,10,1.914274115521744,2,0,1721,42.12254904826395,0
40.10084840372828,online,15,9.761868093308786,2,0,264,36.4652105972388,0
10.269599658081123,grocery,14,1.228469036509301,2,0,1156,64.17828818115652,0
50.31324640403292,online,15,12.054266058597783,1,0,1024,31.01890773892212,0
25.512822636425646,retail,10,7.554940460745636,0,0,1752,25.57296834467682,0
53.30465017461275,travel,19,5.85492754666514,2,0,2041,37.717654795944995,0
139.3100658599721,gas,17,6.112506193902107,2,0,863,22.23510163949342,0
39.63639574384649,retail,11,2.1764893155788902,0,0,2628,23.7854120295518,0
120.59842914041793,grocery,18,6.326236816086075,3,0,1454,35.305647751602386,0
39.629011150533586,grocery,15,7.5420301947061485,3,0,2814,26.30274827798765,0
50.00026041761727,retail,16,12.110044678580605,0,0,3154,30.254359572652977,0
11.516875959085056,travel,4,18.251044202218647,0,0,1147,58.20066196209659,0
107.93698028086352,retail,13,22.642718166583755,0,0,808,66.96261893757612,0
28.744378509047333,online,14,10.678923666888833,2,0,1385,16.65163684256685,0
97.81695238918552,retail,12,8.629949561400524,2,0,2500,47.82265586997201,0
143.45847704892833,gas,14,8.839730467772617,2,0,862,16.090492687316182,0
50.387058208351846,online,0,137.34760927349816,12,1,204,41.04523844939488,1
54.09892841576849,retail,13,6.871802665075389,1,0,1249,21.434580082214318,0
14.682458723502037,online,14,7.345769825823022,1,0,3086,30.806628866965102,0
69.83062488636402,retail,9,5.100616872793054,3,0,2481,27.74037272332993,0
12.929665411051584,gas,17,3.1540593603879428,2,0,1722,43.38019725157891,0
55.37776768556698,online,12,2.187037473091552,0,0,1646,29.76399781281476,0
62.515326063492736,gas,17,17.8340779542957,1,0,3004,20.499741682336417,0
9.59368779549261,gas,9,2.147325590629457,1,0,1729,11.54319099841831,0
24.630639500682342,retail,22,19.348642914187053,3,0,3065,27.008382529742963,0
127.4866206439997,retail,15,2.638782148338514,0,0,282,15.247872163596503,0
9.200674689845163,retail,10,16.160400871340688,2,0,1143,30.060363046534363,0
23.392208996448385,retail,7,9.205485297663744,1,0,3627,53.535399893788345,0
56.95720837456788,gas,10,8.176859529873328,2,0,516,45.26262045747933,0
57.14784333281217,online,14,6.237954269869141,2,0,2492,47.04270469684747,0
10.817291741631776,gas,18,11.504586855934184,1,0,2419,24.875650186724823,0
54.40944053437511,grocery,14,11.536033895749414,3,0,353,68.96585829745781,0
8.175766071210326,online,6,0.4923517282960095,3,0,1217,18.63967294347593,0
44.089862832201504,online,8,1.571985628325498,0,0,2926,32.419445760783695,0
28.665280580978333,gas,19,7.763098240762586,0,0,2044,34.05196559160303,0
23.043904158162825,grocery,15,16.58738547649849,1,0,1316,46.379856793176224,0
56.43276901729043,travel,14,20.52940865224018,0,1,2005,29.364528510545686,0
25.655471211579474,gas,11,17.384358617814094,2,0,2788,52.38308154264095,0
190.91768118308727,grocery,20,6.081733236528503,0,0,2194,54.53099722895771,0
49.428766726312205,retail,14,11.098730596520836,1,0,1604,33.09140895843575,0
85.06687801068469,grocery,14,15.241869028110084,0,0,841,20.438358371363904,0
49.95518381186628,online,13,3.6091237941379344,1,0,1753,41.95386040800396,0
49.08410902014697,online,14,15.699854115470437,0,0,1058,56.04090332567357,0
140.81473352842218,retail,12,6.102662535766843,1,0,3371,26.50847386671178,0
27.62752949069595,online,17,14.29445975379923,2,0,919,20.09833620218399,0
10.895414651898124,grocery,12,2.075014212981939,2,0,1924,32.60300890611186,0
164.82335266937406,grocery,12,9.131777259481217,3,0,1043,35.31632074556211,0
104.07308840791096,online,11,0.4740335941066274,1,0,2286,23.83483120969027,0
89.22462641350556,retail,16,4.17287749406632,2,0,1110,23.688037101786385,0
19.862441802673523,travel,11,19.731579098216642,0,0,394,35.479145664226344,0
15.695681844024302,grocery,14,18.259115185011176,1,0,1683,110.95735188896838,0
65.80928207323521,travel,19,2.302870174476922,0,0,2971,29.384533374067882,0
63.43531072586762,retail,14,10.813785667774159,0,1,3107,42.70269326915743,0
45.25765739115678,retail,12,19.577428251695302,2,0,1235,42.619274378913595,0
38.241270841078276,gas,13,15.453073789347112,2,0,2786,29.569868594790677,0
35.22988211233638,online,18,7.69479790061987,5,0,760,22.198321471455312,0
17.345990276765132,gas,15,0.5916086737565021,1,0,607,46.48083000769132,0
59.41883687788258,retail,15,14.396594528515553,3,0,2264,45.09918254924648,0
30.665924292059184,retail,6,15.308782948486101,2,0,1891,37.30393285172171,0
57.06396800905308,retail,15,22.128929442840345,3,1,1082,32.31156146352998,0
39.10108241008347,retail,7,5.043484352504649,1,0,3274,44.12669929441463,0
9.53276184538156,gas,13,8.444068121081791,0,0,2453,42.62013184929039,0
32.68321630000239,retail,17,13.04661134676203,2,0,3563,35.712276620702376,0
25.607654909174414,online,6,19.08496468393181,2,0,2475,13.866918676197987,0
47.64571643909476,gas,16,5.563254076539586,3,0,2924,30.965072215248686,0
21.740396631936346,grocery,15,12.512180819888913,1,0,2879,28.604656669854393,0
19.665495391672838,retail,16,17.6240759857124,1,0,3268,65.35108764056959,0
37.09096952340398,travel,4,12.152421544125657,1,0,1727,31.882856562623413,0
17.561372297083242,retail,15,11.349210940881564,2,1,966,26.184882904451896,0
10.090069290335403,gas,2,12.352656310345713,3,0,1073,51.34374353519139,0
20.21040257401098,grocery,18,9.737004118780527,1,0,2240,34.081687326285696,0
26.44639266139699,grocery,7,27.92741244964634,1,0,589,36.140303208397995,0
10.982526042844748,travel,18,18.375636275425673,1,0,3540,20.611927656747696,0
51.86414071873115,online,10,6.279392430391951,1,0,2684,16.093425996953385,0
62.15726358648593,online,8,4.9991365123802645,0,0,3236,43.12480535498124,0
17.318894105750417,gas,11,25.85976360135142,2,0,943,23.075858884801313,0
27.297688910198755,retail,16,11.611156469722248,0,0,1317,16.729331106180485,0
19.059528459926046,travel,13,19.733787939983575,3,0,528,36.92282403010527,0
18.85022872110053,grocery,12,12.017558833874293,1,0,1676,41.59016858512399,0
61.724989241461046,online,19,2.2227022564534,2,0,3567,21.186911485019785,0
43.07789240368052,retail,13,5.834955147501608,0,0,448,39.74267750676216,0
32.94313679717033,retail,12,2.1165880724684527,3,1,2002,25.47114266855116,0
20.926995931594966,travel,10,8.172219649523676,0,0,526,24.945601723435633,0
57.65543313985558,grocery,10,13.534085197195836,2,0,298,45.15808295762139,0
99.43960495889739,gas,13,7.837837058603128,2,0,2183,40.465696180549195,0
32.79673086665027,grocery,9,14.525063215093759,0,0,1616,28.918308748322524,0
63.94580512359986,retail,12,2.097072718881825,0,0,2212,20.18929231083574,0
9.429284548922487,retail,11,11.171804893226545,1,1,2254,60.877874610902666,0
4.020482051645286,retail,10,19.978429205317422,2,0,1646,36.94139770767004,0
16.28112168479433,retail,13,12.33719073695039,0,0,2884,45.90776623870659,0
47.84553084896451,retail,10,5.404106356669794,1,0,1836,34.99957101903775,0
10.236704968387766,grocery,20,0.4611406487475236,2,0,370,27.2470772396208,0
15.20379164836213,online,9,17.49893931402944,1,0,2664,62.972109893147824,0
28.185474958130403,online,10,18.07668774312955,1,0,2961,75.2325478698988,0
31.75583346165699,grocery,12,14.14845416454234,3,0,2370,59.518980789664326,0
23.86884493856746,grocery,14,11.951127532963607,2,0,808,31.14721342406118,0
30.211143513278536,grocery,18,11.119856770570836,3,0,3565,38.72834894594286,0
29.668995241803078,grocery,16,10.883344375568957,1,1,1485,94.76735662561849,0
80.65257240670503,grocery,9,0.19069860107363468,2,0,1258,24.901924122962864,0
60.67858852898175,grocery,15,4.52920879600339,1,0,2585,30.731208787930022,0
24.6401803227832,retail,12,16.331979487783656,0,0,1498,24.473031259262097,0
26.25300253150538,online,17,0.2987429390134899,0,0,1818,13.113861991250989,0
22.73637993168491,grocery,18,1.222849041836291,2,0,3062,32.75525578622903,0
108.14323452512201,gas,2,71.32907415061393,5,0,354,59.197016890247575,1
103.35798127960153,gas,15,17.375491024060935,0,0,615,35.144127450432165,0
3.828567397797059,online,11,4.403193530381089,3,0,751,53.062380068647826,0
22.396853104172465,gas,4,13.298847752687585,1,0,513,18.34308881485979,0
323.57481427490194,online,2,128.95729395464505,5,0,235,40.07372019180436,1
16.06870974455535,retail,8,17.092635942061197,1,0,2384,31.68830102373412,0
26.14389612745588,retail,17,20.676049066702703,1,0,2063,49.128523389655825,0
66.4799077389978,online,10,0.9792779004904553,2,0,1055,38.47608010878057,0
162.33285525345408,retail,13,18.821536368595027,0,0,1093,20.151426480897836,0
9.856412122079247,grocery,16,14.680170658302387,2,0,1683,66.17846892003298,0
41.005299760800575,grocery,13,4.543401615809736,1,0,1099,26.612234626011684,0
7.303600277267552,online,18,5.938265846802289,3,0,1514,38.12362943065018,0
13.186436100052996,grocery,12,5.9564223227717825,5,0,2507,10.132851630435425,0
32.869978812431185,online,19,3.833490955087285,3,0,1883,123.0916497293093,0
43.04546739223057,online,18,22.330569158410565,3,0,3086,27.91064081657689,0
25.602550080040267,travel,15,10.378389945029824,0,0,1252,26.31146100597469,0
123.4670317207432,grocery,18,9.481821921616987,0,0,2078,39.45312551989795,0
39.98180934847624,retail,2,49.8409081845153,5,0,92,28.091803752277972,1
18.096049487987447,gas,11,11.176614619567792,1,0,1963,21.746853338982717,0
76.82715006696515,online,8,6.171565866258254,1,0,1346,36.756717898019126,0
27.64317769671204,gas,8,15.8821544797999,0,0,2481,20.554143769175973,0
12.70121535244668,retail,15,19.319927060511382,2,0,1001,38.833038103818836,0
15.00370980330186,retail,17,14.567565556830981,0,0,1776,24.36735323047547,0
32.967531557727405,retail,17,6.587202909711703,1,0,1085,22.24241700345691,0
80.95040354864402,online,20,12.435937613441158,1,0,2415,83.1732237671951,0
89.85467635680055,online,17,14.590136879215207,2,0,2348,41.39906861498673,0
28.80406703537117,gas,10,14.602853796161005,1,0,1645,19.441616855134598,0
59.37801844361717,grocery,0,73.34776868366704,4,0,97,92.40653914033416,1
30.042167956804946,gas,14,10.418982149820549,1,0,2716,18.077030517952597,0
15.742928996295309,grocery,12,8.79737300989032,0,1,1339,26.570190678724384,0
141.16915418268138,travel,18,6.378478811923731,0,1,1174,72.55744679053242,0
85.63923327260315,retail,15,29.212669288242818,2,0,3303,16.305936800179413,0
9.578004341006089,grocery,13,5.05307983964696,5,0,2172,27.49375522427129,0
120.6507342435346,retail,3,99.53896604127256,3,1,213,17.69207561574143,1
20.92864054070243,grocery,13,1.3734794669661774,2,0,2008,52.74359988719911,0
131.83762885592495,grocery,14,16.950386706444394,1,0,3465,64.87381341683178,0
32.79259021279347,online,17,5.742848878615184,1,0,2682,66.04710544537463,0
52.20542743572871,retail,19,9.238815015381439,2,0,1567,38.14059575414732,0
54.1270120645644,grocery,13,4.983257401821632,2,0,2646,16.90214157719893,0
48.090598448547496,online,14,24.9135962070988,1,0,3600,27.79488313818515,0
172.4349278409048,grocery,20,21.73153912950864,0,1,2939,29.19304586038264,0
31.04465760957205,retail,18,20.775529955111967,0,0,373,23.570421881850773,0
42.82344668619619,travel,13,2.7809578333476512,4,0,381,38.944665776977104,0
35.35583657219458,retail,13,14.29111375078061,1,0,697,35.06264539331896,0
38.952323217271534,retail,11,13.973076919839162,0,0,1523,28.786061487030732,0
