message_words,mentions_fee,mentions_rate,mentions_payment,mentions_treatment,amount_disputed,has_credit_card,has_mortgage,application_pending,account_age_years,prior_complaints,received_hour,day_of_month,team
106,0,2,0,0,238.49,1,1,0,7.1,1,6,25,Cards
111,0,5,2,1,97.84,1,0,1,3.5,0,12,25,Cards
81,2,0,0,1,40.25,0,0,0,3.8,1,8,13,Deposits
91,2,1,0,0,282.88,1,0,0,9.4,1,13,12,Cards
151,0,2,2,1,0.0,0,1,0,23.3,2,21,24,Mortgage
126,2,0,0,0,0.0,0,0,1,23.9,0,15,9,Deposits
135,3,2,2,0,52.36,1,0,0,27.2,0,2,13,Cards
142,0,3,0,0,118.9,1,0,0,3.6,1,4,15,Cards
145,0,1,1,0,0.0,1,0,0,4.3,0,5,10,Cards
62,4,0,2,0,0.0,1,0,0,12.5,0,14,19,Deposits
124,2,1,1,0,90.95,0,0,0,20.5,1,15,12,Cards
122,1,3,0,0,0.0,1,0,0,29.0,1,8,11,Cards
126,1,3,8,0,0.0,0,1,0,3.1,0,13,19,Mortgage
177,0,4,1,0,154.42,1,0,0,12.4,0,10,17,Cards
142,4,1,1,0,0.0,1,0,0,2.3,0,19,9,Deposits
195,2,0,2,0,411.08,1,1,0,18.5,1,20,1,Mortgage
135,1,2,2,0,72.88,1,1,0,6.3,0,5,17,Cards
64,1,0,0,0,22.28,1,0,0,4.2,0,3,1,Deposits
163,2,2,4,0,520.07,1,1,0,17.4,2,0,5,Mortgage
238,0,2,1,0,0.0,1,1,1,4.5,2,7,9,Fair Lending
120,1,6,0,0,75.54,1,0,0,27.1,0,22,15,Cards
142,0,0,1,0,0.0,0,1,0,26.4,1,17,13,Mortgage
157,0,2,1,0,65.02,1,0,1,25.9,1,10,13,Cards
101,1,0,0,0,422.07,1,0,0,28.6,0,10,26,Deposits
94,1,2,0,0,757.58,1,0,0,20.3,0,16,20,Cards
113,5,0,0,0,87.77,0,0,0,13.1,0,12,28,Deposits
114,4,0,0,0,58.01,1,0,0,10.5,0,1,25,Deposits
140,1,1,1,1,395.9,1,1,1,27.9,0,1,23,Cards
151,1,0,1,0,122.78,1,0,0,25.2,1,17,25,Deposits
131,1,0,0,1,90.15,1,1,0,15.4,1,22,22,Deposits
307,0,0,3,0,343.13,0,1,1,25.9,0,1,15,Fair Lending
121,2,0,1,0,38.13,0,0,0,22.6,0,14,20,Deposits
138,1,5,2,0,220.97,1,0,0,0.3,0,18,5,Cards
130,2,0,1,0,116.94,1,0,0,26.7,1,17,27,Deposits
89,4,0,0,0,0.0,1,0,0,1.8,0,11,15,Deposits
123,4,7,2,0,151.49,1,0,0,26.4,0,20,13,Cards
128,2,0,1,0,65.33,0,0,0,2.8,1,8,12,Deposits
178,0,2,3,0,1799.66,1,1,1,19.3,0,19,27,Mortgage
93,0,1,1,0,0.0,0,1,0,27.9,0,14,27,Deposits
103,0,0,0,0,0.0,1,0,0,15.4,0,13,11,Deposits
77,3,0,1,0,90.9,0,0,0,15.3,2,9,5,Deposits
104,0,3,2,0,427.91,1,1,1,13.0,0,7,25,Cards
143,1,2,1,0,166.5,1,0,0,17.0,0,22,4,Cards
131,0,4,1,0,152.56,1,0,0,6.8,0,21,18,Cards
126,2,0,0,0,77.24,1,0,0,16.7,1,3,23,Deposits
114,2,0,0,0,0.0,1,0,0,8.4,1,13,4,Deposits
137,2,4,1,1,103.76,1,1,0,7.7,1,6,3,Cards
138,0,1,3,0,2643.08,0,1,0,15.5,0,11,10,Mortgage
124,2,2,1,0,214.86,1,0,0,21.3,1,16,6,Cards
162,0,0,3,0,316.48,0,1,0,26.4,0,3,7,Mortgage
92,2,3,0,1,277.87,1,0,0,4.5,0,12,16,Cards
149,1,1,0,1,516.91,1,0,0,0.4,0,19,10,Cards
125,0,3,2,0,85.27,1,1,1,17.7,0,4,22,Cards
119,2,1,0,0,1046.26,1,1,0,24.3,0,4,27,Cards
95,1,1,0,0,29.35,0,0,0,1.4,1,8,10,Deposits
147,0,1,1,0,0.0,1,1,0,8.3,0,0,20,Mortgage
122,0,3,4,0,0.0,0,1,0,24.7,1,8,4,Mortgage
121,0,2,0,0,624.4,1,0,0,4.1,0,14,3,Cards
121,6,0,0,1,0.0,1,0,0,19.2,0,19,21,Deposits
121,5,4,1,0,520.92,1,0,0,26.7,0,13,2,Cards
148,1,2,0,0,0.0,1,0,1,27.5,1,16,8,Cards
135,1,2,3,1,2401.97,1,1,0,4.5,0,5,21,Mortgage
96,2,3,1,0,0.0,1,1,0,23.5,1,12,27,Cards
152,1,1,1,1,791.29,0,1,0,10.5,1,16,5,Mortgage
104,4,1,0,0,0.0,1,1,0,12.3,1,11,9,Cards
59,3,0,1,0,0.0,0,0,0,15.2,0,13,13,Fair Lending
127,1,3,0,0,241.75,1,0,0,14.6,2,22,17,Cards
141,0,3,1,0,133.64,1,0,0,21.5,0,11,27,Cards
172,6,0,1,0,140.28,0,0,0,3.7,0,15,5,Deposits
120,0,2,5,1,1474.55,1,1,1,3.7,1,1,14,Mortgage
167,2,2,3,0,0.0,1,1,0,28.0,0,23,21,Mortgage
144,0,1,1,0,0.0,0,0,0,29.9,0,17,20,Deposits
110,5,0,2,0,79.65,1,0,0,12.6,1,23,2,Deposits
135,0,5,2,0,0.0,1,0,0,29.0,0,6,5,Cards
176,2,3,1,0,0.0,1,0,1,20.0,0,20,19,Cards
101,1,1,1,0,52.13,0,1,0,7.3,1,13,3,Deposits
229,2,3,0,0,0.0,1,0,0,13.1,3,6,24,Fair Lending
188,1,0,3,0,3590.51,1,1,1,9.6,1,19,6,Fair Lending
163,3,0,0,1,977.37,1,0,0,15.5,0,4,7,Cards
123,4,3,1,0,37.33,1,1,0,10.0,0,19,19,Deposits
118,2,2,0,0,1126.0,1,0,0,23.8,1,14,17,Cards
106,3,0,1,0,36.62,1,0,0,16.9,1,8,14,Deposits
129,0,0,1,0,52.27,0,1,1,6.2,0,7,17,Deposits
145,1,1,1,1,278.11,1,1,0,1.9,0,17,14,Cards
141,0,1,2,0,221.22,1,0,0,14.6,0,4,15,Cards
107,1,6,1,1,280.22,1,1,0,29.5,0,20,18,Cards
203,0,0,0,0,0.0,1,0,1,21.1,1,10,20,Fair Lending
132,0,1,4,2,1776.14,1,1,0,25.3,3,2,13,Fair Lending
173,1,2,0,0,146.61,1,0,0,17.2,0,0,21,Cards
122,2,0,0,0,17.75,0,0,0,21.3,1,13,28,Deposits
180,0,3,2,0,2799.56,0,1,0,7.6,0,6,15,Mortgage
143,0,1,3,0,13303.66,1,1,0,7.9,0,22,18,Mortgage
120,3,3,1,1,512.61,1,0,1,12.9,0,23,12,Cards
227,2,3,1,1,62.59,1,0,0,4.5,1,19,1,Cards
114,0,3,1,1,0.0,1,0,0,17.8,0,22,15,Cards
131,7,0,1,1,1019.86,1,0,0,24.6,0,21,25,Deposits
121,1,2,1,0,994.51,1,1,0,26.3,0,3,5,Mortgage
163,2,7,1,0,72.09,1,0,0,6.1,0,3,7,Cards
139,0,1,4,0,813.18,0,1,0,21.7,0,17,4,Mortgage
131,5,0,2,0,115.88,1,1,1,26.3,0,19,18,Deposits
100,1,4,6,0,2546.54,1,1,0,12.1,0,16,23,Mortgage
90,1,3,1,0,0.0,1,0,0,19.1,0,23,27,Cards
107,4,1,0,0,44.49,1,0,0,1.7,0,14,25,Deposits
93,0,3,1,0,66.74,1,0,0,16.4,0,22,28,Cards
58,2,1,4,1,24.13,1,0,0,13.6,0,23,5,Cards
71,5,0,1,0,0.0,0,0,0,9.7,0,2,7,Deposits
160,1,0,1,1,238.89,0,0,0,15.2,0,1,2,Deposits
128,3,0,0,0,53.59,1,0,0,20.0,0,12,7,Deposits
175,0,4,4,0,620.57,1,1,0,17.9,1,3,8,Mortgage
129,2,1,1,0,131.36,1,1,0,23.0,0,22,14,Deposits
290,0,1,5,0,844.34,1,1,0,8.0,1,14,2,Fair Lending
123,1,1,0,1,0.0,1,0,0,14.7,0,11,6,Cards
143,2,0,2,0,111.55,1,0,0,3.2,0,22,9,Deposits
114,1,5,2,0,189.28,1,0,0,2.5,0,19,16,Cards
273,1,1,4,1,966.74,1,1,1,12.0,0,10,17,Fair Lending
146,1,0,0,1,96.65,1,0,0,8.8,1,17,27,Cards
166,1,1,4,0,1221.82,0,1,0,29.3,1,20,16,Mortgage
133,4,1,2,0,78.35,1,0,0,2.0,0,14,8,Deposits
145,2,0,2,0,394.9,0,0,0,21.0,1,10,11,Deposits
111,2,2,0,0,170.2,1,0,0,9.7,0,10,22,Cards
162,0,0,0,0,164.89,1,0,0,14.9,0,19,21,Cards
157,0,3,0,0,0.0,1,0,0,19.0,0,22,11,Cards
120,2,2,0,0,636.49,1,0,0,25.5,0,19,16,Cards
193,0,1,3,1,1589.15,0,1,0,11.8,0,20,15,Mortgage
167,0,1,2,0,1282.46,1,1,0,24.6,3,18,23,Mortgage
229,1,3,2,0,135.96,1,0,1,1.6,2,3,27,Fair Lending
132,1,3,1,0,569.04,1,0,0,7.9,0,23,22,Cards
134,3,0,0,0,112.4,0,1,0,21.9,0,20,20,Deposits
119,2,0,1,1,50.75,1,1,0,13.1,3,17,20,Deposits
86,1,1,0,0,231.27,1,0,0,16.2,1,9,11,Cards
89,4,0,0,0,0.0,0,0,0,7.6,0,1,16,Deposits
100,4,0,1,0,194.76,0,1,0,9.4,0,0,27,Deposits
104,2,1,1,0,0.0,1,1,0,25.5,1,1,28,Deposits
121,3,0,1,0,67.95,0,1,0,28.1,0,17,4,Deposits
139,3,0,0,0,0.0,1,0,0,10.2,1,6,14,Deposits
150,1,2,3,0,782.66,1,1,0,4.4,0,15,13,Mortgage
141,0,0,0,0,204.98,0,0,0,24.2,2,6,3,Cards
87,1,0,0,0,261.47,1,0,0,3.0,1,3,19,Cards
190,0,3,4,0,0.0,1,1,0,2.7,0,13,22,Mortgage
163,2,3,4,0,985.81,1,1,1,12.9,1,19,6,Mortgage
94,0,0,2,0,1291.44,0,1,0,2.8,2,5,23,Mortgage
104,1,2,1,1,268.04,1,0,0,19.2,1,11,21,Cards
58,2,0,0,1,0.0,1,1,0,25.6,1,15,21,Deposits
145,1,7,2,0,205.19,1,0,0,26.4,0,10,13,Cards
129,0,2,1,0,464.51,1,0,0,15.2,1,0,6,Cards
174,1,1,1,0,92.27,1,0,0,18.7,0,11,6,Cards
176,5,0,0,0,75.83,0,0,0,14.4,0,10,27,Deposits
160,5,0,0,0,25.58,0,0,0,19.1,0,1,27,Deposits
122,3,0,0,0,66.61,0,0,0,4.7,0,0,17,Deposits
135,0,0,5,0,335.74,1,1,0,9.0,0,21,23,Mortgage
34,1,2,3,1,2921.96,0,1,1,28.2,2,4,22,Fair Lending
142,0,1,4,0,835.45,1,1,0,4.4,0,21,4,Mortgage
144,1,7,4,2,502.9,1,1,0,3.3,1,11,19,Mortgage
153,5,0,0,0,98.86,1,1,0,4.6,0,13,2,Deposits
192,0,3,2,0,424.72,1,1,0,6.9,1,17,10,Mortgage
160,0,3,1,0,67.62,1,1,0,4.1,0,17,10,Cards
149,3,4,5,0,360.09,0,1,1,27.7,1,14,18,Mortgage
169,1,3,0,0,0.0,1,0,0,19.1,0,0,5,Cards
109,0,3,0,0,38.11,1,1,0,16.5,0,6,17,Cards
133,0,3,1,0,324.88,1,1,0,3.3,0,3,27,Cards
67,3,0,1,0,0.0,1,0,0,24.3,0,20,9,Deposits
109,1,2,3,1,5549.27,0,1,0,18.8,0,7,24,Mortgage
112,4,0,0,1,4.28,0,1,0,5.9,0,5,26,Deposits
187,0,3,0,0,6526.11,1,1,0,0.5,1,10,18,Mortgage
163,0,0,3,1,2204.84,0,1,1,0.9,0,4,5,Mortgage
140,1,2,4,0,2343.22,1,1,0,4.7,0,23,2,Mortgage
79,1,2,1,1,94.62,1,0,0,5.8,0,23,9,Cards
46,2,0,1,0,20.97,1,1,0,10.8,0,13,10,Deposits
102,2,3,0,0,128.01,1,0,0,5.4,0,8,12,Cards
52,3,4,0,1,0.0,1,0,0,14.1,1,9,2,Fair Lending
72,4,0,0,0,57.36,0,0,0,6.1,0,1,18,Deposits
145,0,0,2,2,2397.91,1,1,0,4.4,0,12,9,Mortgage
102,0,0,5,0,1152.29,1,1,0,24.7,0,22,6,Mortgage
73,1,3,0,0,71.27,1,0,1,13.1,0,22,22,Cards
192,4,0,1,1,0.0,0,1,1,26.2,0,18,21,Fair Lending
143,0,1,1,0,906.41,0,1,0,21.0,2,19,24,Mortgage
138,0,0,2,0,464.55,0,1,1,22.9,1,9,21,Mortgage
95,5,1,0,1,0.0,1,0,0,12.8,1,11,18,Deposits
90,0,3,3,0,220.26,1,0,0,26.2,0,5,28,Cards
135,1,4,0,0,309.49,1,0,0,3.5,0,13,1,Cards
87,0,3,0,0,0.0,1,1,0,10.1,1,23,22,Cards
140,1,3,2,0,43.0,1,0,1,8.7,1,13,25,Cards
123,1,0,6,1,379.25,1,1,0,0.7,0,7,25,Mortgage
101,4,0,1,0,16.47,1,0,0,15.6,0,19,16,Deposits
149,1,0,0,0,179.79,1,1,0,3.3,1,2,6,Deposits
60,4,0,0,0,73.44,1,0,0,27.6,0,22,17,Deposits
153,0,4,1,0,0.0,1,0,1,13.4,1,6,21,Fair Lending
111,2,2,2,0,0.0,1,1,0,17.2,0,15,19,Cards
134,0,2,5,0,1694.03,1,1,0,25.5,0,21,4,Mortgage
72,3,0,0,0,0.0,1,0,0,17.8,1,8,19,Cards
112,1,1,0,1,269.95,1,0,0,12.0,0,21,10,Cards
109,1,0,0,0,49.24,0,0,0,23.6,1,14,10,Deposits
141,2,5,2,0,143.09,1,0,0,22.4,2,11,12,Cards
168,2,3,1,0,1714.99,1,1,0,28.5,0,8,2,Mortgage
163,0,0,0,0,567.86,1,1,0,17.4,0,16,9,Mortgage
113,1,3,0,1,70.36,1,0,0,13.5,0,14,25,Cards
149,0,2,1,0,407.4,1,0,0,6.6,1,7,24,Cards
245,1,0,2,1,0.0,1,1,0,10.4,1,2,4,Fair Lending
122,1,2,0,0,51.67,1,0,0,20.0,0,4,7,Cards
112,0,1,3,0,553.57,1,0,0,4.6,0,1,1,Cards
170,0,2,6,1,1409.12,0,1,0,4.3,0,12,23,Mortgage
76,6,0,1,1,0.0,1,0,0,27.3,0,10,3,Deposits
160,0,2,0,0,173.84,1,0,0,22.3,1,20,6,Cards
138,2,2,1,1,674.69,0,1,1,12.6,0,19,16,Cards
112,1,0,2,0,21.37,0,0,0,8.5,0,13,1,Deposits
113,1,0,0,0,79.26,0,0,0,4.4,1,11,10,Deposits
184,0,3,3,1,751.83,0,1,0,14.7,0,20,18,Mortgage
142,1,0,1,0,248.96,0,0,0,6.1,0,9,15,Deposits
125,2,0,0,0,0.0,0,0,0,11.4,1,7,25,Deposits
136,1,0,0,1,733.27,1,0,1,24.4,0,17,23,Deposits
188,1,0,1,0,1087.5,0,1,0,7.5,0,23,28,Mortgage
184,0,0,5,0,2133.41,0,1,0,10.1,2,8,12,Mortgage
143,2,4,0,1,125.24,1,1,0,19.6,1,17,5,Cards
67,0,3,2,1,0.0,1,1,1,29.9,0,15,8,Fair Lending
136,1,1,2,1,0.0,1,1,0,19.4,0,13,20,Deposits
126,1,0,3,0,65.56,0,1,0,12.5,0,14,8,Deposits
170,1,3,3,1,2149.67,0,1,1,19.4,0,7,27,Mortgage
118,1,0,1,0,0.0,1,0,0,22.5,2,18,10,Deposits
174,2,0,2,0,56.32,1,1,0,28.2,0,13,19,Deposits
122,1,4,1,0,130.09,1,0,0,22.2,1,16,9,Cards
145,0,2,1,0,471.33,1,1,0,26.2,0,7,25,Cards
153,0,3,2,0,5000.51,0,1,0,19.3,1,16,22,Mortgage
149,3,2,0,0,1062.69,1,0,0,21.6,0,15,8,Cards
103,4,0,2,0,139.49,1,0,0,18.4,0,5,17,Cards
177,1,3,3,0,1862.46,1,1,0,22.6,0,23,26,Mortgage
107,4,0,1,0,99.45,1,0,0,9.5,0,16,14,Deposits
171,0,3,1,0,186.68,1,0,0,10.8,0,15,1,Cards
121,1,1,2,0,165.65,1,0,0,14.5,1,14,12,Cards
151,1,2,2,0,2741.09,0,1,0,15.2,0,18,23,Mortgage
115,0,3,3,0,1536.49,1,1,0,13.7,0,13,3,Mortgage
105,0,0,0,0,140.23,0,1,0,18.6,0,0,22,Deposits
145,2,0,0,0,427.07,1,1,1,27.3,0,20,20,Cards
124,2,0,0,1,56.12,1,0,0,18.2,2,6,9,Deposits
113,2,0,1,1,0.0,0,0,0,7.1,0,3,3,Deposits
119,0,2,0,1,0.0,1,1,0,27.5,0,16,18,Cards
179,1,0,5,0,1229.61,1,1,0,14.4,0,21,27,Mortgage
83,4,0,0,0,6.65,1,0,0,23.2,0,12,6,Deposits
125,0,2,0,0,111.23,1,0,0,3.9,0,4,8,Cards
190,0,1,3,0,528.08,0,1,0,21.8,0,2,19,Mortgage
101,4,2,1,0,209.31,1,0,0,22.9,0,4,20,Cards
148,1,2,1,0,138.18,1,1,1,5.2,0,9,3,Cards
170,1,1,4,0,3196.8,0,1,0,29.3,0,17,22,Mortgage
82,4,1,1,0,4.1,0,0,0,16.1,0,17,10,Deposits
102,0,1,8,0,535.28,1,1,1,5.3,0,8,25,Mortgage
126,4,1,0,0,0.0,1,0,0,20.6,0,19,6,Deposits
111,1,0,0,1,0.0,1,1,0,2.5,1,18,15,Deposits
131,1,4,2,0,0.0,1,1,1,27.1,1,21,26,Fair Lending
149,1,2,1,0,0.0,1,0,0,29.4,1,7,16,Cards
63,1,1,1,0,184.61,1,1,0,7.7,0,16,15,Cards
112,1,5,1,0,106.46,1,1,1,12.7,0,15,28,Cards
156,2,2,0,0,0.0,1,1,0,25.8,0,3,8,Cards
180,0,2,3,0,95.17,1,0,0,2.9,0,14,23,Cards
105,1,3,3,0,2461.59,1,1,0,4.7,0,3,7,Mortgage
129,0,1,2,1,786.37,0,1,0,11.7,2,9,6,Fair Lending
173,0,2,4,0,1774.64,0,1,1,12.1,0,5,26,Mortgage
169,1,1,0,0,210.4,0,1,0,6.8,0,16,9,Cards
160,0,1,5,0,1590.84,1,1,1,11.3,1,4,10,Mortgage
168,6,0,0,0,0.0,1,1,0,11.3,1,18,24,Deposits
134,3,1,3,0,466.41,1,1,0,9.7,0,14,10,Cards
132,1,3,2,0,72.71,1,0,0,13.5,2,13,22,Cards
95,2,0,0,1,11.73,0,0,0,22.3,0,12,1,Deposits
100,0,4,0,1,130.33,1,0,0,22.4,1,17,11,Cards
192,0,1,3,0,2703.41,1,1,0,29.1,0,4,28,Mortgage
165,1,1,0,1,1358.57,0,1,0,13.6,1,23,25,Mortgage
128,2,3,1,0,332.36,1,0,0,20.1,1,21,2,Cards
166,0,2,4,0,2480.11,1,1,0,21.3,0,21,24,Mortgage
128,3,0,0,0,129.87,1,0,0,26.8,1,17,11,Deposits
128,1,2,0,0,852.0,1,0,0,14.6,1,6,5,Cards
80,1,0,2,0,20.01,1,1,0,27.4,1,20,5,Deposits
32,1,0,0,0,269.92,0,0,0,23.1,2,22,26,Deposits
96,2,0,1,0,48.11,0,0,0,9.9,0,19,12,Deposits
138,5,1,0,0,514.17,0,1,0,0.5,0,18,22,Deposits
112,0,1,2,0,148.97,1,0,1,9.6,0,6,11,Cards
234,1,5,2,0,0.0,1,0,1,27.9,0,5,4,Fair Lending
161,0,1,0,0,473.79,1,0,0,17.4,0,0,2,Cards
136,5,0,1,0,117.15,1,0,0,16.8,0,17,19,Deposits
144,0,2,4,0,8093.28,0,1,0,18.7,0,22,23,Mortgage
162,2,1,2,0,1023.7,0,1,0,28.2,0,19,3,Mortgage
102,1,3,1,0,812.96,0,1,0,17.5,1,11,25,Mortgage
179,2,0,0,0,38.87,0,0,0,2.4,0,7,25,Deposits
113,3,0,0,0,180.45,1,0,0,26.3,0,7,16,Deposits
129,1,2,0,0,170.2,1,0,1,9.6,1,1,8,Cards
167,2,2,2,0,112.41,1,0,0,28.6,0,2,2,Cards
136,1,1,1,1,780.38,1,0,0,25.8,0,10,16,Cards
118,1,0,0,1,0.0,1,0,0,19.3,0,10,25,Deposits
107,5,0,1,1,0.0,1,0,0,20.6,0,10,7,Deposits
110,3,0,0,0,0.0,0,0,0,27.3,0,2,24,Deposits
181,0,2,3,1,6442.68,1,1,0,13.6,0,14,2,Mortgage
143,0,1,0,0,0.0,1,0,0,21.8,0,17,4,Cards
99,8,0,1,1,94.46,0,0,0,28.2,0,19,17,Deposits
108,1,0,0,1,43.29,1,0,0,18.6,0,15,24,Deposits
110,3,1,0,0,776.14,1,0,0,3.4,0,0,18,Cards
155,2,1,0,0,96.72,0,0,0,12.5,1,0,5,Deposits
146,1,2,0,1,164.77,1,1,0,2.2,0,3,18,Cards
90,3,0,0,0,81.09,0,0,0,3.2,1,19,24,Deposits
137,2,1,1,0,195.34,1,0,0,24.8,0,19,7,Cards
61,2,0,0,0,0.0,1,0,0,22.7,1,0,13,Deposits
149,3,1,0,1,30.1,1,1,0,13.9,0,5,12,Cards
141,4,1,0,0,21.75,1,1,0,15.8,1,11,21,Deposits
147,1,1,0,0,657.91,1,0,0,20.1,1,23,17,Cards
136,6,0,1,1,0.0,0,0,0,18.2,1,18,3,Deposits
162,2,1,1,0,156.82,1,0,0,26.8,0,16,26,Cards
140,0,1,2,0,778.08,1,1,0,17.3,0,18,1,Mortgage
129,1,3,1,0,81.39,1,1,0,8.0,0,5,13,Cards
156,0,1,2,0,489.71,1,1,0,19.7,2,18,25,Cards
110,2,6,1,0,102.42,1,0,0,12.3,1,0,2,Cards
116,2,1,1,0,57.86,1,0,0,23.6,0,14,13,Cards
158,0,0,4,0,3093.68,0,1,0,8.3,0,14,10,Mortgage
48,5,0,3,0,49.16,0,0,0,8.8,0,18,26,Deposits
167,3,0,0,0,0.0,0,0,0,11.6,1,13,19,Deposits
148,0,2,1,0,1539.17,0,1,0,18.0,0,21,5,Mortgage
248,1,0,3,2,822.24,1,1,1,24.7,0,21,6,Fair Lending
120,2,0,0,0,27.78,0,1,0,23.3,0,0,20,Deposits
132,2,3,1,0,937.42,1,0,0,9.7,1,4,14,Cards
135,2,0,4,0,1117.38,0,1,0,4.0,0,12,26,Mortgage
64,0,2,3,0,813.85,0,1,1,25.7,0,10,21,Fair Lending
122,1,3,5,0,2640.55,0,1,0,10.8,0,20,5,Mortgage
100,3,0,1,0,163.31,0,0,0,18.8,0,0,11,Deposits
110,0,1,0,0,79.23,0,0,0,5.3,1,23,8,Deposits
104,2,2,1,0,0.0,1,0,0,29.8,2,16,21,Cards
151,0,2,2,0,0.0,1,1,1,1.3,0,15,24,Cards
152,2,0,0,0,45.36,1,0,0,22.9,2,8,15,Deposits
229,0,3,3,0,0.0,1,1,0,9.9,0,14,19,Mortgage
132,1,1,0,0,40.41,1,1,0,23.8,1,23,8,Cards
101,2,0,0,1,170.47,0,0,0,18.2,0,1,15,Deposits
134,2,1,2,0,211.97,1,0,0,14.5,2,21,21,Cards
126,3,1,0,0,0.0,1,0,0,19.4,0,23,8,Deposits
188,0,3,3,0,1014.02,1,1,0,8.0,1,11,19,Mortgage
177,0,4,0,0,888.12,1,1,0,3.6,0,18,21,Mortgage
151,3,2,1,0,507.08,1,1,0,18.8,1,8,13,Cards
295,0,2,2,1,0.0,1,1,0,3.1,2,9,27,Fair Lending
154,0,0,0,0,0.0,0,0,0,13.9,0,18,19,Deposits
139,0,3,1,0,2224.82,0,1,1,10.8,0,7,5,Mortgage
131,0,2,1,0,622.79,1,1,0,16.7,0,6,12,Cards
125,2,0,0,0,79.78,1,0,0,5.2,0,11,21,Deposits
152,0,3,3,0,1360.38,0,1,0,10.3,1,21,10,Mortgage
195,2,0,4,0,0.0,1,0,0,6.6,0,18,12,Fair Lending
112,1,0,2,0,159.28,1,1,0,17.6,0,12,27,Mortgage
115,3,1,0,0,23.57,1,0,1,2.0,0,9,2,Deposits
161,0,1,2,1,602.67,1,1,0,6.5,0,9,20,Mortgage
135,0,2,5,0,2673.03,1,1,0,9.1,0,11,9,Mortgage
118,2,0,1,0,61.7,0,0,0,6.1,0,19,25,Deposits
139,0,1,1,1,65.02,1,0,0,17.1,0,5,13,Cards
115,0,4,0,0,111.16,1,1,0,15.4,0,22,22,Cards
109,2,5,1,0,124.01,1,0,0,3.9,0,13,2,Cards
143,0,2,1,2,306.46,1,1,0,6.5,0,22,7,Cards
117,2,1,1,0,302.87,1,0,0,5.8,0,4,1,Cards
128,4,0,2,0,0.0,1,0,1,13.4,0,21,25,Deposits
160,0,2,5,1,613.79,1,1,0,5.5,1,5,12,Mortgage
71,2,1,0,1,42.8,0,1,0,15.7,0,22,1,Deposits
169,2,0,1,0,113.73,1,0,0,0.9,0,4,25,Cards
152,2,1,1,0,103.79,0,1,0,19.5,1,1,11,Deposits
72,1,1,4,1,445.81,1,1,1,27.1,0,7,4,Mortgage
103,0,2,2,0,1134.62,1,1,0,25.0,1,4,19,Mortgage
149,0,2,9,0,1789.05,0,1,0,3.3,0,4,14,Mortgage
115,2,1,0,0,295.26,1,1,0,24.9,1,5,26,Cards
106,1,0,0,1,55.94,0,1,1,18.3,2,18,2,Deposits
84,2,0,1,0,36.74,0,0,0,11.4,1,4,12,Deposits
102,0,0,1,0,2822.36,1,1,0,28.6,1,13,16,Mortgage
122,3,1,0,0,179.8,1,0,0,12.3,0,19,27,Cards
101,1,0,0,1,0.0,0,1,0,13.6,3,0,26,Deposits
121,1,0,1,0,25.1,1,0,0,29.7,0,13,8,Deposits
173,1,1,6,0,726.69,0,0,1,13.6,2,19,3,Mortgage
106,2,1,1,0,420.13,1,0,1,5.1,0,22,6,Cards
239,0,0,2,0,7412.33,1,1,1,9.7,0,20,18,Fair Lending
164,1,0,0,0,11.99,1,1,0,3.4,0,8,4,Deposits
112,1,4,2,0,210.43,1,0,0,22.1,2,22,4,Cards
141,1,3,0,0,430.54,1,0,0,9.6,0,19,3,Cards
144,1,3,3,0,30.91,1,0,0,5.9,0,2,6,Cards
107,1,5,1,0,677.2,1,1,0,7.5,2,17,17,Cards
115,2,0,1,2,132.76,1,0,0,27.5,0,21,25,Cards
98,1,3,1,0,184.73,1,1,0,16.1,0,23,18,Cards
74,0,0,0,0,0.0,0,0,0,8.7,1,9,17,Deposits
100,3,0,2,0,36.52,0,0,0,11.9,0,23,12,Deposits
80,3,1,0,0,42.48,1,1,0,9.1,0,20,7,Cards
71,0,2,6,0,1751.69,0,1,0,0.7,0,17,8,Mortgage
64,1,0,3,0,113.02,1,0,0,4.2,0,16,20,Deposits
99,2,0,0,0,0.0,1,0,1,10.1,1,8,20,Deposits
133,3,0,0,0,61.77,0,0,0,1.2,1,6,3,Deposits
182,1,1,0,0,1028.11,1,1,0,21.6,1,8,12,Mortgage
143,0,3,6,1,1229.32,1,1,0,29.7,0,20,23,Mortgage
182,2,3,1,0,64.38,1,0,0,21.3,1,23,7,Cards
51,0,2,2,0,0.0,1,1,1,13.3,0,9,16,Fair Lending
158,2,3,0,0,147.1,1,1,0,9.5,1,16,11,Cards
101,0,1,1,0,121.31,1,0,0,28.6,0,9,24,Cards
117,1,4,0,0,0.0,1,0,0,8.5,2,18,16,Cards
129,3,0,2,0,50.3,0,0,0,1.0,1,6,21,Deposits
84,5,0,2,1,35.79,1,1,0,24.3,0,0,3,Deposits
161,4,0,0,0,233.84,0,1,0,4.2,1,19,11,Deposits
126,2,7,0,0,289.86,1,0,0,25.7,0,4,27,Cards
129,0,1,1,0,386.19,0,1,0,9.8,0,1,9,Mortgage
161,1,3,2,0,38.6,1,0,0,3.5,0,17,9,Cards
107,1,0,0,0,51.42,0,0,0,8.6,0,14,1,Deposits
150,5,0,0,0,131.32,1,1,0,9.2,1,11,20,Deposits
117,5,0,1,1,0.0,1,0,1,14.7,0,18,16,Deposits
141,3,2,0,0,207.3,1,0,0,29.9,0,18,20,Cards
228,1,4,1,0,663.9,1,1,0,5.9,0,10,28,Fair Lending
127,0,2,1,0,217.01,1,1,0,29.2,0,14,8,Cards
103,2,0,1,0,153.46,1,1,0,25.8,1,7,9,Deposits
129,1,6,1,0,0.0,1,0,0,12.5,0,6,16,Cards
109,1,2,0,0,149.59,1,0,0,6.8,0,1,14,Cards
166,0,1,3,1,1499.28,0,1,0,28.1,0,11,17,Mortgage
173,2,0,1,0,41.12,1,1,0,8.7,0,16,17,Deposits
107,4,0,0,0,0.0,1,0,0,12.6,0,22,20,Deposits
120,3,1,2,0,106.11,0,1,0,2.6,1,21,18,Deposits
175,0,1,2,1,1748.05,0,1,1,22.8,0,10,15,Mortgage
141,0,5,1,0,578.16,1,1,0,5.1,1,0,8,Cards
116,1,3,1,0,180.49,1,0,0,6.3,0,5,12,Cards
94,2,0,1,0,0.0,1,0,0,11.8,1,11,15,Deposits
65,1,3,0,4,3026.86,0,1,1,9.5,1,6,6,Fair Lending
185,2,0,0,1,0.0,0,0,0,22.1,1,6,9,Deposits
149,1,1,1,0,3216.95,1,1,0,1.0,0,19,11,Mortgage
123,0,3,0,0,649.99,1,0,0,9.4,1,15,27,Cards
60,0,2,3,0,1089.35,0,1,0,25.5,0,21,2,Fair Lending
114,3,4,2,0,453.86,1,0,0,25.0,0,19,3,Cards
181,2,4,1,0,172.01,1,1,0,26.7,0,12,13,Cards
148,2,0,1,0,48.1,0,0,0,21.4,1,4,12,Deposits
95,2,0,1,0,0.0,0,1,0,17.3,0,20,7,Deposits
115,3,4,0,0,459.63,1,0,0,10.9,0,12,13,Cards
173,0,2,1,0,2252.18,0,1,1,13.7,0,18,23,Mortgage
176,0,3,6,0,761.13,1,1,1,17.0,0,17,28,Mortgage
85,2,3,0,0,52.88,1,0,0,7.1,0,15,19,Cards
141,1,1,0,1,130.42,0,0,0,29.8,0,6,3,Deposits
92,4,0,1,0,29.94,0,0,0,5.5,1,14,3,Deposits
180,0,0,4,1,2305.85,0,1,0,7.7,1,15,11,Mortgage
146,1,1,4,0,593.42,0,1,0,1.5,0,3,11,Mortgage
163,1,1,1,1,0.0,0,1,0,7.2,0,20,13,Mortgage
150,0,5,1,1,504.59,1,0,0,8.2,0,15,11,Cards
161,1,3,0,0,421.98,1,1,0,14.3,0,2,4,Cards
178,2,2,1,0,822.5,1,1,0,7.2,0,22,7,Mortgage
91,7,0,0,0,403.06,1,1,0,19.9,0,6,26,Deposits
163,0,2,3,0,0.0,1,1,0,9.9,0,12,17,Mortgage
119,2,3,3,0,142.75,1,0,0,2.8,1,4,23,Cards
115,2,2,0,0,0.0,1,0,0,11.9,2,9,2,Cards
162,1,0,1,0,0.0,0,0,0,19.4,0,4,28,Deposits
263,1,2,8,1,0.0,1,1,1,28.8,1,20,4,Fair Lending
88,2,0,0,0,0.0,0,1,0,1.5,1,9,7,Deposits
143,1,4,3,0,602.25,1,0,0,21.8,0,3,15,Cards
122,2,0,0,0,33.79,0,0,0,26.5,0,0,14,Deposits
150,0,1,2,1,1946.17,0,1,1,8.0,0,8,7,Mortgage
112,3,1,0,0,43.59,1,0,1,9.6,1,13,13,Deposits
124,4,0,1,0,37.56,1,0,0,10.5,0,20,16,Deposits
147,3,0,0,0,20.49,1,1,0,26.9,1,6,7,Deposits
83,1,0,0,0,245.6,1,0,0,18.6,1,19,18,Deposits
175,0,3,1,0,1110.58,1,0,0,12.4,0,4,18,Cards
183,1,1,1,1,0.0,1,1,0,21.0,0,19,1,Cards
158,3,0,0,1,40.51,0,0,0,26.5,0,12,19,Deposits
138,3,0,1,0,76.16,1,1,0,11.4,0,4,19,Cards
117,1,2,0,2,194.63,1,1,0,5.7,0,13,18,Cards
116,1,1,1,0,0.0,1,0,0,15.9,0,12,16,Cards
102,0,1,0,0,2406.12,0,1,1,22.8,1,10,28,Mortgage
124,0,2,1,0,305.55,0,1,0,4.5,0,7,18,Mortgage
174,5,0,1,0,29.69,0,1,0,1.2,0,1,28,Deposits
115,0,2,2,1,604.83,0,1,0,27.4,1,19,12,Mortgage
122,1,1,0,0,23.01,0,0,0,23.9,1,6,15,Deposits
100,2,0,1,0,46.5,1,0,0,16.5,0,22,9,Deposits
133,5,0,1,0,18.82,0,0,0,14.3,1,12,25,Deposits
147,0,5,0,1,256.26,1,0,0,0.2,0,19,7,Cards
149,3,0,1,0,153.4,0,0,0,24.1,0,6,13,Deposits
160,1,1,0,0,151.93,1,0,0,2.2,0,22,7,Cards
146,1,2,1,0,0.0,1,0,0,22.4,1,19,20,Cards
148,0,3,0,0,541.38,1,0,0,15.8,0,5,20,Cards
159,1,3,0,0,147.59,1,0,0,25.5,0,7,20,Cards
73,2,0,0,0,0.0,1,0,0,18.6,0,8,7,Deposits
136,1,0,4,0,473.57,1,1,1,20.5,0,4,9,Mortgage
137,1,6,1,0,36.09,1,0,0,18.9,1,7,5,Cards
160,2,5,1,0,221.22,1,1,0,2.6,0,10,10,Cards
135,1,0,0,1,0.0,0,0,0,7.1,0,20,28,Deposits
98,3,1,1,0,11.78,0,0,0,10.1,1,6,27,Deposits
131,2,0,2,0,0.0,1,0,0,29.3,0,15,28,Deposits
171,0,0,5,0,751.11,0,1,0,4.6,1,22,7,Mortgage
129,0,1,1,1,0.0,0,1,0,26.1,0,12,8,Mortgage
78,1,0,0,0,109.47,0,0,0,28.7,0,17,25,Deposits
148,0,0,4,0,714.17,1,1,0,4.2,1,13,5,Mortgage
177,0,1,1,1,27.33,1,0,0,21.7,1,14,26,Cards
106,2,2,0,0,160.8,1,0,1,22.2,0,20,2,Cards
152,2,2,1,0,37.13,1,1,0,12.8,0,23,27,Cards
135,1,0,0,1,348.99,1,1,0,12.6,0,4,2,Cards
118,1,1,4,0,2949.85,0,1,0,5.1,0,18,22,Mortgage
101,1,2,5,0,1059.78,0,1,0,17.1,0,2,11,Mortgage
158,1,0,0,0,171.86,1,0,0,1.7,1,17,21,Deposits
226,0,0,5,0,695.3,1,1,0,23.7,0,17,16,Fair Lending
134,5,0,1,1,103.5,1,1,0,9.0,0,15,3,Deposits
151,2,3,0,0,0.0,1,1,0,0.4,0,23,8,Cards
93,2,0,2,0,31.0,1,0,1,29.1,1,6,16,Deposits
120,2,2,0,1,0.0,1,1,0,10.6,0,18,21,Cards
175,0,4,5,0,0.0,1,0,0,20.8,0,5,12,Cards
139,3,0,1,0,0.0,1,0,0,22.0,1,19,3,Deposits
123,1,0,0,0,347.2,1,0,0,14.4,0,3,5,Cards
139,0,3,0,1,281.54,1,0,0,13.6,0,21,27,Cards
151,2,0,2,0,78.98,1,0,0,1.2,0,11,27,Deposits
147,1,2,1,0,0.0,1,1,1,14.7,0,11,16,Cards
113,1,2,2,0,0.0,1,1,0,29.1,0,0,14,Mortgage
159,2,1,0,0,223.98,1,0,0,15.7,2,9,6,Cards
115,2,4,2,0,103.51,1,1,0,4.5,1,12,24,Cards
50,6,0,0,0,151.15,0,0,0,17.4,2,7,18,Deposits
152,1,0,0,0,0.0,0,0,0,28.8,0,21,7,Deposits
71,2,0,1,0,42.34,0,0,0,4.8,0,3,2,Deposits
240,3,2,3,0,0.0,1,0,1,25.5,0,23,24,Fair Lending
70,2,0,1,0,0.0,0,0,0,10.7,0,15,16,Deposits
151,1,1,0,0,42.02,1,0,0,8.5,0,4,2,Deposits
107,2,0,0,0,134.22,1,0,0,15.9,0,10,9,Deposits
111,2,0,1,0,104.27,1,1,0,12.6,1,0,28,Deposits
131,1,3,1,0,164.2,1,0,0,26.9,1,11,23,Cards
154,0,2,4,0,577.2,0,1,0,0.6,0,17,19,Mortgage
80,1,0,1,0,38.73,0,0,0,13.7,0,15,3,Deposits
112,1,4,2,0,74.0,1,1,0,2.7,0,16,14,Cards
169,1,0,0,1,0.0,1,1,0,2.9,1,13,17,Cards
148,3,0,0,1,0.0,0,0,0,5.8,1,20,3,Deposits
110,3,5,0,0,0.0,1,0,0,16.0,0,8,12,Cards
146,0,3,1,0,1230.17,1,1,0,7.1,0,22,23,Mortgage
145,0,0,1,0,1233.27,1,1,0,9.6,0,18,13,Mortgage
139,1,1,0,0,51.97,1,1,0,14.5,0,14,21,Cards
121,6,0,1,0,273.1,0,1,0,1.7,1,12,22,Deposits
127,0,2,0,1,194.63,1,0,0,0.2,0,21,20,Cards
90,3,0,1,0,29.48,1,0,0,12.3,0,7,15,Deposits
145,5,0,1,0,0.0,0,0,0,11.0,0,12,14,Deposits
141,4,0,0,0,86.22,1,1,0,6.3,0,16,1,Deposits
116,0,2,0,0,48.36,1,0,0,12.2,2,7,26,Cards
177,1,3,0,0,260.8,1,0,0,5.9,0,18,6,Cards
106,1,2,2,0,122.18,1,0,0,8.7,0,0,7,Cards
98,5,0,2,0,71.87,1,0,0,13.3,0,5,13,Deposits
126,3,0,0,0,31.58,0,0,0,5.3,1,15,25,Deposits
81,4,0,0,0,0.0,1,0,0,6.8,1,1,19,Deposits
106,3,0,1,0,156.57,1,0,0,15.1,1,16,1,Deposits
135,0,1,10,0,4140.82,1,1,1,17.9,1,19,24,Mortgage
204,4,2,1,0,125.49,1,0,1,1.6,0,0,3,Cards
130,3,1,0,0,0.0,1,0,0,22.4,0,2,15,Deposits
185,2,2,0,0,445.07,1,0,0,6.7,2,6,24,Cards
94,0,1,2,0,221.72,1,0,0,25.3,0,1,10,Cards
118,2,0,1,0,55.58,0,0,0,16.8,0,5,5,Deposits
98,2,1,1,0,68.9,1,0,0,13.3,0,4,23,Cards
141,2,1,1,0,0.0,1,0,0,9.8,0,2,25,Deposits
133,4,0,0,1,33.12,0,0,0,7.9,1,1,20,Deposits
150,3,0,1,0,103.3,0,0,0,23.3,0,8,14,Deposits
127,0,0,0,0,765.99,1,0,0,14.4,0,21,11,Cards
110,5,1,0,0,0.0,1,1,0,7.4,2,11,22,Deposits
109,3,0,1,0,0.0,0,0,1,0.3,1,13,6,Deposits
116,3,1,2,0,102.86,0,0,0,7.9,0,14,25,Deposits
137,2,2,1,0,141.71,1,0,0,22.8,0,19,18,Cards
163,0,1,1,0,401.0,1,0,1,24.2,0,6,25,Cards
118,3,0,2,0,48.05,1,1,0,29.1,0,2,8,Deposits
161,0,1,4,0,1937.97,0,1,0,16.5,0,21,13,Mortgage
98,0,0,1,1,73.99,1,0,1,20.2,0,6,19,Deposits
202,1,0,5,0,607.33,0,1,0,12.1,1,19,27,Mortgage
125,1,3,0,0,0.0,1,1,0,23.4,0,17,14,Cards
125,4,1,2,0,153.29,0,0,0,15.3,0,10,3,Deposits
155,3,1,3,0,1003.17,1,0,0,3.3,0,0,27,Cards
186,2,1,1,0,183.14,1,1,0,27.5,1,8,3,Mortgage
76,2,0,0,0,0.0,0,1,0,0.6,0,10,18,Deposits
119,1,2,4,0,2383.5,0,1,0,11.6,0,21,25,Mortgage
100,3,0,0,0,69.69,0,0,0,1.3,0,11,17,Deposits
182,0,0,3,1,561.83,0,0,0,26.6,0,0,21,Mortgage
111,3,1,0,0,275.35,0,0,0,26.0,1,14,27,Deposits
129,1,0,1,0,139.25,1,0,0,10.6,0,12,3,Deposits
137,0,0,6,1,2183.36,1,0,0,1.5,1,21,20,Mortgage
166,2,1,3,0,2440.4,1,1,0,13.3,0,2,3,Mortgage
175,5,0,1,1,46.39,0,0,0,4.8,0,10,25,Deposits
166,1,1,7,0,1854.47,0,1,0,22.6,0,14,20,Mortgage
143,0,3,2,0,255.81,1,0,0,29.0,0,21,26,Cards
93,2,0,3,1,99.92,1,0,0,26.2,1,19,19,Deposits
170,1,3,0,1,112.32,1,1,1,7.4,1,8,3,Cards
50,2,5,1,0,131.9,1,0,1,5.5,0,6,4,Fair Lending
62,2,0,0,0,2496.7,1,1,1,9.7,2,22,7,Fair Lending
98,3,0,1,0,71.07,0,0,0,9.4,0,22,13,Deposits
150,0,2,1,0,107.13,1,1,0,12.6,1,6,17,Cards
225,1,0,5,0,3470.17,1,1,0,6.2,0,9,18,Mortgage
140,0,2,1,0,192.08,1,1,0,18.1,1,7,5,Cards
138,2,3,1,0,0.0,1,0,0,19.2,0,3,12,Cards
137,4,0,0,0,61.62,0,0,0,1.5,1,0,19,Deposits
57,0,2,4,0,0.0,0,1,0,0.4,0,18,23,Fair Lending
126,2,2,0,0,313.3,1,0,0,19.4,0,5,14,Cards
149,1,1,0,0,131.51,1,0,0,6.3,0,3,21,Cards
158,0,0,1,0,6335.04,1,1,1,4.2,0,16,7,Mortgage
148,1,1,0,0,386.28,1,0,0,13.2,1,6,16,Cards
155,0,0,2,0,1361.57,0,1,0,11.3,1,8,5,Mortgage
79,3,1,1,0,59.49,0,0,0,24.9,0,1,14,Deposits
213,0,3,3,0,439.63,1,0,0,28.6,1,10,16,Cards
141,1,2,2,0,36.9,1,0,0,8.9,0,10,19,Cards
124,1,0,2,0,325.96,1,0,0,3.0,0,18,1,Cards
139,4,0,0,0,83.11,0,0,0,27.4,0,11,5,Deposits
131,0,2,0,0,1979.71,0,1,0,28.3,1,21,9,Mortgage
94,5,0,0,0,0.0,0,0,0,14.8,0,18,22,Deposits
138,6,0,0,0,248.49,1,0,0,7.1,1,17,25,Deposits
94,0,4,0,0,124.88,1,0,1,7.9,0,0,18,Cards
125,0,3,3,1,0.0,1,0,1,17.6,0,14,24,Cards
133,3,1,0,1,148.15,1,0,0,10.1,1,21,21,Deposits
107,2,3,1,0,41.34,1,0,0,25.1,1,23,12,Cards
105,1,1,1,0,77.38,0,0,0,9.8,1,6,3,Deposits
124,3,4,0,0,227.06,1,0,0,10.8,0,15,16,Cards
84,0,2,1,0,153.15,1,0,0,13.4,0,17,28,Cards
141,0,2,3,0,176.26,1,1,1,10.4,0,18,15,Mortgage
163,5,0,0,0,70.49,0,1,0,3.6,0,4,10,Deposits
130,0,2,3,0,506.84,0,1,0,1.8,1,2,23,Mortgage
116,1,4,0,0,141.9,1,1,0,29.9,0,17,22,Cards
130,2,4,1,0,38.12,1,0,1,14.8,1,8,25,Cards
125,2,1,0,1,70.34,0,1,0,5.7,1,3,13,Deposits
107,1,3,0,0,436.59,1,0,0,20.9,0,22,3,Cards
138,2,2,0,0,381.75,1,0,0,12.8,2,3,22,Fair Lending
40,2,3,1,0,193.35,1,0,0,28.2,2,7,21,Cards
102,0,3,1,0,0.0,1,0,0,10.7,0,18,16,Cards
205,0,1,6,0,1682.29,1,1,1,9.3,0,23,26,Mortgage
108,0,4,0,0,282.09,1,0,0,8.6,0,8,15,Cards
80,1,0,1,1,67.68,1,0,0,23.9,0,18,5,Deposits
160,1,3,0,0,49.66,1,0,0,10.5,1,10,13,Cards
137,0,2,3,1,1010.98,1,1,1,16.1,0,9,19,Mortgage
105,4,0,0,0,0.0,0,0,0,15.8,1,11,26,Deposits
135,3,0,0,0,203.09,1,0,0,2.1,2,15,11,Deposits
100,5,0,0,0,10.56,0,0,0,2.2,1,11,2,Deposits
74,2,5,0,0,0.0,1,0,1,19.0,2,3,14,Fair Lending
130,2,3,0,0,0.0,1,0,0,7.8,0,1,28,Cards
135,0,2,3,0,2679.37,0,1,1,19.3,1,8,11,Mortgage
124,0,2,0,1,220.95,1,0,0,15.5,0,2,25,Cards
148,1,1,3,0,606.73,0,1,1,15.8,0,3,1,Mortgage
123,1,1,0,0,107.22,1,0,0,6.5,1,6,3,Cards
272,2,1,0,0,244.07,1,0,0,14.2,2,14,16,Fair Lending
130,3,0,0,0,66.1,0,0,0,23.4,0,0,18,Deposits
143,1,0,0,0,392.14,1,0,0,19.9,1,8,14,Cards
136,0,2,1,0,67.46,1,0,0,21.1,0,21,26,Cards
139,2,0,0,0,1301.26,1,1,0,24.1,0,0,1,Mortgage
153,1,0,3,0,2136.64,1,1,0,7.9,0,21,19,Mortgage
126,5,0,0,0,0.0,0,0,0,27.1,0,12,19,Deposits
108,2,1,0,0,360.22,1,0,1,26.6,1,19,20,Cards
142,1,0,2,0,1669.71,1,1,0,1.0,0,2,10,Mortgage
162,0,4,3,0,2481.35,0,1,1,29.8,1,0,22,Fair Lending
147,3,0,1,0,171.92,1,0,0,25.7,0,8,4,Cards
120,1,0,0,0,0.0,1,0,0,7.0,0,14,8,Deposits
83,2,1,2,0,0.0,1,0,0,0.8,1,18,3,Cards
119,2,4,1,0,0.0,1,0,0,5.1,0,23,1,Cards
82,5,0,0,0,21.88,1,0,0,27.8,1,7,8,Deposits
131,2,1,1,1,238.3,1,1,1,29.1,1,6,21,Cards
85,1,2,9,1,7434.46,1,1,0,16.6,1,18,17,Mortgage
79,2,2,1,1,1315.81,1,0,0,1.5,0,7,12,Cards
58,0,0,5,0,370.44,1,1,0,20.1,1,8,9,Fair Lending
148,1,0,0,0,112.21,1,1,0,7.1,1,17,4,Deposits
150,1,4,1,0,1430.4,1,0,0,20.2,1,0,9,Cards
149,0,1,0,0,223.15,1,0,0,20.0,0,12,8,Cards
145,1,1,0,0,0.0,1,0,0,4.2,2,21,13,Cards
156,0,5,2,0,687.74,1,1,0,5.5,0,19,20,Mortgage
153,1,2,1,0,41.2,1,0,0,21.2,1,15,7,Cards
126,2,1,2,0,187.21,1,0,1,25.7,0,14,11,Cards
143,3,5,1,0,158.47,1,0,0,10.7,0,23,13,Cards
155,5,0,0,0,0.0,1,0,0,3.7,0,21,10,Deposits
129,0,0,0,2,104.25,1,0,0,3.8,1,20,10,Cards
172,1,2,2,0,0.0,1,1,0,14.4,1,17,15,Mortgage
149,3,0,1,0,34.5,0,0,0,28.3,1,12,27,Deposits
171,0,0,1,0,479.3,0,1,0,28.0,2,1,1,Mortgage
174,1,1,0,0,0.0,1,0,0,7.0,0,7,1,Deposits
145,2,2,1,0,268.94,1,0,0,11.6,0,15,14,Cards
72,1,0,0,0,106.13,1,0,0,6.6,0,8,18,Deposits
135,2,7,2,1,50.81,1,0,0,29.8,0,17,10,Cards
54,4,0,1,0,10.81,0,0,0,15.1,0,13,11,Deposits
114,2,1,0,1,327.25,1,0,0,14.3,0,7,8,Cards
92,2,0,2,0,23.96,0,0,0,25.6,0,11,22,Deposits
125,2,4,1,0,1335.37,0,1,0,7.0,2,19,8,Mortgage
161,0,2,4,0,1011.91,0,1,1,10.9,0,14,10,Fair Lending
168,2,0,1,0,0.0,0,1,0,16.7,0,2,13,Deposits
173,0,1,8,0,581.44,0,1,0,21.3,0,8,8,Mortgage
155,1,1,4,0,195.11,1,0,0,25.2,1,9,4,Cards
161,0,1,4,0,1802.52,1,1,1,23.8,0,21,21,Mortgage
131,0,2,2,0,902.19,1,1,0,0.7,0,7,24,Mortgage
188,0,2,1,0,189.32,1,0,0,3.4,0,23,20,Cards
83,0,3,5,0,7375.97,0,1,0,6.0,0,21,14,Mortgage
87,1,0,1,0,0.0,1,0,0,14.9,0,20,22,Deposits
140,1,1,1,0,2508.29,0,1,0,26.3,0,12,21,Mortgage
148,2,1,2,0,168.83,1,0,0,7.6,2,8,16,Cards
118,1,2,1,0,96.47,1,0,0,3.1,1,9,28,Cards
122,2,0,1,0,0.0,0,1,0,25.6,0,23,4,Deposits
93,0,0,2,0,92.04,1,0,0,6.7,1,5,11,Deposits
109,1,0,3,0,353.46,0,1,0,24.4,1,6,20,Mortgage
172,0,0,2,0,1703.71,0,1,0,2.5,1,21,18,Mortgage
161,0,0,5,0,857.43,0,1,0,12.8,0,4,3,Mortgage
87,5,1,1,0,0.0,1,0,0,23.9,0,20,20,Deposits
327,0,1,4,1,1049.06,0,1,0,9.8,1,11,13,Fair Lending
88,1,6,0,0,84.73,1,0,0,20.9,3,13,24,Cards
167,3,0,1,1,36.27,0,0,0,14.6,0,5,17,Deposits
144,3,0,1,0,0.0,0,1,0,13.0,1,17,8,Deposits
141,2,1,0,0,0.0,1,0,0,10.5,0,22,10,Cards
153,2,3,2,0,743.06,1,0,0,27.2,0,22,26,Cards
182,1,1,2,0,136.4,1,0,0,14.9,0,6,27,Cards
84,4,0,0,0,0.0,1,0,0,18.6,1,22,9,Deposits
223,1,3,0,0,128.0,1,0,0,17.2,2,18,19,Fair Lending
98,5,1,0,1,53.61,1,1,0,15.6,0,4,21,Deposits
175,0,3,4,0,1448.04,1,1,0,18.8,0,7,15,Mortgage
123,2,1,2,0,1121.89,0,1,1,11.4,0,17,28,Mortgage
86,1,2,2,0,655.92,1,0,1,8.3,0,16,4,Cards
123,0,1,0,0,127.63,1,0,0,18.9,3,13,15,Cards
190,1,4,2,0,899.14,0,1,0,22.9,0,3,15,Mortgage
96,2,3,0,0,137.05,1,0,0,23.7,1,5,14,Cards
147,5,0,2,0,25.17,1,0,0,0.8,0,0,11,Deposits
114,1,2,1,0,0.0,1,1,0,27.8,0,6,18,Cards
125,2,4,1,1,196.06,1,0,1,11.6,1,3,20,Cards
121,3,5,2,0,190.32,1,0,0,3.6,0,15,19,Cards
44,2,4,0,0,582.8,1,0,0,15.0,0,10,12,Cards
124,3,0,0,1,29.5,0,0,0,23.5,1,1,16,Deposits
188,2,1,1,0,476.4,1,1,0,8.0,1,3,16,Cards
217,0,1,1,0,0.0,1,0,1,20.3,0,19,14,Fair Lending
62,1,2,2,0,0.0,1,0,0,4.8,2,3,12,Cards
174,0,0,6,0,1932.97,0,1,0,3.4,0,0,26,Mortgage
132,0,2,2,0,149.09,1,0,0,24.7,1,19,12,Cards
188,1,2,6,1,441.84,1,1,1,18.5,0,22,17,Mortgage
127,2,3,0,0,286.68,1,1,0,26.7,1,3,15,Cards
106,4,0,0,1,505.89,0,0,0,6.1,1,13,21,Deposits
202,4,0,0,0,0.0,0,1,0,4.3,0,0,4,Fair Lending
89,0,1,3,0,1167.0,1,1,0,18.4,1,20,13,Mortgage
127,1,0,0,0,16.85,1,0,0,19.0,1,5,20,Deposits
51,1,1,1,0,0.0,0,0,1,25.9,1,10,27,Fair Lending
148,0,0,0,0,97.97,0,0,0,27.4,1,8,21,Cards
202,0,0,2,0,4284.58,1,0,1,12.0,1,10,28,Fair Lending
193,0,2,2,1,23.72,1,0,0,24.0,1,17,27,Cards
132,2,0,0,2,0.0,0,0,0,4.1,0,18,27,Deposits
201,0,0,1,0,518.04,1,1,0,11.4,1,12,17,Mortgage
146,0,1,2,0,5234.79,0,1,0,17.3,1,21,3,Mortgage
146,0,3,1,1,442.83,0,0,0,11.2,0,5,4,Cards
130,5,0,0,0,144.73,0,0,0,8.1,1,2,8,Deposits
89,1,3,2,1,98.67,1,0,0,13.8,1,3,14,Cards
146,1,6,2,1,483.77,1,0,0,24.6,0,6,19,Cards
136,4,1,0,0,14.15,1,0,0,25.8,0,9,20,Deposits
154,6,0,0,0,101.62,1,0,0,11.3,0,21,4,Deposits
111,2,2,5,1,3707.8,0,1,0,16.5,0,17,25,Mortgage
116,1,5,0,0,240.44,1,0,0,24.1,0,6,26,Cards
166,0,2,2,0,2568.92,1,1,0,1.2,0,7,8,Mortgage
52,1,3,5,1,2115.42,1,1,1,19.9,1,5,20,Mortgage
140,0,3,0,0,189.5,0,0,0,4.9,1,14,24,Cards
133,0,2,1,0,174.79,1,0,0,9.9,1,5,14,Cards
131,1,4,0,1,698.42,1,1,0,25.5,2,4,13,Cards
162,1,2,0,0,61.98,1,0,1,22.4,0,18,13,Cards
116,2,3,0,0,191.03,1,0,0,21.5,0,19,24,Cards
133,1,1,0,0,0.0,1,1,0,14.5,0,0,1,Cards
108,0,3,0,0,72.43,1,1,0,23.4,2,2,21,Cards
151,0,2,1,0,45.26,1,1,0,13.7,1,21,19,Cards
118,7,0,0,0,61.65,0,1,0,9.1,0,9,5,Deposits
191,0,3,1,1,2722.63,0,1,0,25.3,1,15,28,Mortgage
183,1,2,0,0,795.21,1,0,0,27.8,0,2,24,Cards
121,1,2,0,0,422.5,1,1,1,13.6,0,1,4,Cards
156,1,2,0,0,60.5,1,1,0,28.7,0,20,20,Cards
210,2,2,0,0,104.33,1,0,0,24.0,2,12,28,Cards
77,0,5,0,0,427.96,1,0,1,20.4,1,18,20,Fair Lending
118,5,0,0,0,0.0,1,0,0,2.9,1,23,5,Deposits
148,1,2,0,1,210.19,1,0,0,0.7,0,16,13,Cards
138,0,0,2,1,539.53,1,1,0,10.3,1,22,12,Mortgage
125,2,0,0,0,21.16,1,0,0,23.1,1,0,13,Deposits
123,4,0,0,0,21.06,1,0,0,11.7,0,6,27,Deposits
160,0,0,0,0,0.0,1,0,0,15.9,1,16,7,Cards
105,1,2,0,0,222.3,1,1,0,15.3,2,13,8,Cards
183,2,0,1,0,103.28,0,0,0,1.8,0,16,18,Deposits
146,2,5,0,0,167.01,1,0,0,7.0,1,22,14,Cards
130,1,0,1,0,0.0,1,0,0,9.4,1,14,18,Cards
69,7,2,0,1,32.95,0,0,0,2.0,0,14,25,Deposits
152,3,2,0,0,112.31,1,1,0,28.2,0,13,10,Cards
138,0,0,0,0,983.45,1,1,0,20.1,0,2,25,Cards
88,2,2,0,0,611.48,1,1,0,20.4,1,19,4,Cards
161,1,0,4,0,1054.51,0,1,0,26.1,1,3,26,Mortgage
126,0,3,2,0,812.76,0,1,1,7.4,0,22,4,Mortgage
109,2,0,0,0,27.55,1,0,0,21.2,0,4,10,Deposits
130,0,0,1,1,0.0,0,0,0,7.7,0,15,9,Deposits
272,1,0,2,0,0.0,1,1,0,3.3,2,3,10,Fair Lending
144,2,2,3,1,185.63,1,0,0,16.5,0,20,3,Cards
91,2,2,0,0,41.69,0,1,0,11.9,0,18,24,Deposits
101,3,0,1,0,0.0,0,0,0,10.7,1,21,26,Deposits
165,1,2,2,0,57.12,1,0,0,12.9,0,12,9,Cards
141,0,2,2,0,56.77,1,0,0,0.8,0,23,2,Cards
181,2,1,1,0,173.92,1,0,0,5.2,1,13,16,Cards
178,0,1,4,0,0.0,0,1,0,0.3,0,21,15,Mortgage
35,0,2,7,1,0.0,1,1,1,15.5,0,18,22,Fair Lending
133,1,1,6,0,6328.37,1,1,0,16.8,1,2,19,Mortgage
79,2,0,1,0,0.0,1,1,0,17.0,1,5,8,Cards
118,1,2,0,1,0.0,0,1,0,29.0,1,17,14,Fair Lending
106,3,2,0,0,72.71,1,0,0,3.3,1,11,19,Cards
106,2,1,0,0,84.44,1,0,1,5.5,0,7,27,Cards
257,1,6,1,0,1578.3,1,1,0,26.5,0,19,4,Fair Lending
163,2,3,1,0,0.0,1,0,0,1.2,1,17,22,Cards
146,1,7,2,1,180.7,1,0,0,26.2,0,0,21,Cards
105,1,4,1,2,833.17,0,1,1,27.5,0,10,23,Mortgage
144,1,1,0,0,337.41,1,0,0,0.8,1,10,1,Cards
89,4,0,0,0,18.13,1,1,0,16.6,0,4,20,Deposits
118,1,1,0,1,84.85,1,1,0,15.4,0,16,25,Cards
67,2,2,0,1,0.0,1,0,1,25.7,0,6,4,Fair Lending
94,0,1,0,0,586.93,1,1,0,17.8,0,22,7,Cards
76,0,0,0,0,0.0,0,0,0,24.0,0,12,17,Deposits
94,3,0,0,0,36.37,1,1,0,0.9,0,23,26,Deposits
92,0,0,0,0,163.24,1,0,0,12.7,0,15,20,Cards
71,3,0,1,0,0.0,0,0,0,8.0,0,11,12,Deposits
125,2,0,0,0,176.34,0,0,0,29.4,0,15,18,Deposits
119,3,5,0,1,85.53,1,0,0,9.3,1,13,3,Cards
95,1,3,7,0,1494.61,0,1,0,0.3,1,7,21,Mortgage
172,5,3,0,0,0.0,1,0,1,9.0,1,17,17,Cards
152,0,0,5,0,0.0,1,1,0,4.5,0,21,9,Mortgage
133,1,2,5,1,2022.23,1,1,0,5.1,0,19,11,Mortgage
142,3,0,2,1,42.42,1,0,0,5.6,2,6,17,Deposits
305,1,3,2,1,0.0,1,0,1,9.3,0,14,10,Fair Lending
91,3,0,2,0,131.8,0,0,0,10.0,2,21,12,Deposits
231,0,2,3,0,2066.69,0,1,1,17.5,0,9,16,Fair Lending
321,0,1,0,0,0.0,1,1,0,21.9,0,7,25,Fair Lending
99,2,0,2,0,17.07,0,1,0,1.2,0,11,1,Deposits
106,0,3,1,1,200.5,1,0,0,21.5,1,4,23,Cards
139,1,2,1,0,37.2,1,0,0,7.4,0,23,16,Cards
157,1,3,5,0,613.49,0,1,0,18.1,1,3,2,Mortgage
126,0,8,1,1,188.44,1,1,0,21.0,0,12,11,Cards
178,5,2,0,0,52.38,1,0,0,17.8,0,8,8,Cards
130,3,1,0,1,219.49,0,0,0,15.6,1,14,10,Deposits
296,0,1,3,2,4857.23,1,1,1,25.8,0,13,28,Fair Lending
57,2,1,1,0,25.44,0,0,0,16.4,0,20,25,Deposits
52,1,2,0,0,0.0,0,0,1,25.4,0,23,3,Fair Lending
132,1,1,0,0,78.35,1,0,0,15.4,0,12,5,Cards
108,4,0,3,0,0.0,0,1,0,27.4,1,10,13,Deposits
157,2,2,0,0,82.6,1,0,0,13.4,1,15,8,Cards
138,1,0,0,1,39.01,1,0,0,21.0,0,0,8,Deposits
125,4,0,1,0,105.11,0,0,0,6.9,0,17,7,Deposits
145,0,1,4,1,3681.17,1,1,0,11.1,0,21,16,Mortgage
39,0,2,2,0,2059.13,0,1,1,8.8,2,9,8,Fair Lending
78,2,0,1,0,53.6,1,1,0,2.8,1,11,4,Deposits
135,0,1,1,0,220.4,1,1,0,14.5,0,9,3,Cards
145,2,0,1,0,17.77,1,0,1,11.0,1,6,28,Deposits
106,4,0,0,0,126.21,0,1,0,16.7,1,20,16,Deposits
105,3,0,1,0,45.28,1,0,0,17.6,1,13,18,Deposits
54,0,3,2,1,0.0,1,1,0,7.6,0,4,6,Fair Lending
130,3,0,0,0,29.58,0,0,0,3.0,1,11,25,Deposits
108,3,0,3,0,47.02,0,0,0,0.8,0,5,23,Deposits
124,3,1,1,0,17.57,1,0,0,9.0,0,2,26,Deposits
146,5,0,0,0,150.37,1,0,0,4.9,2,13,14,Cards
128,1,1,0,0,58.27,1,0,0,27.6,0,13,27,Cards
145,2,2,0,1,137.89,1,0,0,11.9,1,23,8,Cards
28,1,1,0,0,0.0,1,1,0,10.2,1,0,11,Fair Lending
97,0,0,2,0,57.19,1,0,0,8.5,3,14,15,Deposits
146,0,3,6,1,0.0,1,1,1,17.0,1,10,23,Fair Lending
195,0,1,3,0,1515.25,1,1,0,25.1,0,9,11,Mortgage
126,0,0,2,0,1366.41,0,1,0,23.8,0,4,8,Mortgage
103,2,2,2,1,155.69,1,1,0,1.8,0,8,24,Cards
182,1,2,1,1,0.0,1,0,0,15.5,1,10,11,Cards
239,0,1,6,0,297.53,0,1,1,27.3,0,7,21,Fair Lending
124,2,0,0,0,47.89,1,0,0,26.8,0,10,13,Deposits
277,2,1,2,0,0.0,1,0,0,29.8,0,13,3,Fair Lending
165,0,1,2,0,0.0,1,1,1,18.1,0,1,9,Mortgage
112,2,2,1,0,141.53,1,0,0,15.2,0,16,17,Cards
186,1,3,4,0,2582.43,1,1,0,19.8,0,1,19,Mortgage
155,1,0,0,1,0.0,0,1,0,19.0,1,2,11,Deposits
161,1,1,4,0,2833.52,1,1,0,14.0,0,6,8,Mortgage
162,1,4,0,0,244.29,1,0,0,12.7,0,4,9,Cards
45,0,4,3,0,362.79,1,0,0,16.7,0,17,22,Cards
182,0,3,3,0,792.3,0,1,0,7.8,0,15,28,Mortgage
112,0,2,2,0,4437.25,1,1,0,28.4,0,6,1,Mortgage
79,1,0,0,0,0.0,1,0,0,7.0,0,14,5,Deposits
142,3,0,0,0,149.78,1,0,0,25.7,1,2,14,Deposits
156,0,2,9,0,1876.15,1,1,0,25.3,0,17,12,Mortgage
204,0,6,6,0,2234.29,0,1,0,11.5,0,1,9,Mortgage
144,0,3,2,0,1660.21,0,1,0,1.3,1,20,10,Mortgage
130,1,2,0,1,116.49,1,0,0,8.9,0,9,16,Cards
74,5,0,2,0,59.51,0,0,0,6.1,0,2,3,Deposits
67,3,0,1,0,246.21,1,0,0,14.3,1,22,13,Deposits
75,1,2,1,0,40.78,1,0,0,5.1,2,14,6,Fair Lending
98,1,0,0,0,0.0,0,0,0,17.3,0,4,20,Deposits
100,1,0,3,0,149.27,1,0,0,8.9,1,2,11,Cards
76,4,0,1,1,0.0,0,1,0,9.3,0,4,20,Deposits
239,1,1,2,1,1313.0,0,1,0,4.4,1,0,23,Fair Lending
102,0,1,5,1,479.83,1,1,0,1.2,1,21,22,Mortgage
45,0,0,2,0,957.51,1,1,1,0.6,3,19,11,Fair Lending
121,0,4,0,1,179.03,1,0,0,7.1,0,7,1,Cards
109,3,0,0,0,45.53,0,0,0,27.8,0,16,4,Deposits
94,1,3,1,0,0.0,1,1,0,21.0,1,7,6,Cards
104,1,0,1,1,173.16,1,0,0,29.0,0,22,22,Cards
158,3,1,0,1,122.67,0,0,0,18.5,0,12,19,Deposits
24,1,1,0,0,0.0,0,0,0,9.0,0,9,23,Deposits
117,1,1,7,2,0.0,1,1,1,21.6,0,0,13,Fair Lending
155,1,1,2,0,4761.61,0,1,0,9.5,0,17,26,Mortgage
153,2,0,3,0,175.31,1,0,0,7.1,0,19,28,Cards
283,0,2,0,0,0.0,1,1,1,20.5,2,15,16,Fair Lending
126,4,0,3,0,326.68,0,0,0,2.0,1,12,23,Deposits
112,2,0,1,0,612.09,1,0,1,3.5,1,7,10,Deposits
109,2,3,2,0,465.61,1,0,0,17.6,1,8,13,Cards
148,0,4,0,0,0.0,1,1,1,2.9,1,10,18,Cards
261,0,1,1,0,0.0,1,1,1,10.7,0,2,11,Fair Lending
156,1,2,0,0,196.63,1,0,0,5.2,1,0,5,Cards
116,0,0,1,0,3770.34,0,1,0,4.6,0,12,21,Mortgage
180,0,1,2,0,1169.81,1,1,1,18.1,0,4,23,Mortgage
114,2,2,0,0,985.5,1,0,0,19.7,0,2,8,Cards
104,4,1,2,0,152.68,0,0,0,0.3,1,20,8,Deposits
111,2,3,1,0,134.74,1,0,0,1.2,0,13,1,Cards
88,6,0,0,0,268.66,1,0,0,16.1,0,0,9,Deposits
173,0,0,5,0,0.0,0,1,1,22.4,1,1,19,Mortgage
147,1,1,3,1,3909.38,1,1,1,23.4,1,22,12,Mortgage
101,1,1,2,0,2030.78,0,1,0,0.6,0,10,22,Mortgage
151,0,2,5,0,1774.94,1,1,1,14.3,0,16,8,Mortgage
139,0,1,0,0,102.18,1,0,0,3.3,0,7,23,Cards
146,1,1,0,0,687.39,1,0,0,28.4,0,17,4,Cards
112,2,0,1,0,96.9,1,0,0,2.9,1,7,23,Cards
94,4,0,2,0,12.49,1,0,0,19.5,1,10,14,Deposits
130,1,0,1,1,111.56,1,0,0,13.9,0,10,6,Cards
101,0,3,0,0,104.93,1,0,0,15.2,0,4,18,Cards
163,3,1,1,0,0.0,1,0,0,3.2,1,5,25,Cards
187,0,1,4,0,315.42,0,1,0,18.8,1,10,3,Mortgage
90,1,0,2,0,13.67,1,0,0,16.2,0,5,20,Deposits
82,0,2,6,0,5955.78,0,1,1,6.8,0,15,24,Mortgage
88,3,0,0,1,17.58,0,0,0,4.7,1,3,23,Deposits
123,1,1,0,0,197.06,1,0,0,10.1,0,13,1,Cards
108,3,2,0,0,180.25,1,0,0,0.7,1,19,7,Cards
134,1,3,1,0,165.27,1,0,0,11.9,1,5,10,Cards
139,0,0,1,0,85.46,0,1,0,27.8,0,6,2,Deposits
157,1,0,6,0,1342.08,0,1,0,18.2,0,8,17,Mortgage
156,2,1,2,0,118.1,1,0,0,12.3,0,1,12,Cards
141,0,1,1,2,2968.98,1,0,0,17.3,0,7,3,Cards
120,0,2,2,0,469.13,0,0,0,2.7,1,22,27,Cards
135,4,0,0,0,28.74,0,1,0,9.4,1,1,15,Deposits
146,1,1,3,1,1697.73,0,1,0,22.7,1,6,14,Mortgage
150,2,0,1,1,0.0,1,0,0,10.0,0,15,4,Deposits
199,0,1,6,0,373.75,0,1,0,15.6,0,7,14,Mortgage
113,2,2,1,0,33.62,1,0,0,25.7,0,8,7,Deposits
149,0,0,1,0,65.64,1,0,0,9.0,0,12,7,Deposits
138,4,0,2,0,146.01,1,1,0,10.3,0,6,20,Deposits
196,0,4,0,0,5678.97,0,1,0,16.1,0,17,19,Mortgage
171,1,1,0,0,0.0,1,0,0,23.0,0,15,18,Deposits
109,0,4,3,0,475.61,1,0,0,29.3,0,14,22,Cards
166,0,1,2,0,2969.71,1,1,0,3.3,0,2,14,Mortgage
134,3,0,2,0,78.85,1,0,0,10.2,1,16,7,Deposits
123,1,4,1,0,136.43,1,1,0,6.0,1,6,5,Cards
110,4,0,0,0,252.34,1,1,0,3.0,0,0,15,Cards
107,3,4,6,0,903.02,0,1,0,17.5,0,8,20,Mortgage
135,1,2,1,0,250.92,1,1,0,24.2,0,18,14,Cards
224,1,1,2,1,578.06,0,1,0,6.3,0,22,16,Mortgage
129,0,2,1,0,410.89,1,0,0,9.0,1,18,25,Cards
127,0,3,0,1,559.89,1,1,0,3.6,0,20,19,Cards
155,1,0,1,0,2834.12,1,1,0,6.4,0,10,26,Mortgage
94,1,1,0,0,209.07,1,1,0,16.6,1,10,19,Cards
146,0,2,2,1,4674.82,0,1,1,28.9,2,22,6,Mortgage
98,2,2,0,0,131.85,1,0,0,30.0,0,5,3,Cards
120,2,1,1,0,351.01,1,0,0,25.5,0,18,4,Cards
57,3,1,0,1,19.01,1,0,0,14.8,1,22,26,Deposits
125,2,0,0,0,23.4,1,0,0,18.6,0,3,15,Deposits
146,1,4,0,1,600.71,1,0,0,5.6,0,0,25,Cards
161,0,3,2,0,478.78,0,1,1,25.9,0,12,11,Mortgage
132,0,2,5,0,328.95,1,1,0,18.6,0,17,3,Mortgage
62,0,0,5,1,1678.86,1,1,0,15.1,1,18,4,Fair Lending
160,2,2,0,0,177.41,1,0,0,11.4,0,14,6,Cards
142,0,1,3,1,1303.25,1,1,0,19.1,0,10,22,Mortgage
163,0,2,3,0,2880.49,0,1,0,7.8,1,23,25,Mortgage
128,2,7,0,0,60.25,1,1,0,13.3,1,9,5,Cards
68,4,0,1,0,61.18,1,1,0,23.3,1,17,9,Deposits
186,1,0,1,0,228.73,1,1,0,4.6,2,4,19,Cards
113,4,0,1,0,24.41,0,0,0,15.8,0,12,7,Deposits
74,2,0,5,0,0.0,1,0,0,3.8,0,22,8,Deposits
121,3,0,1,0,0.0,1,0,0,13.5,1,3,24,Deposits
154,1,1,0,2,188.36,1,0,1,10.5,2,16,3,Cards
103,0,0,3,1,1106.55,1,1,0,23.3,0,6,14,Mortgage
250,1,1,3,0,283.22,1,1,0,3.3,1,16,15,Fair Lending
148,1,2,0,0,618.79,1,0,0,13.8,0,13,22,Cards
111,2,1,0,1,37.39,0,1,0,13.7,0,22,3,Deposits
133,4,0,2,0,102.71,0,1,0,14.4,0,16,28,Deposits
271,2,0,4,0,0.0,0,1,0,0.4,0,4,16,Fair Lending
195,0,3,3,0,1519.68,1,1,0,6.4,0,20,14,Mortgage
114,0,1,2,0,1976.57,1,1,1,3.8,0,0,26,Mortgage
135,2,4,2,0,1082.45,1,0,0,24.1,0,9,2,Cards
139,2,3,2,0,2135.01,1,1,0,19.7,0,0,27,Mortgage
200,0,3,3,0,1532.22,1,1,1,15.9,0,15,15,Mortgage
84,3,0,0,1,0.0,0,1,0,26.2,0,11,1,Deposits
172,0,0,4,0,882.06,0,1,0,17.5,0,23,23,Mortgage
78,2,0,0,2,138.41,0,0,0,1.5,1,5,20,Deposits
123,1,2,0,0,103.55,1,1,0,2.1,1,22,10,Cards
116,1,2,2,0,312.03,1,0,0,6.3,0,20,24,Cards
123,3,0,0,1,9.61,1,0,0,18.0,0,1,24,Deposits
95,0,1,3,0,2205.47,0,1,0,21.1,0,9,25,Mortgage
123,4,0,2,0,0.0,1,1,0,19.7,0,4,13,Deposits
141,0,4,6,1,528.02,1,1,0,23.6,0,19,18,Mortgage
102,3,2,0,0,105.65,0,0,0,16.8,0,23,2,Deposits
151,1,0,2,1,22.08,0,1,0,11.5,1,14,9,Deposits
69,6,0,2,0,30.07,0,1,0,20.8,0,19,12,Deposits
52,4,0,0,0,338.14,0,0,0,11.4,0,9,8,Deposits
71,1,4,1,0,159.3,1,0,0,28.0,1,23,18,Cards
207,3,2,3,0,302.09,0,1,0,16.7,0,18,26,Mortgage
124,0,0,0,1,68.16,0,0,0,7.0,0,9,20,Deposits
138,1,2,1,0,151.09,1,0,0,11.1,0,23,9,Cards
88,4,0,1,0,0.0,1,1,0,8.0,0,6,10,Deposits
112,4,0,0,0,67.3,0,0,0,26.6,0,22,13,Deposits
144,1,5,7,0,367.45,0,1,0,6.3,1,9,17,Mortgage
130,0,4,0,0,321.32,1,1,0,26.0,1,12,7,Cards
91,5,0,2,1,0.0,0,0,0,9.7,0,10,24,Deposits
136,3,4,0,1,190.09,1,1,0,11.2,1,13,26,Cards
131,1,0,1,0,6.64,1,0,0,19.6,0,19,10,Deposits
135,3,1,1,0,158.35,0,0,1,13.6,0,5,17,Cards
109,2,0,0,0,127.08,1,0,0,22.7,0,4,17,Deposits
114,0,2,2,0,0.0,1,1,0,19.1,0,5,21,Mortgage
138,0,4,0,0,1327.57,1,0,0,13.9,0,20,20,Cards
166,1,2,0,0,0.0,1,0,0,18.2,0,1,14,Cards
146,3,2,1,0,394.6,1,1,0,6.0,0,10,12,Cards
135,0,0,0,0,510.5,0,0,0,29.7,0,16,27,Deposits
60,0,4,2,0,0.0,1,0,0,19.3,0,4,14,Fair Lending
136,1,4,0,0,168.27,1,0,0,22.9,1,0,6,Cards
132,0,1,1,0,221.78,1,0,0,7.6,0,7,11,Cards
136,3,8,1,0,0.0,1,1,0,13.6,0,20,11,Cards
118,1,1,5,1,536.63,0,1,0,10.3,0,5,20,Mortgage
117,0,3,2,0,368.68,1,0,1,14.5,0,21,13,Cards
129,3,4,0,0,162.7,1,1,0,6.5,0,17,17,Cards
123,1,0,1,0,967.14,1,1,0,17.4,0,2,15,Cards
161,0,1,2,0,588.44,0,1,0,26.5,0,7,25,Mortgage
133,1,1,1,0,101.09,1,0,0,5.3,0,14,9,Cards
305,3,0,1,1,0.0,1,0,0,19.4,1,21,6,Fair Lending
117,1,3,0,0,73.96,1,1,0,5.4,0,2,20,Cards
206,2,2,0,0,580.54,1,0,0,21.0,1,14,14,Cards
139,0,0,2,0,1078.33,0,1,0,7.9,0,4,1,Mortgage
134,2,0,1,0,64.85,1,1,1,15.0,0,13,2,Cards
116,3,0,0,1,61.2,1,0,0,20.4,0,21,7,Deposits
59,1,1,5,0,4078.48,0,1,0,19.9,1,13,28,Fair Lending
81,3,0,0,0,0.0,1,0,0,25.7,0,18,9,Deposits
121,1,4,0,0,110.44,1,1,0,27.7,1,23,13,Cards
153,2,1,0,1,291.86,1,1,0,6.2,1,12,3,Cards
131,3,0,2,0,103.08,1,0,0,28.1,0,12,3,Deposits
168,0,1,3,0,0.0,0,1,0,19.5,1,0,7,Mortgage
81,0,1,3,1,0.0,1,1,1,29.6,0,18,18,Mortgage
131,7,0,0,0,108.41,0,0,0,8.8,0,6,19,Deposits
200,1,1,4,0,341.86,0,1,1,11.0,0,11,2,Mortgage
166,1,1,0,0,955.69,1,0,0,5.9,1,1,12,Cards
93,1,2,0,1,257.6,1,0,0,9.1,1,4,20,Cards
167,0,1,4,0,2750.2,1,1,0,5.7,0,8,16,Mortgage
248,0,1,0,2,1419.31,0,1,0,11.9,0,6,18,Fair Lending
120,0,3,0,0,259.27,1,0,0,8.6,0,20,20,Cards
117,1,5,3,0,193.74,1,0,0,6.1,1,16,24,Cards
144,0,4,3,0,2928.73,1,0,0,9.9,0,4,25,Cards
184,0,2,2,0,706.83,0,1,0,3.5,0,12,11,Mortgage
177,0,1,0,1,219.01,1,0,0,13.7,0,22,11,Cards
182,0,3,0,0,111.17,1,0,0,8.7,0,4,7,Cards
117,0,5,1,0,631.9,1,1,0,12.1,2,16,5,Mortgage
101,3,3,0,0,43.36,1,0,0,24.0,0,13,16,Cards
142,1,3,0,0,311.65,1,0,0,15.3,0,9,18,Cards
158,0,1,3,1,386.1,0,1,0,25.9,1,11,14,Mortgage
183,1,5,2,0,200.23,1,1,0,25.7,0,13,7,Cards
127,2,2,0,0,126.71,1,0,0,23.0,0,17,11,Cards
117,1,0,1,0,190.28,1,0,0,20.5,0,12,26,Deposits
78,1,1,1,0,1360.46,1,1,1,11.6,0,23,2,Fair Lending
115,2,2,0,1,0.0,1,1,0,4.6,1,23,13,Cards
134,2,0,1,0,80.07,0,0,0,19.6,0,18,22,Deposits
130,2,1,0,0,323.82,1,0,0,0.5,0,14,6,Cards
211,0,2,3,0,625.29,1,1,0,15.9,0,10,21,Mortgage
251,0,1,1,0,0.0,1,1,0,14.0,1,19,24,Fair Lending
144,5,0,0,0,0.0,0,0,1,3.9,0,16,17,Deposits
95,5,0,0,0,80.16,0,0,0,17.5,0,7,5,Deposits
140,4,0,0,0,150.42,0,0,0,21.2,0,23,28,Deposits
158,2,4,2,0,137.46,1,0,0,25.9,2,15,9,Cards
111,1,3,2,0,104.9,1,0,1,1.4,1,11,27,Cards
111,0,0,0,0,357.3,1,0,0,22.5,0,1,24,Cards
155,3,0,0,0,49.38,1,0,0,8.9,1,10,9,Deposits
154,1,0,3,0,935.44,0,1,0,18.3,0,0,23,Mortgage
127,5,1,2,0,134.66,0,1,0,20.3,0,4,23,Deposits
52,0,1,0,0,0.0,1,0,0,21.5,0,1,15,Fair Lending
165,3,1,0,1,114.37,1,1,1,23.6,0,21,21,Cards
123,1,2,1,0,0.0,1,0,0,4.5,0,9,27,Cards
104,0,0,1,0,15.95,0,1,0,28.8,0,12,23,Deposits
170,1,2,1,0,99.02,1,0,0,18.6,0,15,22,Cards
146,0,3,1,0,638.24,1,1,0,0.4,0,6,7,Cards
185,0,1,6,1,1514.39,0,1,0,22.0,0,0,17,Mortgage
140,1,1,2,0,320.3,1,0,0,17.2,1,19,3,Cards
146,2,1,0,0,125.03,1,0,0,17.6,0,8,1,Cards
177,1,1,6,0,883.43,0,1,0,28.6,1,12,19,Mortgage
108,2,1,0,1,64.39,1,1,0,21.6,1,12,11,Cards
127,1,2,0,1,842.73,1,0,0,10.4,0,15,9,Cards
121,0,1,0,0,0.0,1,0,0,27.2,0,21,25,Cards
160,0,2,0,1,0.0,1,1,0,22.9,0,4,13,Mortgage
138,3,0,0,0,43.31,0,0,0,1.7,0,20,17,Deposits
224,1,6,0,1,0.0,1,0,0,17.7,0,18,26,Cards
140,0,4,0,0,0.0,1,1,0,9.2,0,15,12,Cards
161,6,0,1,0,70.22,0,0,0,13.5,1,6,27,Deposits
219,0,2,3,0,583.29,1,1,0,24.6,0,22,22,Fair Lending
154,1,0,1,1,53.55,1,0,0,23.7,0,6,9,Cards
110,2,0,0,0,0.0,0,0,0,25.9,0,14,14,Deposits
108,0,1,1,0,147.03,1,0,0,2.1,0,19,6,Cards
246,1,2,4,0,0.0,1,0,0,28.0,1,19,25,Fair Lending
58,0,0,5,1,3748.13,1,1,0,6.7,1,14,6,Fair Lending
158,2,0,0,0,76.15,1,1,0,19.9,0,10,19,Deposits
90,3,0,0,1,303.62,1,0,0,8.5,0,17,20,Deposits
138,1,0,2,0,144.52,1,0,0,7.9,0,4,5,Cards
196,0,1,5,0,1867.72,0,1,0,12.2,0,2,26,Mortgage
126,4,0,1,0,29.98,0,0,0,23.7,0,12,13,Deposits
181,0,0,2,0,2533.78,0,1,0,20.9,0,18,19,Mortgage
138,0,0,6,0,634.73,0,1,1,10.3,0,12,12,Mortgage
156,1,1,0,0,258.88,1,0,0,4.1,1,13,15,Cards
114,0,2,0,0,1149.96,1,1,0,28.0,0,12,20,Cards
73,0,0,0,2,0.0,1,0,0,20.3,1,15,1,Fair Lending
106,0,1,6,0,5604.74,0,1,0,1.0,0,11,19,Mortgage
138,0,1,3,1,1611.58,1,1,1,0.4,0,6,22,Mortgage
98,2,2,8,0,3016.4,1,1,1,13.2,1,5,11,Mortgage
111,3,3,0,1,411.7,1,0,0,6.3,1,0,12,Cards
88,1,0,0,0,33.58,0,0,0,21.8,2,12,1,Deposits
158,0,0,0,2,3488.03,0,1,0,12.6,1,15,2,Mortgage
124,0,2,3,0,3811.61,0,1,0,21.4,2,15,5,Mortgage
111,0,4,0,0,316.8,1,1,0,24.3,0,12,3,Cards
157,1,2,4,0,478.49,0,1,1,3.3,0,7,8,Mortgage
52,2,0,0,0,63.6,1,0,0,22.4,0,2,7,Deposits
191,1,2,2,0,146.33,1,0,0,3.8,0,21,25,Cards
131,1,1,3,0,319.66,1,0,0,24.4,1,4,22,Cards
113,3,0,0,0,0.0,0,0,0,29.9,1,10,8,Deposits
209,0,0,2,1,775.68,0,1,0,26.3,0,16,28,Mortgage
102,3,0,0,0,37.2,1,0,0,9.9,0,10,9,Deposits
166,0,2,1,1,172.39,1,0,0,23.4,0,10,10,Cards
124,0,0,2,0,60.62,1,0,0,1.1,1,10,10,Deposits
105,0,4,1,0,562.7,1,0,1,4.7,1,2,5,Cards
38,1,0,0,0,127.48,0,0,0,23.1,2,13,12,Deposits
131,0,4,1,0,0.0,1,0,1,19.5,0,2,13,Cards
135,1,2,1,2,136.69,1,0,0,21.6,0,7,19,Cards
114,2,0,0,0,27.39,1,0,0,12.6,0,7,14,Deposits
163,0,1,0,0,554.55,1,1,0,4.1,1,8,19,Mortgage
97,1,0,0,1,35.82,0,1,0,26.3,0,20,20,Deposits
100,1,1,1,1,70.8,1,0,0,26.4,0,17,28,Deposits
89,2,0,0,0,87.08,0,0,1,26.7,0,2,19,Deposits
148,0,0,1,0,0.0,1,1,0,24.1,0,9,3,Mortgage
131,1,2,0,0,146.92,1,0,1,1.2,0,19,3,Cards
84,0,5,0,0,212.49,1,0,0,15.2,3,18,10,Cards
104,2,0,0,0,43.87,0,0,0,15.3,0,18,17,Deposits
127,0,2,0,1,472.43,1,0,0,20.4,0,2,1,Cards
85,0,3,2,0,0.0,1,0,0,22.7,0,18,27,Cards
129,0,1,1,0,869.96,0,1,0,6.9,1,15,8,Mortgage
95,0,0,0,1,963.31,0,0,0,22.2,0,11,27,Cards
109,6,0,1,0,0.0,1,0,0,19.1,1,1,24,Deposits
143,0,5,2,0,39.63,1,0,0,5.3,0,1,16,Cards
131,1,5,1,0,125.93,1,0,0,22.2,0,15,5,Cards
153,3,5,2,0,530.81,0,0,0,5.5,0,17,4,Cards
107,1,0,5,0,1125.84,1,1,0,12.4,0,6,19,Mortgage
149,6,0,0,0,49.17,1,0,1,16.8,0,1,12,Deposits
128,2,0,2,0,52.86,1,0,0,5.3,1,2,19,Deposits
89,2,0,1,1,78.61,0,0,0,3.0,0,2,11,Deposits
155,1,2,2,1,1046.09,1,1,0,20.0,1,17,22,Mortgage
172,0,5,0,0,0.0,1,0,0,7.3,0,20,1,Cards
155,0,1,3,0,1066.83,0,1,0,29.2,0,19,6,Mortgage
167,0,2,6,0,2958.4,0,1,0,8.3,0,0,6,Mortgage
185,0,2,3,0,2636.56,1,1,0,9.9,1,20,21,Mortgage
123,0,0,0,3,60.43,1,1,0,4.7,0,0,13,Deposits
129,0,3,0,0,94.48,1,0,0,11.4,0,6,5,Cards
144,0,1,0,0,471.93,1,1,0,13.0,0,21,24,Cards
82,0,1,1,0,0.0,1,0,0,15.7,3,6,26,Cards
94,0,1,0,0,224.06,1,1,0,14.5,2,11,2,Cards
111,1,0,1,0,0.0,0,0,0,13.6,0,23,21,Deposits
171,1,0,0,0,19.28,1,0,0,14.0,0,21,19,Deposits
111,0,2,2,0,128.31,1,1,0,26.6,0,6,3,Cards
133,0,1,0,0,284.79,1,0,0,19.9,0,14,4,Cards
168,1,3,5,0,428.28,0,1,0,7.0,0,22,3,Mortgage
192,2,1,6,0,818.35,0,1,0,24.1,0,2,20,Mortgage
139,3,0,0,0,0.0,0,0,0,7.8,1,0,17,Deposits
146,0,2,4,0,4324.89,0,1,0,27.2,0,5,5,Mortgage
169,0,0,2,0,2330.21,0,1,0,8.3,2,7,11,Mortgage
149,0,0,2,0,1574.88,1,1,0,7.7,1,1,6,Mortgage
151,0,2,3,0,919.66,0,1,1,28.2,0,2,6,Mortgage
154,0,1,6,0,857.2,0,1,1,11.3,0,6,11,Mortgage
158,0,2,6,0,2035.01,0,1,0,16.0,1,8,7,Mortgage
109,3,0,0,0,0.0,0,0,0,27.6,1,22,23,Deposits
169,1,2,2,1,184.67,1,0,0,13.7,0,14,11,Cards
144,0,2,0,0,0.0,1,0,0,28.5,0,17,2,Cards
150,2,0,1,0,64.2,0,1,0,9.8,0,22,12,Deposits
150,0,1,2,0,1205.7,1,1,0,25.9,0,2,4,Mortgage
128,2,2,1,1,387.33,1,0,0,15.5,0,9,22,Cards
220,0,2,3,0,1439.59,1,1,1,25.9,0,0,19,Mortgage
144,3,0,1,0,25.84,1,1,1,9.2,0,9,9,Deposits
126,2,1,1,0,97.04,1,0,1,25.2,1,7,12,Cards
123,6,0,1,0,0.0,0,0,0,2.3,0,10,15,Deposits
134,1,1,0,0,5827.67,1,1,0,17.9,1,21,28,Mortgage
128,1,0,1,0,68.2,1,1,0,14.1,1,8,13,Deposits
110,0,1,4,0,914.03,0,1,0,26.6,0,0,20,Mortgage
85,5,0,0,0,124.74,1,1,0,17.1,0,17,23,Deposits
92,3,2,0,1,0.0,0,1,0,14.9,2,1,24,Deposits
132,3,5,0,0,179.39,1,1,0,15.1,0,10,12,Cards
317,0,3,0,0,50.38,1,0,1,13.5,1,23,22,Fair Lending
140,0,2,1,0,130.72,1,0,0,12.2,0,11,24,Cards
160,2,2,1,1,0.0,1,0,0,9.0,0,5,5,Cards
136,1,1,0,0,76.01,0,0,0,9.3,0,1,23,Deposits
141,1,2,0,0,139.62,1,1,0,6.3,1,2,27,Cards
92,2,0,1,0,40.44,0,0,0,8.5,0,1,16,Deposits
130,0,1,2,0,223.87,1,0,0,5.5,0,14,4,Cards
268,1,0,1,0,0.0,1,0,1,12.9,2,23,20,Fair Lending
124,1,4,0,0,0.0,1,0,0,29.1,0,14,9,Cards
131,7,0,0,0,6.68,0,1,0,0.5,0,6,24,Deposits
215,0,1,1,1,1684.11,0,1,0,5.5,0,8,18,Mortgage
76,1,1,0,0,0.0,1,0,0,0.6,0,10,12,Deposits
156,0,1,2,0,2244.4,0,1,0,17.0,0,12,11,Mortgage
200,0,1,2,0,0.0,1,0,0,9.0,0,16,9,Mortgage
109,0,2,0,0,1174.24,1,0,0,9.9,1,14,26,Cards
104,5,1,1,0,29.99,1,1,0,5.6,1,10,24,Deposits
149,2,0,0,0,0.0,0,0,0,5.1,1,19,15,Deposits
176,1,4,0,0,0.0,1,0,0,6.5,0,3,6,Cards
83,2,1,1,0,92.9,1,0,0,6.7,0,3,27,Deposits
85,1,3,1,0,407.91,1,0,0,19.0,1,9,6,Cards
120,0,2,1,0,216.79,1,0,0,12.8,0,0,8,Cards
113,1,1,3,1,851.45,0,1,0,13.2,0,3,17,Mortgage
142,2,3,0,0,112.45,1,0,0,8.4,0,3,7,Cards
92,3,0,0,0,97.86,0,0,0,27.4,0,20,22,Deposits
192,1,4,2,2,53.37,1,1,0,6.2,1,23,27,Cards
123,0,0,6,1,1282.38,1,1,0,25.4,2,0,23,Mortgage
125,2,2,2,1,72.32,1,0,0,12.3,1,22,5,Cards
116,0,2,2,0,67.48,1,1,0,9.1,0,10,17,Cards
135,0,2,1,0,1107.47,0,1,0,26.7,0,20,1,Mortgage
134,3,7,2,0,183.12,1,0,0,12.7,0,17,25,Cards
39,0,5,0,1,45.98,1,0,0,19.8,0,5,28,Fair Lending
103,1,0,0,0,65.6,0,0,1,9.9,1,17,21,Deposits
178,0,1,6,0,1712.25,1,1,0,14.4,1,10,2,Mortgage
157,0,1,2,0,2433.51,0,1,0,5.3,0,5,16,Mortgage
112,1,0,0,1,84.49,0,0,0,13.3,1,11,11,Deposits
183,2,1,4,0,257.42,1,1,0,8.4,1,7,25,Mortgage
119,1,1,0,1,302.54,1,0,0,14.7,0,22,19,Cards
98,0,1,4,0,523.99,1,1,1,11.1,0,20,17,Mortgage
115,0,1,1,0,102.72,1,0,0,27.2,1,12,21,Cards
157,0,2,0,1,989.4,1,1,1,2.5,1,14,3,Mortgage
171,1,2,0,0,85.6,1,1,0,24.3,1,7,13,Cards
192,1,2,2,0,0.0,1,1,0,22.1,0,11,9,Mortgage
116,2,0,0,0,129.85,0,0,0,5.9,0,14,27,Deposits
132,8,0,2,0,39.77,1,0,0,12.2,0,8,5,Deposits
142,2,2,0,0,0.0,1,0,0,11.2,0,19,8,Cards
102,3,1,1,0,152.79,1,0,0,13.7,0,5,4,Deposits
93,1,1,1,0,81.36,0,1,1,22.8,1,21,20,Deposits
97,3,0,0,0,35.45,0,1,0,0.2,1,8,6,Deposits
167,0,0,1,0,3424.04,0,1,0,7.2,1,2,22,Mortgage
140,3,0,1,0,72.06,0,1,0,23.0,1,1,1,Deposits
151,0,1,1,0,2122.63,0,1,0,22.8,1,23,16,Mortgage
193,1,1,3,0,213.98,1,0,1,12.4,0,10,5,Cards
188,1,2,1,0,796.25,0,1,0,10.7,0,8,9,Mortgage
53,5,0,1,2,3.79,0,0,0,21.4,0,8,13,Deposits
86,3,1,0,0,0.0,1,0,0,21.1,0,9,19,Deposits
147,1,0,0,0,580.75,1,0,0,25.6,0,18,7,Cards
199,2,2,1,0,51.85,1,0,0,18.2,1,22,19,Cards
145,2,0,1,0,215.37,0,0,1,25.5,0,10,11,Deposits
96,3,0,0,0,44.65,0,0,0,10.9,0,16,10,Deposits
81,4,3,0,0,427.98,1,0,0,13.5,1,12,28,Cards
134,1,2,5,0,641.79,1,1,0,11.6,0,0,10,Mortgage
131,1,2,0,1,361.25,1,0,0,8.9,0,0,8,Cards
164,0,1,4,1,457.05,0,1,0,2.7,0,22,27,Mortgage
130,1,2,1,2,152.38,1,0,0,6.2,0,20,4,Cards
114,3,1,0,0,98.17,1,1,0,11.5,0,17,23,Deposits
114,2,1,1,1,1213.47,1,0,0,1.4,0,10,3,Cards
57,4,0,2,0,0.0,1,0,1,11.4,1,16,22,Deposits
87,0,5,0,0,179.53,1,1,0,23.8,0,23,1,Cards
152,3,2,3,0,3686.67,0,1,0,0.3,0,13,19,Mortgage
57,2,3,2,0,76.78,1,0,1,11.1,1,6,8,Fair Lending
269,0,0,2,0,15.08,0,0,1,4.1,1,15,25,Fair Lending
43,3,0,1,0,0.0,1,0,0,0.7,1,17,15,Deposits
102,0,0,1,0,16.81,1,0,0,2.0,0,21,1,Deposits
159,2,2,2,0,59.77,1,0,0,7.8,0,14,7,Cards
140,0,0,0,0,130.2,1,1,0,17.0,1,16,28,Cards
130,0,5,2,1,0.0,0,0,0,10.8,1,13,14,Cards
88,1,3,5,0,0.0,1,1,0,0.6,1,7,27,Mortgage
113,0,1,5,0,0.0,0,1,0,14.8,2,8,11,Mortgage
152,0,0,3,0,1204.92,0,1,1,22.1,0,6,28,Mortgage
121,1,0,0,0,16.54,0,0,0,20.9,0,0,20,Deposits
92,2,3,1,1,590.41,1,1,0,10.0,0,2,5,Mortgage
160,0,4,1,0,152.08,1,1,0,8.0,0,20,11,Cards
182,0,3,4,0,2287.56,0,1,0,14.0,1,8,17,Mortgage
66,4,0,2,0,69.17,1,0,0,14.9,1,16,9,Deposits
92,2,0,0,0,313.85,0,1,0,5.8,1,9,25,Deposits
193,0,2,2,1,4747.12,0,1,0,6.7,1,18,9,Mortgage
129,0,2,5,1,2162.25,1,1,0,12.8,0,5,22,Mortgage
108,2,0,1,0,299.62,1,0,0,0.8,1,4,4,Cards
77,6,0,0,0,0.0,0,0,0,3.7,1,9,3,Deposits
102,6,0,0,0,0.0,0,0,0,29.4,1,2,13,Deposits
167,4,3,1,0,144.97,1,0,0,6.6,0,9,14,Cards
115,2,4,2,0,83.56,1,0,0,16.8,0,8,9,Cards
174,1,2,4,0,540.61,0,1,0,21.4,0,15,23,Mortgage
120,0,1,1,0,58.74,0,0,0,16.6,0,12,28,Deposits
132,5,0,1,0,401.85,1,0,0,28.5,0,5,6,Deposits
139,0,0,6,0,0.0,0,1,0,14.9,1,21,20,Mortgage
146,2,0,0,0,65.03,1,1,0,12.3,0,21,19,Cards
130,2,0,1,1,1062.45,0,1,0,21.8,1,16,6,Mortgage
114,4,0,0,0,162.98,1,0,0,10.5,1,10,7,Deposits
179,0,2,1,0,311.87,1,0,0,25.5,1,1,19,Cards
67,2,0,0,0,0.0,0,0,0,3.6,1,5,14,Deposits
124,1,0,0,0,357.15,1,0,0,5.9,1,17,21,Cards
107,1,0,1,0,233.42,0,1,0,8.2,0,0,1,Deposits
94,0,1,0,1,37.3,1,0,0,21.5,0,14,24,Deposits
97,6,0,0,0,136.4,0,0,0,19.0,1,9,3,Deposits
151,0,3,7,0,936.63,0,1,0,12.3,1,21,6,Mortgage
189,4,3,1,1,197.34,1,0,0,9.1,0,14,18,Cards
154,0,1,0,0,1536.47,0,1,1,29.1,0,16,3,Mortgage
191,0,2,2,0,1003.92,0,1,0,10.1,0,1,26,Mortgage
116,0,2,2,0,545.25,0,1,0,15.6,0,8,16,Mortgage
136,0,0,1,0,30.37,1,0,0,15.2,0,23,18,Cards
121,1,0,0,1,382.61,1,0,1,25.4,1,1,2,Cards
108,2,0,1,0,724.88,0,1,0,28.9,1,8,3,Mortgage
112,0,2,2,0,1601.12,1,1,0,18.8,1,21,26,Mortgage
142,2,0,1,1,85.63,1,1,0,21.7,0,12,15,Deposits
114,1,1,0,0,102.88,1,1,0,19.3,0,17,28,Cards
145,1,3,0,0,176.69,1,1,0,29.7,0,16,6,Cards
133,1,0,1,1,69.32,0,0,0,21.0,1,11,10,Deposits
102,1,4,0,0,108.28,1,0,0,16.6,1,2,11,Cards
134,0,2,4,0,1064.26,1,1,0,15.6,0,3,3,Mortgage
108,3,0,0,2,212.43,0,0,0,27.6,1,10,7,Deposits
148,1,3,1,0,806.59,1,0,0,29.1,1,9,8,Cards
99,2,6,2,1,218.33,1,0,0,24.4,1,6,1,Cards
167,0,2,2,1,3968.19,1,1,1,14.7,1,11,8,Mortgage
117,1,0,3,0,406.77,1,0,0,12.4,0,3,22,Cards
133,0,3,4,0,479.66,1,1,0,10.2,2,19,11,Mortgage
142,1,2,3,0,2646.46,0,1,0,29.1,1,1,22,Mortgage
147,0,2,0,1,867.82,1,0,0,14.2,1,20,1,Cards
101,2,0,0,0,34.78,1,0,0,13.3,0,1,16,Deposits
73,4,4,1,0,78.27,1,1,0,18.7,1,7,2,Cards
121,1,0,1,0,99.71,1,0,0,1.5,0,6,22,Cards
94,0,1,3,0,44.77,1,0,0,29.2,1,10,20,Cards
186,3,1,1,0,43.0,1,0,0,5.4,0,7,23,Deposits
93,2,0,0,0,0.0,0,0,0,28.4,0,16,7,Deposits
176,2,0,0,0,168.06,1,0,0,16.0,1,20,19,Cards
161,2,2,0,0,0.0,1,0,0,23.6,1,6,25,Cards
171,0,3,0,0,104.91,1,1,0,1.9,1,18,7,Cards
131,5,0,0,0,41.8,0,0,0,11.0,0,14,8,Deposits
132,0,3,2,0,1366.14,1,1,0,12.2,0,13,13,Mortgage
121,3,3,0,0,200.51,0,0,0,3.0,0,21,7,Cards
126,0,1,2,0,76.73,1,0,0,7.7,0,10,9,Cards
147,5,0,0,0,128.54,0,0,0,24.6,0,2,6,Deposits
137,9,0,0,1,80.93,0,0,0,10.7,1,21,22,Deposits
179,0,3,3,2,1775.15,0,1,0,11.8,0,4,8,Mortgage
125,2,4,1,1,207.34,1,1,0,12.8,1,3,4,Cards
88,0,1,0,0,134.72,0,0,0,27.5,0,19,7,Deposits
171,3,0,1,1,58.81,1,1,0,9.7,0,18,5,Deposits
124,2,2,1,0,108.23,1,0,0,12.5,1,20,25,Cards
144,1,3,1,1,225.86,1,1,0,22.7,0,4,28,Cards
160,0,2,1,0,504.61,1,1,1,19.1,1,3,14,Mortgage
215,0,3,0,0,198.85,1,0,0,25.0,0,20,26,Cards
117,0,1,5,0,401.92,1,1,0,0.3,0,9,21,Mortgage
131,0,1,2,0,0.0,0,1,0,15.6,0,20,28,Mortgage
109,7,1,1,0,184.94,1,0,0,29.9,1,11,26,Deposits
113,2,0,1,0,23.45,0,0,0,20.8,0,15,24,Deposits
77,6,0,0,0,0.0,1,1,0,19.0,0,17,27,Deposits
128,1,0,1,0,39.29,1,0,0,20.6,0,16,3,Deposits
142,1,4,1,0,857.57,1,0,0,2.2,0,16,10,Cards
130,3,3,0,0,136.88,1,0,0,12.9,1,0,14,Cards
92,2,4,1,1,124.92,1,1,0,24.4,1,1,25,Cards
153,3,0,1,0,70.32,1,0,0,2.0,0,12,17,Deposits
110,1,0,0,0,81.03,1,0,0,9.9,0,2,15,Cards
123,5,0,2,0,3.91,1,0,0,7.0,0,12,23,Deposits
81,2,0,1,0,0.0,0,0,0,24.4,0,15,12,Deposits
77,4,0,0,0,29.53,0,0,0,12.6,1,23,1,Deposits
115,1,4,0,0,61.04,1,0,1,5.0,0,3,9,Cards
155,6,0,3,0,43.97,1,0,0,6.5,0,22,4,Deposits
147,0,1,2,0,967.23,1,1,0,9.9,0,10,19,Mortgage
141,3,1,1,0,14.08,0,0,0,0.4,0,12,16,Deposits
149,0,2,1,0,250.29,1,0,1,20.7,0,0,6,Cards
132,2,1,0,0,18.18,0,0,0,18.3,0,6,26,Deposits
155,2,2,0,0,0.0,1,0,1,21.5,0,5,1,Cards
145,0,1,1,1,120.57,1,1,0,20.5,0,15,23,Cards
92,1,8,2,0,0.0,1,0,0,17.6,0,4,5,Cards
163,0,1,1,0,130.03,1,0,0,24.8,0,22,6,Cards
137,0,0,3,1,25.48,1,0,0,11.8,0,23,12,Deposits
114,1,0,1,0,19.99,0,1,0,20.4,0,8,22,Deposits
184,2,1,2,1,1394.97,1,1,1,13.7,0,6,9,Mortgage
163,0,4,0,0,174.43,1,0,0,29.7,1,1,18,Cards
169,0,3,1,0,415.82,0,1,0,21.1,0,15,18,Mortgage
96,1,2,0,0,506.29,1,0,1,21.2,1,17,21,Cards
136,1,1,0,1,0.0,1,0,1,8.4,0,15,28,Cards
66,2,1,1,0,85.74,0,0,0,11.1,2,3,20,Deposits
130,1,0,3,0,63.87,0,0,0,4.5,1,5,21,Deposits
193,1,0,1,0,2619.98,0,1,0,22.5,0,19,9,Mortgage
115,0,2,1,0,354.84,1,0,0,12.4,0,14,12,Cards
164,0,1,1,0,193.09,1,0,0,28.4,0,18,15,Cards
149,2,2,2,1,146.23,1,1,1,12.3,0,6,17,Cards
129,1,2,1,0,94.65,1,0,0,9.4,1,14,22,Cards
154,1,0,1,0,0.0,1,0,0,1.5,0,11,18,Cards
106,0,1,0,0,7615.39,0,1,0,5.8,0,12,20,Mortgage
158,1,1,0,0,220.39,1,0,0,2.5,0,11,9,Cards
65,2,0,6,0,0.0,1,1,0,2.7,0,19,15,Fair Lending
130,0,1,2,0,1325.06,0,1,0,11.4,1,21,27,Mortgage
109,3,1,0,0,96.69,1,0,0,29.2,1,22,4,Cards
150,1,5,1,0,184.89,1,0,0,2.2,0,23,17,Cards
102,3,2,0,0,88.25,1,0,0,8.3,0,15,1,Cards
170,0,0,1,0,1740.91,1,1,0,6.7,0,13,11,Mortgage
145,3,4,0,0,60.88,1,0,0,16.5,0,19,13,Cards
101,1,0,2,0,24.71,1,0,0,17.2,0,14,7,Deposits
94,3,0,0,0,176.6,1,1,0,8.2,0,19,3,Deposits
73,2,6,0,2,100.0,1,0,0,23.4,0,1,21,Cards
171,2,4,0,0,166.71,1,0,0,12.2,1,15,4,Cards
130,0,1,6,0,115.97,0,1,0,3.9,0,20,9,Mortgage
114,3,1,1,1,220.56,1,0,0,10.0,0,20,23,Cards
173,0,3,1,0,560.23,0,1,1,26.1,0,8,4,Mortgage
116,1,3,0,0,48.07,1,0,0,20.6,0,19,3,Cards
126,1,1,0,0,219.64,1,0,0,11.7,1,20,10,Cards
144,1,1,2,0,535.65,1,1,1,28.9,0,13,21,Mortgage
83,4,0,0,0,28.57,1,0,0,16.9,0,23,1,Deposits
60,0,4,0,0,0.0,1,0,0,13.0,0,7,5,Fair Lending
147,0,1,0,0,0.0,1,0,0,20.1,1,20,2,Cards
98,4,0,1,0,33.45,1,0,0,8.4,0,14,19,Deposits
149,0,0,3,1,2225.0,1,1,0,16.9,1,8,4,Mortgage
165,1,1,0,0,61.96,0,1,0,27.3,0,16,20,Deposits
108,5,0,0,1,0.0,0,0,0,5.8,1,19,11,Deposits
147,0,0,0,0,52.95,1,0,0,18.6,0,20,24,Deposits
113,0,3,4,1,674.07,0,1,0,13.0,1,7,17,Mortgage
133,1,1,2,0,0.0,1,1,0,22.3,2,0,19,Mortgage
115,0,1,0,0,152.07,1,1,0,25.0,0,20,18,Cards
127,4,1,1,0,24.17,1,0,0,11.5,0,15,13,Deposits
151,0,2,4,0,1530.08,0,1,0,7.8,0,12,24,Mortgage
83,2,0,0,0,145.51,0,0,0,1.3,0,19,4,Deposits
199,0,0,5,0,3797.16,1,1,1,1.8,0,2,12,Mortgage
88,1,0,1,0,24.87,0,0,0,26.3,2,5,15,Deposits
153,4,0,0,0,140.95,1,0,0,27.2,0,7,17,Deposits
107,5,0,2,0,14.63,1,1,0,7.0,0,14,21,Deposits
186,0,2,0,0,29.0,1,0,0,18.6,1,21,17,Cards
49,3,0,0,0,44.14,1,0,0,1.2,2,5,20,Deposits
174,2,3,1,0,2906.13,0,1,0,4.8,1,1,8,Mortgage
169,0,0,4,0,1786.11,1,1,0,22.5,0,22,2,Mortgage
136,0,2,1,1,0.0,1,1,0,14.6,0,17,9,Cards
174,1,4,1,0,151.74,1,0,0,29.6,1,7,26,Cards
129,3,3,1,0,618.6,1,0,0,3.5,0,17,26,Cards
218,2,4,2,0,191.7,1,0,0,15.5,0,1,25,Cards
166,0,3,1,1,211.45,1,1,1,20.3,0,2,21,Cards
163,1,2,1,1,931.55,1,1,0,2.4,1,4,15,Fair Lending
90,4,1,1,0,0.0,0,0,0,5.1,1,2,1,Deposits
91,0,2,2,0,628.94,1,1,0,14.0,1,11,19,Mortgage
169,0,2,2,0,0.0,1,1,0,0.9,1,18,2,Mortgage
146,0,2,3,0,8326.12,1,1,0,4.9,0,6,22,Mortgage
102,0,1,0,0,322.66,1,0,0,15.0,1,5,1,Cards
54,1,0,0,0,68.3,0,0,0,19.3,0,13,27,Deposits
147,2,1,0,0,157.8,0,0,0,27.6,0,9,1,Deposits
120,0,0,1,0,0.0,1,1,0,3.9,0,10,21,Cards
106,3,0,0,0,10.22,0,0,0,6.2,0,2,3,Deposits
186,0,2,3,0,3830.98,0,1,0,26.7,2,2,17,Mortgage
142,2,5,1,0,117.11,1,0,0,22.1,0,5,5,Cards
82,4,0,1,0,54.86,1,0,0,0.4,0,20,4,Deposits
149,1,4,2,0,0.0,1,0,0,9.7,1,4,25,Cards
140,0,0,0,0,0.0,1,0,0,22.4,0,5,16,Cards
136,1,3,0,0,211.59,1,1,0,26.2,0,22,23,Cards
130,2,4,1,0,760.7,1,1,0,29.8,2,23,11,Mortgage
91,2,0,0,0,98.25,0,1,0,0.9,1,3,21,Deposits
104,1,2,0,0,486.55,1,0,0,17.6,0,5,9,Cards
147,0,2,2,0,4274.99,1,1,0,26.7,1,23,24,Mortgage
163,3,4,0,0,64.01,1,0,0,29.1,0,14,15,Cards
112,2,0,0,0,51.33,0,0,0,24.5,1,13,2,Deposits
136,2,2,1,0,120.41,1,0,0,9.8,0,16,7,Cards
137,2,1,2,0,0.0,1,0,1,18.4,0,8,17,Cards
216,0,1,5,1,2206.01,1,1,1,13.6,0,5,7,Mortgage
93,4,1,2,0,58.44,1,0,0,17.4,0,15,6,Deposits
153,0,0,4,1,2635.01,1,1,0,11.1,0,4,17,Mortgage
148,3,0,1,0,73.78,1,0,0,8.9,0,14,24,Cards
166,0,2,2,0,700.52,1,1,0,17.5,0,9,17,Mortgage
108,4,0,1,0,0.0,0,1,0,19.9,1,4,3,Deposits
150,1,1,3,0,526.03,1,1,1,3.5,1,8,25,Cards
141,1,5,2,0,4119.68,0,1,0,12.5,1,1,24,Mortgage
138,2,0,0,1,17.64,1,0,0,26.5,2,4,13,Deposits
148,1,0,1,0,0.0,0,0,0,15.7,0,18,15,Deposits
154,1,3,2,0,21.57,1,0,0,0.9,0,16,9,Cards
224,0,2,4,0,553.55,1,1,0,18.1,0,6,20,Mortgage
45,3,0,1,0,12.13,1,0,0,6.9,0,22,10,Deposits
129,2,1,0,0,264.52,1,0,0,18.3,0,1,25,Cards
147,1,2,3,0,569.61,1,1,0,23.4,1,16,15,Mortgage
110,0,2,3,1,1249.22,1,1,0,15.8,0,21,21,Mortgage
183,0,0,4,1,702.66,0,1,1,29.0,1,17,13,Mortgage
174,0,2,1,0,1762.53,0,1,0,22.4,0,9,10,Mortgage
165,0,1,5,1,0.0,0,1,0,14.1,0,5,28,Mortgage
113,1,3,1,0,1089.67,1,0,0,7.6,0,23,6,Cards
120,2,1,0,1,0.0,1,1,1,23.4,1,6,18,Cards
117,4,0,0,0,0.0,0,1,0,8.0,0,6,21,Deposits
135,5,0,0,0,78.39,1,1,0,13.8,0,13,17,Deposits
112,2,0,0,0,0.0,0,0,0,25.0,0,18,26,Deposits
71,4,3,1,0,202.8,1,0,0,12.0,0,11,6,Cards
121,1,3,0,0,2921.06,0,1,1,1.1,1,20,22,Mortgage
134,0,3,4,0,728.94,1,1,0,2.8,0,3,12,Mortgage
60,2,5,1,0,78.75,1,0,0,13.1,0,18,9,Cards
200,1,1,4,1,2593.76,1,1,0,1.4,0,8,26,Mortgage
161,1,5,0,1,415.53,1,0,1,16.4,1,0,28,Cards
54,0,2,3,0,163.72,0,1,1,28.0,1,2,6,Fair Lending
167,5,1,3,0,51.1,1,0,0,5.9,2,0,5,Deposits
137,2,0,0,0,0.0,0,1,0,19.8,0,12,20,Deposits
108,5,1,2,0,0.0,0,0,0,28.1,1,0,8,Deposits
170,1,4,1,0,0.0,1,1,0,4.6,0,4,15,Cards
125,2,0,0,0,130.98,1,1,0,23.0,0,17,24,Deposits
134,3,0,0,1,100.16,1,0,0,1.4,1,7,5,Deposits
165,3,2,0,0,581.57,1,1,1,25.5,0,4,6,Cards
145,0,0,2,0,288.46,0,1,0,8.3,0,17,25,Mortgage
160,1,4,1,0,67.48,1,0,0,20.0,0,20,20,Cards
243,1,1,2,0,0.0,0,1,0,17.9,1,17,9,Fair Lending
107,4,2,0,0,0.0,1,0,0,21.2,0,5,19,Cards
118,0,0,5,0,586.98,1,1,0,27.2,1,5,9,Mortgage
110,0,1,0,0,90.76,1,0,0,27.3,0,21,8,Deposits
99,1,0,6,0,1647.31,0,1,0,6.8,2,5,19,Mortgage
155,0,4,0,0,97.24,1,1,0,25.5,1,5,16,Cards
125,0,3,0,0,131.04,1,0,0,17.0,0,6,19,Cards
133,0,0,1,0,221.77,1,0,0,7.6,0,15,25,Cards
76,1,1,1,0,231.43,1,0,0,20.3,1,5,23,Cards
97,6,0,1,0,8.87,1,0,0,1.8,0,3,28,Deposits
137,1,2,3,0,2357.09,0,1,0,19.8,0,22,8,Mortgage
88,6,1,0,0,40.72,1,0,0,12.5,0,13,9,Deposits
115,1,1,1,0,571.18,1,0,0,22.0,1,11,23,Cards
173,0,1,1,0,351.46,1,0,0,8.8,1,19,10,Cards
124,1,6,8,0,1614.23,0,1,0,16.6,0,3,26,Mortgage
92,1,5,1,0,2014.0,1,0,0,24.5,0,23,4,Cards
156,2,4,0,0,160.15,1,1,0,18.1,0,17,25,Cards
132,1,1,1,0,660.66,1,0,0,15.5,0,2,28,Cards
144,2,3,1,0,26.67,1,0,0,22.3,0,22,16,Cards
85,0,6,1,0,151.12,1,0,0,2.5,0,18,19,Cards
329,0,5,2,1,3200.38,1,1,1,17.3,0,1,19,Fair Lending
123,6,0,0,0,183.14,1,1,0,2.7,0,18,15,Deposits
144,1,1,2,1,1770.78,1,1,0,14.7,0,9,13,Mortgage
252,0,0,1,0,1627.5,1,1,0,9.5,0,16,21,Fair Lending
81,0,1,0,0,1744.19,0,1,0,12.7,0,15,24,Mortgage
154,9,1,1,0,64.23,0,0,0,9.0,0,13,24,Deposits
131,0,1,0,0,106.21,1,0,0,12.0,1,15,28,Cards
52,0,2,3,1,0.0,0,1,0,2.0,0,2,11,Fair Lending
92,0,1,2,0,3274.89,1,1,1,13.1,1,19,24,Mortgage
107,1,0,1,1,9.63,1,0,0,3.5,2,5,17,Deposits
209,0,3,3,0,681.87,1,1,0,8.5,0,23,2,Mortgage
181,1,1,0,0,99.99,1,0,0,11.1,1,21,26,Cards
114,3,0,1,0,0.0,0,0,0,14.3,0,15,17,Deposits
199,3,0,1,1,0.0,0,0,0,25.3,2,0,28,Deposits
127,0,1,2,0,551.1,0,1,0,22.5,0,4,20,Mortgage
124,2,2,0,1,124.8,1,1,0,26.0,0,2,22,Cards
55,1,1,2,0,0.0,0,1,1,21.4,0,14,7,Fair Lending
272,2,0,0,3,0.0,1,0,0,4.4,1,1,17,Fair Lending
173,0,2,5,0,2838.65,1,1,0,2.3,1,4,2,Mortgage
129,3,0,0,2,0.0,1,0,0,10.7,0,14,24,Deposits
69,5,0,0,0,0.0,1,0,0,3.8,2,16,10,Deposits
110,3,1,1,0,125.32,1,0,0,27.6,0,2,8,Deposits
182,2,2,2,0,118.78,1,0,0,28.9,0,5,5,Cards
170,2,0,1,0,67.0,1,1,0,12.4,0,0,25,Cards
149,0,2,1,0,29.75,1,0,0,22.7,0,7,28,Cards
127,0,2,0,2,172.39,1,1,0,11.8,0,21,13,Cards
109,3,0,0,0,0.0,1,0,0,22.6,0,0,24,Deposits
84,0,0,0,0,20.32,1,0,0,21.7,0,2,15,Deposits
82,1,1,1,0,173.6,1,0,0,22.1,0,6,8,Cards
92,1,0,0,0,72.82,0,0,0,23.2,0,21,19,Deposits
183,0,2,1,0,514.32,0,1,0,22.4,1,20,15,Mortgage
70,0,1,1,0,0.0,1,0,0,9.4,0,9,14,Cards
145,2,4,2,0,316.59,1,0,0,11.3,0,19,17,Cards
73,1,1,0,0,89.48,1,0,0,14.9,0,16,26,Cards
254,0,1,0,1,0.0,1,0,0,8.8,0,4,7,Fair Lending
101,1,2,1,0,114.83,1,1,0,29.1,0,17,8,Cards
99,3,2,2,1,185.58,1,1,0,5.4,0,10,21,Cards
115,5,0,0,0,33.67,1,0,0,16.4,0,7,28,Deposits
269,2,2,4,2,1715.02,0,1,0,14.3,3,14,11,Fair Lending
108,1,4,0,0,0.0,1,0,0,29.8,0,13,5,Cards
138,2,1,3,0,324.49,1,0,0,22.4,0,1,2,Cards
118,0,3,0,0,37.56,1,1,0,6.8,0,20,19,Cards
164,4,0,1,0,123.75,1,0,0,11.2,0,20,6,Deposits
145,1,1,2,0,334.26,1,0,0,9.3,0,12,17,Cards
135,0,2,0,1,756.54,0,1,0,23.9,0,14,23,Mortgage
142,1,3,0,0,169.4,1,0,0,14.1,0,23,21,Cards
292,5,0,0,0,0.0,1,0,0,28.2,1,11,10,Fair Lending
120,1,4,0,0,1035.39,1,1,0,21.8,1,9,24,Mortgage
184,2,3,3,1,1788.78,0,1,0,18.2,0,12,15,Mortgage
185,2,2,0,0,0.0,1,1,0,26.7,1,8,9,Cards
120,2,3,1,0,105.53,1,1,0,3.9,0,0,24,Cards
82,4,0,1,0,222.94,1,0,0,11.9,0,3,20,Deposits
56,2,3,0,0,384.14,0,0,0,10.2,0,2,4,Fair Lending
74,4,0,1,0,203.82,1,1,0,11.9,0,4,27,Cards
76,3,2,1,1,121.01,1,0,0,16.4,2,11,21,Cards
164,1,2,3,0,771.24,0,1,0,10.6,1,19,8,Mortgage
77,1,1,2,0,178.88,1,0,1,6.9,1,13,18,Cards
141,4,0,1,1,124.05,1,0,0,26.4,0,19,15,Deposits
146,3,2,1,1,946.57,1,0,0,25.8,0,1,12,Cards
119,0,2,3,0,5395.57,1,1,0,15.8,0,2,21,Mortgage
133,0,0,2,0,4212.04,0,1,1,22.8,0,15,1,Mortgage
169,0,4,2,0,1573.93,1,1,0,16.1,1,6,10,Mortgage
132,1,1,2,0,119.74,1,0,0,5.9,0,5,5,Cards
152,1,1,0,0,228.38,1,1,0,12.1,0,17,9,Cards
164,3,0,1,0,54.49,1,0,0,7.7,0,17,9,Deposits
156,0,2,3,0,4355.78,1,1,0,2.1,0,10,4,Mortgage
94,2,0,0,2,59.04,1,0,0,11.0,0,23,6,Deposits
128,1,5,1,0,0.0,1,0,0,10.7,0,22,1,Cards
153,2,0,2,0,94.52,0,0,1,22.2,0,6,17,Deposits
104,1,0,2,1,61.41,0,1,0,17.8,1,6,9,Deposits
97,1,2,0,0,36.61,1,0,0,19.9,0,10,19,Cards
154,1,2,2,0,131.04,1,0,1,3.4,0,2,10,Cards
116,3,0,0,0,48.55,1,1,0,10.8,0,11,24,Deposits
275,0,1,4,0,0.0,0,1,0,2.8,1,13,19,Fair Lending
60,1,0,0,0,98.22,0,1,0,1.6,0,8,20,Deposits
74,0,3,5,1,0.0,1,1,0,21.4,0,15,13,Fair Lending
187,0,2,1,0,827.71,1,1,0,2.4,0,16,21,Mortgage
117,1,0,0,0,109.86,1,0,0,19.2,0,3,3,Deposits
154,0,3,4,0,358.72,1,1,0,16.0,1,20,12,Mortgage
127,1,1,1,0,860.65,0,1,1,12.5,0,6,16,Mortgage
170,1,4,0,1,204.83,1,0,1,8.0,0,6,10,Cards
153,1,3,1,0,207.2,0,0,0,23.1,0,1,9,Cards
80,2,0,0,0,16.99,1,0,0,20.1,1,12,4,Deposits
105,2,0,0,0,76.84,1,0,0,27.4,0,15,27,Deposits
157,0,0,2,2,2313.7,1,1,0,21.1,0,23,7,Mortgage
166,1,5,2,0,77.34,1,0,0,26.7,0,2,22,Cards
91,4,0,1,1,84.87,0,0,0,28.0,0,9,22,Deposits
183,0,2,2,0,256.26,0,1,0,1.5,0,6,19,Mortgage
240,0,0,2,0,2794.45,0,1,0,16.7,1,9,21,Mortgage
134,0,3,1,0,0.0,1,0,0,18.5,0,12,6,Cards
153,1,3,4,0,5479.76,1,1,1,29.4,1,3,6,Mortgage
138,3,2,1,0,260.51,1,0,0,9.8,1,21,18,Cards
126,1,3,2,0,166.74,1,0,0,27.2,1,4,26,Cards
76,3,0,0,0,35.15,0,0,0,19.0,0,1,24,Deposits
74,1,0,0,2,32.89,0,0,0,29.1,0,5,2,Deposits
85,2,3,2,0,369.73,1,0,0,10.5,0,21,27,Cards
124,2,2,0,0,490.32,1,0,0,5.7,0,19,15,Cards
142,0,0,1,0,269.88,1,0,0,0.8,0,9,18,Cards
96,1,1,1,0,745.73,1,1,0,18.2,1,12,2,Cards
109,1,2,0,1,0.0,1,1,0,18.9,1,1,16,Cards
116,3,0,1,0,77.7,0,0,0,16.9,0,22,9,Deposits
145,3,1,1,1,56.51,1,1,0,2.4,1,16,13,Cards
104,3,0,0,0,5.92,1,0,0,11.3,1,14,2,Deposits
142,2,5,1,0,141.97,1,0,0,20.9,0,2,7,Cards
138,0,0,3,0,2046.93,1,1,0,9.1,0,1,2,Mortgage
121,2,1,1,0,0.0,1,0,0,13.5,1,23,4,Deposits
128,0,3,0,0,0.0,0,1,0,20.5,0,19,2,Mortgage
95,2,0,0,0,47.58,0,0,0,4.9,0,11,18,Deposits
247,1,1,2,0,2618.6,0,1,0,20.5,0,2,1,Mortgage
129,2,3,2,0,450.86,1,1,0,27.6,0,16,18,Cards
120,3,0,0,0,0.0,0,0,0,22.6,0,22,8,Deposits
168,0,3,1,0,1754.09,1,1,0,19.9,0,23,18,Mortgage
63,0,0,5,0,247.0,1,1,0,16.5,2,9,15,Fair Lending
62,2,5,2,0,0.0,0,1,1,1.9,1,6,22,Fair Lending
193,4,0,0,1,0.0,1,0,0,28.0,0,3,16,Deposits
126,1,4,4,0,469.88,1,1,0,23.4,0,11,4,Mortgage
108,0,1,1,1,14.76,0,0,0,4.4,0,2,15,Deposits
192,0,4,1,1,0.0,0,1,0,20.2,1,15,3,Fair Lending
114,0,1,0,1,59.0,1,1,0,12.9,1,13,13,Cards
158,1,1,0,0,177.88,0,0,1,4.4,0,13,1,Cards
97,2,2,0,0,301.26,1,1,0,1.5,0,22,26,Cards
171,0,3,3,0,0.0,1,1,0,7.3,0,3,2,Mortgage
86,3,1,0,1,32.53,0,0,0,12.8,0,23,12,Deposits
157,0,3,0,0,1796.86,1,1,0,26.7,0,1,15,Mortgage
93,1,2,1,0,46.44,1,1,0,29.6,0,3,17,Cards
138,2,0,0,1,0.0,1,0,0,4.0,0,4,26,Deposits
144,0,0,4,0,5259.45,0,1,1,21.5,1,19,9,Mortgage
159,3,0,1,0,99.89,0,0,0,21.6,0,20,3,Deposits
114,1,1,4,0,2253.37,1,1,0,15.3,1,17,5,Mortgage
75,4,0,0,1,68.45,1,0,0,2.5,0,10,24,Deposits
97,2,0,1,0,71.22,1,1,0,4.3,2,12,18,Deposits
117,4,0,1,1,12.17,1,1,0,24.7,1,10,4,Deposits
173,0,2,2,1,126.3,1,1,0,28.5,0,20,22,Cards
77,3,1,0,0,50.12,0,0,0,11.9,0,0,11,Deposits
118,4,0,2,0,0.0,1,0,0,10.9,0,11,9,Deposits
173,0,0,2,0,0.0,0,1,0,20.0,0,11,28,Mortgage
163,1,0,5,0,1405.85,0,1,0,22.3,1,15,15,Mortgage
95,1,3,0,0,130.52,1,0,0,10.3,0,0,6,Cards
88,2,0,0,0,25.23,1,0,0,29.6,0,17,27,Deposits
131,3,1,1,0,0.0,1,0,0,12.3,0,4,9,Deposits
117,1,0,2,0,56.23,1,0,0,13.9,0,7,13,Deposits
158,2,0,1,0,54.7,0,1,0,27.0,0,13,10,Deposits
131,0,2,2,0,169.43,1,0,0,2.8,0,1,9,Cards
111,1,3,2,1,448.21,1,1,0,17.3,0,6,4,Cards
75,5,1,0,0,27.36,0,0,0,16.8,0,14,23,Deposits
161,0,0,0,0,62.11,0,1,0,29.2,1,7,1,Deposits
128,2,3,2,0,192.3,1,0,1,11.4,0,18,2,Cards
140,0,1,3,1,495.71,0,1,1,1.4,0,12,2,Mortgage
137,0,3,2,0,1970.9,0,1,0,1.4,0,13,2,Mortgage
102,4,5,0,1,199.05,1,1,0,0.9,0,1,14,Cards
142,1,2,4,0,2209.67,1,1,1,7.0,0,22,28,Mortgage
148,1,5,1,0,136.39,1,0,0,12.1,1,11,14,Cards
240,1,0,0,1,1087.21,0,1,0,19.0,1,11,1,Fair Lending
94,0,2,1,0,1276.57,0,1,0,27.5,1,10,22,Mortgage
155,0,0,3,1,1005.04,0,0,0,4.4,0,13,23,Mortgage
135,2,2,1,1,118.16,1,0,1,16.6,0,6,28,Cards
131,4,1,1,0,217.92,1,1,0,18.8,1,19,12,Cards
120,2,0,0,0,6.65,0,0,0,24.5,0,20,7,Deposits
100,2,0,1,0,42.02,1,0,0,26.6,0,20,10,Deposits
121,3,1,0,0,179.08,1,0,0,7.8,0,10,1,Deposits
129,0,2,3,0,0.0,1,1,0,16.2,0,0,12,Mortgage
118,2,2,0,1,164.89,1,0,0,0.9,0,17,22,Cards
117,0,1,0,1,292.99,1,0,1,25.9,0,14,11,Cards
117,0,2,2,0,216.13,0,1,0,2.3,1,19,19,Mortgage
165,0,1,3,0,1315.44,0,1,0,17.1,0,8,6,Mortgage
156,0,2,2,0,615.86,0,1,0,27.8,1,23,11,Mortgage
115,2,1,3,0,0.0,0,0,0,13.4,1,8,25,Deposits
186,1,0,3,1,3035.63,0,1,0,17.7,2,1,22,Mortgage
267,1,0,5,0,0.0,1,1,1,25.2,0,3,14,Fair Lending
108,0,1,2,0,2128.47,0,0,0,29.1,1,20,21,Mortgage
72,2,0,0,0,64.35,0,0,0,3.4,1,17,16,Deposits
176,7,0,0,0,34.24,0,0,0,2.6,0,19,9,Deposits
378,0,3,1,0,118.68,1,1,0,13.3,1,15,5,Fair Lending
111,5,0,0,0,37.14,0,0,0,13.4,0,3,5,Deposits
68,6,1,2,0,36.29,1,1,0,23.3,0,8,5,Deposits
136,1,0,0,0,56.89,0,0,0,20.0,0,23,10,Deposits
116,3,1,0,0,37.33,0,1,0,28.7,1,4,20,Deposits
180,0,2,4,0,4300.66,1,1,0,0.3,0,6,25,Mortgage
95,4,0,0,1,0.0,0,1,0,12.9,0,22,13,Deposits
133,1,5,0,0,252.74,1,0,0,6.9,0,9,18,Cards
166,0,1,6,0,936.8,0,1,0,18.6,0,3,7,Mortgage
74,1,0,0,0,0.0,0,0,0,10.7,0,23,20,Deposits
117,0,2,0,0,0.0,1,0,0,28.8,0,0,16,Cards
152,2,4,2,0,0.0,1,1,0,26.0,2,19,3,Cards
145,3,3,0,1,351.84,1,0,1,3.9,0,5,22,Cards
80,3,5,0,0,0.0,1,0,0,24.8,0,5,1,Cards
72,1,0,1,0,153.59,0,0,0,17.4,0,19,21,Deposits
128,0,0,0,0,64.24,0,0,0,9.3,0,10,11,Deposits
258,0,1,4,1,0.0,0,1,0,26.5,1,14,14,Fair Lending
154,0,1,0,0,533.14,1,1,1,19.2,0,22,2,Mortgage
146,1,1,1,0,0.0,1,0,0,1.0,1,2,2,Cards
163,2,2,0,0,166.85,1,0,0,2.3,0,17,13,Cards
178,0,3,1,1,511.15,1,0,0,12.7,0,21,3,Cards
96,1,2,0,0,513.8,0,0,0,9.9,0,9,10,Cards
179,0,4,0,0,177.23,1,0,0,25.4,0,9,23,Cards
111,1,1,0,0,0.0,1,0,0,29.3,0,8,18,Cards
154,0,0,2,1,0.0,1,1,0,29.4,0,17,23,Mortgage
96,2,4,1,2,67.39,1,0,0,1.0,0,7,19,Cards
112,0,1,1,2,117.21,1,1,0,23.2,0,0,11,Cards
115,1,3,0,0,253.57,1,0,0,16.7,0,0,17,Cards
174,0,3,4,0,906.24,0,1,0,9.5,0,19,1,Mortgage
171,0,1,5,0,1388.38,0,1,0,14.0,1,11,21,Mortgage
129,1,3,0,0,160.39,1,1,0,6.4,0,19,13,Cards
229,3,3,2,0,0.0,1,1,0,10.8,0,15,11,Fair Lending
170,0,2,2,1,445.9,1,0,0,4.8,0,17,14,Cards
146,2,1,0,0,333.21,1,0,0,2.3,1,18,8,Cards
77,1,0,0,0,0.0,1,0,1,5.7,0,8,7,Deposits
55,5,0,1,1,86.1,1,0,1,19.5,0,14,23,Deposits
102,1,3,1,0,1386.07,0,1,0,22.5,1,13,20,Mortgage
143,1,1,0,0,185.41,1,0,0,7.7,1,9,7,Cards
72,2,2,1,0,490.6,1,1,0,10.9,0,7,10,Cards
152,2,3,1,0,121.01,1,0,0,6.3,0,9,26,Cards
139,2,4,1,1,367.53,1,1,0,9.2,0,11,10,Cards
147,3,0,0,0,0.0,1,0,0,25.8,0,2,1,Deposits
108,3,0,2,0,0.0,1,0,0,26.7,1,1,9,Deposits
87,4,1,0,1,0.0,0,1,0,16.7,1,15,22,Deposits
105,0,3,3,0,56.82,1,0,0,29.2,0,3,11,Cards
189,0,3,3,0,1102.05,1,1,0,9.7,1,5,9,Mortgage
127,1,3,1,0,47.35,1,0,0,4.7,0,16,18,Cards
119,0,1,1,0,4026.02,1,1,0,15.8,1,8,26,Mortgage
179,0,2,4,0,321.35,0,0,1,9.3,0,16,14,Mortgage
93,1,2,1,0,174.71,1,0,0,3.4,0,20,21,Cards
139,1,3,2,1,152.5,1,0,0,19.4,0,12,7,Cards
189,1,2,3,0,88.04,1,0,0,12.8,2,22,11,Cards
183,1,2,1,0,94.13,1,0,0,16.8,1,1,11,Cards
181,1,0,0,0,69.37,0,0,0,27.4,0,10,10,Deposits
80,1,0,0,0,31.68,1,1,0,10.1,0,15,13,Deposits
109,2,2,1,0,69.68,1,0,0,0.7,0,18,15,Cards
128,0,2,1,1,1910.64,1,1,0,11.4,0,2,22,Mortgage
122,1,1,1,0,74.25,0,0,0,15.3,0,4,3,Cards
116,0,3,2,0,0.0,1,0,1,10.7,1,9,8,Cards
230,1,2,2,0,0.0,1,1,1,13.5,2,10,12,Fair Lending
119,0,4,6,0,0.0,1,1,0,14.1,0,12,23,Mortgage
228,0,0,3,0,1479.45,1,1,0,19.9,0,16,7,Mortgage
135,5,0,0,0,0.0,0,1,0,20.3,0,14,14,Deposits
160,2,2,0,0,352.96,1,0,0,0.8,1,17,9,Cards
171,3,3,0,0,70.73,1,1,0,3.9,1,9,26,Cards
141,1,2,0,0,42.5,1,0,0,5.2,0,5,17,Cards
126,1,6,0,1,545.72,1,0,0,30.0,1,5,22,Cards
171,0,1,4,0,1868.02,1,1,0,24.6,2,2,28,Mortgage
197,2,3,0,0,598.37,1,0,0,16.3,1,17,10,Cards
179,0,2,8,0,4156.71,1,1,0,6.7,2,6,2,Mortgage
155,1,0,1,0,3405.25,1,1,0,9.2,1,5,15,Mortgage
133,1,0,0,0,39.58,0,1,0,0.7,0,17,15,Deposits
82,4,0,0,0,0.0,1,0,0,4.5,1,9,27,Deposits
144,2,1,0,0,960.05,0,1,0,20.6,0,12,1,Mortgage
118,3,0,0,0,38.34,0,1,0,29.8,0,14,22,Deposits
122,8,0,0,0,16.07,0,0,0,1.0,0,0,3,Deposits
112,0,0,0,0,0.0,1,0,0,9.1,0,16,3,Deposits
206,1,3,0,1,393.4,1,0,0,3.2,0,20,1,Cards
141,2,4,1,0,166.27,1,0,0,19.8,0,4,9,Cards
223,0,3,1,0,232.14,0,1,1,4.4,0,17,23,Mortgage
139,0,1,4,1,1837.51,1,1,1,16.8,1,10,12,Fair Lending
154,0,0,2,0,27.21,1,0,0,8.8,0,20,14,Deposits
95,2,0,0,1,28.45,0,0,0,17.9,1,12,14,Deposits
126,4,0,0,0,49.84,0,0,0,20.9,0,15,24,Deposits
82,2,2,1,0,0.0,1,0,0,11.5,1,5,27,Cards
189,2,1,1,0,224.94,1,0,1,25.6,1,18,14,Cards
123,0,3,0,0,2585.91,1,1,0,15.0,0,5,17,Mortgage
166,2,3,1,1,559.0,1,0,0,5.5,0,0,5,Cards
141,0,3,3,0,1491.56,1,1,1,2.9,0,11,14,Mortgage
111,2,0,0,0,21.76,1,0,0,7.4,1,20,6,Deposits
163,0,3,6,0,835.8,1,1,1,10.0,0,4,6,Mortgage
110,3,0,0,0,0.0,0,0,0,21.1,2,16,9,Deposits
88,2,3,1,0,85.11,1,0,0,6.1,1,21,27,Cards
114,3,0,1,0,0.0,1,0,0,24.5,1,5,21,Deposits
103,6,0,1,0,171.69,0,0,0,9.6,1,6,12,Deposits
133,2,3,0,0,124.99,1,0,0,22.7,1,6,11,Cards
166,0,4,0,2,92.18,1,0,0,16.4,0,13,26,Cards
102,2,0,0,0,31.31,1,0,0,5.3,0,11,23,Deposits
199,2,0,2,0,970.97,0,1,0,13.6,0,13,1,Mortgage
50,0,1,1,1,0.0,1,0,1,26.8,0,19,13,Fair Lending
185,0,1,2,1,956.92,0,1,1,1.8,2,8,8,Mortgage
116,0,0,2,0,1783.3,1,1,0,11.8,0,2,16,Mortgage
94,2,2,0,0,237.72,1,1,0,25.4,0,19,11,Cards
120,1,1,0,0,84.16,1,0,0,19.1,1,17,23,Cards
111,3,0,0,1,0.0,1,0,0,2.1,0,4,19,Deposits
150,3,0,0,0,54.38,0,0,0,8.4,0,22,18,Deposits
108,1,1,1,0,0.0,1,1,0,15.2,1,15,25,Deposits
56,0,2,4,1,2338.63,0,1,0,21.5,0,2,3,Fair Lending
128,1,3,2,0,1065.69,1,0,0,21.3,1,6,13,Cards
89,0,2,0,1,337.36,1,1,0,22.9,0,17,15,Cards
176,0,1,5,2,512.61,1,1,1,17.3,0,4,11,Mortgage
158,3,1,0,0,0.0,0,0,0,8.7,1,8,8,Deposits
111,0,3,1,0,68.36,1,0,0,28.5,0,2,17,Cards
121,0,3,2,0,0.0,0,1,0,20.2,0,10,19,Mortgage
124,0,3,3,1,2894.68,1,1,0,12.6,0,19,26,Mortgage
184,0,1,3,0,1198.3,1,1,1,12.6,1,12,21,Mortgage
189,2,0,2,0,362.83,1,1,1,7.5,0,21,24,Fair Lending
155,3,4,1,0,208.48,1,1,0,3.2,1,3,22,Cards
166,2,3,2,0,208.56,1,1,0,20.4,0,16,25,Cards
136,1,2,0,0,1318.2,0,1,0,11.4,1,15,13,Mortgage
126,7,0,2,0,0.0,0,1,0,25.4,0,3,14,Deposits
67,6,0,1,0,0.0,1,0,0,10.8,1,13,15,Deposits
104,3,4,1,0,542.24,1,1,0,13.9,1,16,23,Cards
105,2,3,0,0,154.85,1,0,0,7.2,0,9,28,Cards
140,2,1,1,0,0.0,1,0,0,11.4,1,18,17,Cards
124,2,2,1,0,93.78,1,0,0,21.9,0,1,19,Deposits
94,2,0,1,0,17.93,1,1,0,12.9,1,3,19,Deposits
148,5,0,1,0,73.84,0,1,0,0.9,0,3,27,Deposits
88,0,4,0,0,0.0,1,0,0,28.9,1,2,24,Cards
182,0,0,1,1,138.75,1,0,0,5.6,1,14,26,Cards
110,1,3,1,0,245.38,1,0,0,29.1,1,1,18,Cards
131,0,4,0,0,0.0,1,1,0,28.6,0,16,3,Cards
89,3,0,0,1,167.46,1,0,0,20.4,1,15,27,Deposits
129,1,0,1,0,52.7,1,0,0,4.1,1,1,11,Deposits
133,4,4,1,0,303.37,1,0,0,0.8,0,7,21,Cards
59,1,3,5,1,5634.82,0,1,0,9.5,2,5,3,Fair Lending
141,0,4,4,0,2720.52,1,1,1,18.8,0,19,20,Mortgage
118,3,0,2,0,131.27,1,0,0,5.7,1,6,21,Deposits
128,1,0,3,0,3921.97,1,1,1,12.0,0,20,18,Mortgage
136,1,1,0,1,69.33,1,1,0,21.6,0,13,9,Deposits
153,0,0,2,0,2325.78,1,1,0,23.8,0,23,20,Mortgage
58,4,0,0,0,69.67,0,1,0,24.9,0,22,1,Deposits
81,3,1,1,0,19.86,1,0,0,23.7,0,17,12,Deposits
156,1,3,1,1,602.5,1,1,0,4.2,0,8,16,Mortgage
154,1,2,4,0,745.69,1,1,1,12.0,0,20,5,Mortgage
119,1,5,6,0,3035.49,1,1,0,0.7,1,17,10,Mortgage
87,5,2,0,0,151.05,1,1,0,8.9,0,6,23,Deposits
105,4,0,0,0,32.96,0,0,0,0.8,0,16,21,Deposits
211,0,2,3,1,0.0,0,1,0,0.5,0,13,6,Mortgage
112,1,0,0,1,0.0,1,0,0,2.6,1,2,22,Deposits
104,3,0,0,0,98.67,0,0,0,1.2,1,0,28,Deposits
179,0,4,3,0,0.0,1,1,0,26.7,1,20,11,Mortgage
168,0,2,0,0,60.84,1,0,0,11.8,0,21,17,Cards
156,1,0,1,0,16.45,1,0,0,13.6,0,19,10,Deposits
131,0,4,2,0,1334.34,1,1,0,1.0,0,9,26,Mortgage
114,1,1,0,0,130.81,1,1,0,10.3,0,1,26,Cards
108,0,2,3,1,774.32,0,1,0,8.1,1,5,5,Mortgage
155,3,3,1,0,144.79,1,1,1,4.0,1,2,25,Cards
82,2,0,0,0,98.92,0,0,0,1.4,1,12,1,Deposits
183,1,1,3,0,2279.32,0,1,1,2.5,0,2,5,Mortgage
152,0,5,0,0,701.07,1,0,0,25.6,0,7,22,Cards
130,0,2,0,1,453.26,1,0,0,29.8,0,23,22,Cards
117,0,4,1,1,957.31,1,1,1,23.2,1,0,12,Cards
151,0,1,1,0,668.21,0,1,0,10.7,1,19,14,Mortgage
145,1,0,3,0,486.0,0,1,0,22.4,0,17,14,Mortgage
138,1,0,3,1,3562.76,0,1,1,18.6,0,23,16,Mortgage
102,2,1,0,0,396.53,1,0,0,27.4,3,15,25,Deposits
138,0,2,1,0,405.67,1,0,1,17.4,0,20,18,Cards
177,4,0,0,0,274.37,1,0,0,19.8,0,22,18,Cards
162,3,5,0,0,320.36,1,0,0,20.5,0,8,21,Cards
143,1,2,0,0,51.23,1,1,0,23.7,0,19,4,Cards
269,2,2,1,0,312.97,1,1,1,24.5,1,0,5,Fair Lending
142,0,1,4,0,1277.42,0,1,0,14.6,1,14,19,Mortgage
100,1,4,3,0,769.31,1,0,0,22.9,0,22,20,Cards
134,2,0,1,0,0.0,1,0,0,24.2,1,12,19,Deposits
106,1,0,0,0,84.6,0,1,0,22.9,0,5,25,Deposits
165,1,0,4,0,418.03,0,1,0,17.0,0,5,21,Mortgage
198,1,0,2,0,1072.63,1,1,0,28.6,1,19,17,Mortgage
120,0,1,1,0,93.1,1,0,0,19.8,1,21,1,Cards
149,1,3,1,0,159.21,1,1,0,7.7,0,12,20,Cards
145,2,0,0,0,0.0,0,0,0,12.0,0,8,5,Deposits
67,5,0,0,0,85.4,0,0,0,14.1,0,14,20,Deposits
146,0,0,7,0,1437.51,1,1,1,24.4,0,0,9,Mortgage
146,2,0,0,1,19.46,0,0,0,27.6,0,14,3,Deposits
86,5,0,0,0,514.16,1,0,0,19.3,1,22,18,Deposits
121,1,3,4,0,806.89,0,1,1,1.9,1,18,15,Mortgage
114,2,2,0,1,183.6,1,0,0,3.8,0,15,3,Cards
105,4,3,1,0,0.0,1,0,0,2.5,1,10,27,Cards
179,0,8,1,0,98.86,1,0,0,5.2,1,6,21,Cards
133,0,0,3,0,7347.98,1,1,0,19.3,2,23,14,Mortgage
140,6,0,2,0,12.34,0,0,0,6.4,1,16,4,Deposits
86,0,1,3,1,155.36,1,0,0,0.6,0,0,6,Fair Lending
130,2,0,1,0,111.34,0,0,0,20.0,0,5,12,Deposits
161,0,4,0,0,0.0,1,0,1,14.7,1,7,4,Cards
145,3,6,1,0,192.22,1,0,0,19.1,0,12,21,Cards
119,0,2,0,0,122.14,1,0,0,6.1,1,0,5,Cards
52,0,1,5,0,907.9,0,1,0,14.9,0,0,9,Fair Lending
118,1,3,0,1,970.35,1,0,0,15.5,0,11,12,Cards
78,7,0,1,2,58.61,0,0,0,24.0,0,11,25,Deposits
104,4,1,0,0,0.0,0,0,0,3.2,0,13,26,Deposits
164,0,3,5,0,691.33,1,1,0,20.6,0,7,11,Mortgage
65,4,1,1,1,97.8,1,1,0,21.6,0,20,7,Deposits
100,5,0,1,0,87.01,0,1,0,6.6,0,22,11,Deposits
140,1,1,2,0,11.94,1,0,0,21.7,1,17,4,Deposits
86,0,0,0,0,200.82,0,0,0,3.2,0,12,20,Deposits
150,1,2,0,1,84.0,1,0,0,18.7,2,9,9,Cards
148,0,0,3,0,848.41,0,1,0,28.9,1,11,2,Mortgage
117,2,1,5,0,1433.84,0,1,0,5.4,1,23,6,Mortgage
112,3,0,1,0,17.53,0,0,0,14.9,0,7,21,Deposits
88,4,0,3,1,89.89,0,1,0,6.0,0,2,20,Deposits
79,3,0,1,0,75.08,0,0,0,16.4,0,23,25,Deposits
154,0,0,2,0,3897.31,0,1,0,23.5,0,18,15,Mortgage
85,4,0,1,0,91.25,1,1,0,14.7,1,1,9,Deposits
165,0,0,6,0,2553.73,1,1,0,15.3,1,19,6,Mortgage
156,0,2,6,0,771.73,0,1,0,16.9,0,3,28,Mortgage
201,0,1,3,1,3350.01,0,1,0,26.2,1,10,10,Fair Lending
155,2,1,1,0,95.35,1,1,0,3.1,0,23,26,Cards
89,0,1,1,1,178.93,1,1,0,6.4,0,23,28,Mortgage
163,0,1,1,0,537.27,1,0,0,2.7,1,1,8,Cards
145,2,1,2,0,1851.35,1,1,0,8.7,0,22,27,Mortgage
129,1,5,0,0,80.37,1,0,0,23.6,0,0,3,Cards
94,6,0,0,0,109.41,1,0,0,21.9,0,11,10,Deposits
146,0,3,5,1,2858.88,1,1,0,16.4,0,18,5,Mortgage
183,0,0,1,0,128.83,0,0,0,29.1,0,6,27,Deposits
257,1,0,1,0,0.0,1,0,1,19.6,0,12,8,Fair Lending
148,1,2,0,0,300.51,1,0,0,27.2,0,3,24,Cards
115,3,3,1,0,274.09,1,0,0,16.7,1,20,16,Cards
116,0,1,2,0,1554.56,0,1,0,5.6,0,16,7,Mortgage
141,0,0,0,0,869.63,0,1,0,17.8,1,21,12,Mortgage
143,4,3,0,0,97.77,1,0,1,4.9,0,3,17,Cards
195,0,2,1,1,0.0,0,1,1,12.1,1,9,15,Mortgage
138,4,0,0,0,18.26,0,0,0,12.0,0,6,17,Deposits
144,0,0,5,0,2541.49,0,1,0,18.9,0,17,10,Mortgage
132,0,1,1,0,155.76,1,0,0,21.7,0,8,24,Cards
80,3,0,1,0,72.52,1,0,1,11.3,0,7,12,Cards
93,6,0,1,0,39.9,0,0,0,7.0,0,1,4,Deposits
176,1,4,0,1,0.0,1,1,0,23.2,0,6,26,Cards
111,0,2,0,0,7790.93,1,1,1,16.1,1,19,3,Mortgage
179,1,4,4,0,2083.57,1,1,0,15.1,0,12,1,Mortgage
176,0,0,6,0,2770.13,0,0,0,26.4,0,2,1,Mortgage
93,4,0,2,0,24.23,0,0,0,29.1,0,21,12,Deposits
112,5,0,0,0,60.19,0,1,0,12.0,0,12,18,Deposits
85,6,0,0,0,118.36,0,0,0,24.0,0,6,15,Deposits
147,1,0,1,1,729.91,1,0,1,26.7,2,16,12,Deposits
157,0,2,3,0,2829.35,0,1,0,5.2,1,16,6,Mortgage
135,5,1,0,0,34.82,1,0,0,24.2,0,12,10,Deposits
112,1,1,1,0,116.34,1,0,0,19.5,0,3,10,Cards
130,2,4,0,0,155.06,1,0,0,4.1,0,3,17,Cards
117,6,0,0,0,47.62,0,0,0,21.5,0,8,11,Deposits
119,2,0,0,0,485.83,0,0,0,10.5,0,2,9,Deposits
109,2,1,0,1,166.36,1,0,0,6.1,1,6,22,Cards
72,0,2,1,1,1864.32,0,1,1,9.1,2,23,8,Fair Lending
153,1,3,0,1,235.6,1,0,1,15.8,0,6,20,Cards
156,0,3,3,0,1852.46,0,1,0,10.1,0,21,8,Mortgage
184,1,2,0,0,127.0,1,0,0,4.1,0,4,3,Cards
159,1,0,0,0,132.75,0,0,0,25.3,0,17,16,Deposits
131,2,1,1,0,502.71,1,0,0,22.4,0,13,7,Cards
149,1,5,3,0,114.17,1,0,0,14.6,0,21,20,Cards
100,0,3,2,1,88.11,1,0,0,13.8,0,20,28,Cards
92,3,0,0,2,77.14,0,0,0,5.6,0,6,24,Deposits
127,0,3,5,0,863.63,1,1,0,16.4,1,3,14,Mortgage
66,0,2,3,0,0.0,1,1,1,8.4,0,19,25,Fair Lending
125,1,2,1,1,0.0,1,0,0,2.3,0,8,26,Cards
155,2,0,1,1,0.0,1,1,0,23.4,0,19,4,Deposits
121,3,0,0,0,110.0,1,1,0,14.9,0,0,8,Cards
132,4,2,0,0,575.26,1,0,0,10.7,0,8,26,Cards
115,0,2,0,0,11.97,1,0,0,24.0,1,23,5,Cards
118,2,0,0,0,0.0,0,0,0,22.7,0,2,26,Deposits
137,0,0,1,0,717.32,1,1,0,24.9,0,12,13,Mortgage
131,1,3,1,0,133.44,1,0,0,17.1,0,15,14,Cards
158,2,0,0,0,63.04,0,0,0,27.6,1,15,22,Deposits
175,1,1,4,0,858.78,1,1,0,25.2,0,19,3,Mortgage
242,1,3,3,0,2415.31,1,1,1,19.3,0,20,26,Fair Lending
175,0,1,5,0,1485.35,0,1,1,12.8,1,20,11,Mortgage
62,0,1,3,1,0.0,0,1,0,16.2,0,21,9,Fair Lending
122,1,1,3,0,4615.66,1,1,1,21.1,1,19,14,Mortgage
121,5,0,1,1,0.0,0,1,0,17.6,0,4,8,Deposits
116,1,1,1,0,462.08,1,0,0,14.0,0,7,1,Cards
152,1,2,2,0,3110.43,1,1,0,12.0,0,17,16,Mortgage
36,3,0,1,0,27.93,0,0,0,16.0,0,20,4,Deposits
69,2,0,1,0,98.2,1,0,0,13.3,0,10,13,Deposits
155,2,2,1,0,37.39,1,0,0,21.9,1,1,8,Deposits
105,2,5,0,0,111.31,1,1,0,13.5,0,20,2,Cards
127,4,0,1,1,750.17,0,1,0,1.4,0,8,2,Deposits
160,1,4,1,0,1835.01,1,0,0,22.1,0,7,24,Cards
146,0,1,4,0,584.01,0,1,0,25.1,0,5,4,Mortgage
121,0,2,0,0,54.08,1,0,0,9.5,0,17,3,Cards
283,0,2,1,0,0.0,1,1,0,15.5,1,0,25,Fair Lending
96,1,0,4,0,3097.88,0,1,0,21.0,0,17,26,Mortgage
162,1,1,7,0,0.0,0,1,1,14.3,2,22,24,Mortgage
114,0,4,0,1,34.61,1,0,0,7.2,0,5,20,Cards
148,2,0,4,0,2889.56,1,1,1,28.7,0,0,12,Mortgage
122,0,6,3,0,476.6,1,1,0,11.7,1,21,17,Mortgage
148,5,0,0,0,51.06,1,0,0,29.0,0,16,16,Deposits
188,1,0,2,0,1357.31,1,1,0,20.4,0,7,20,Mortgage
152,0,0,3,0,3611.24,1,1,0,25.1,0,4,21,Mortgage
133,1,2,0,0,14.16,1,0,0,18.2,1,21,16,Cards
115,1,3,1,1,0.0,0,0,0,29.4,1,12,7,Cards
149,0,0,2,0,433.07,1,1,0,26.1,2,1,12,Mortgage
108,3,1,1,0,228.06,1,0,0,28.4,0,2,7,Cards
134,6,0,0,0,202.99,0,0,0,23.0,0,15,26,Deposits
161,1,0,1,0,147.41,1,1,0,13.2,0,11,27,Cards
68,1,0,0,1,268.86,0,0,0,8.1,1,4,16,Deposits
181,1,3,1,0,1763.97,1,1,0,3.1,1,4,19,Mortgage
140,1,1,2,0,226.76,0,1,0,9.0,0,23,21,Mortgage
122,3,0,1,1,60.46,1,0,0,29.5,1,22,9,Deposits
210,0,3,0,0,230.95,1,0,0,14.0,0,9,4,Cards
137,3,1,1,0,656.19,1,0,0,26.7,0,15,19,Cards
208,1,3,3,0,484.31,0,1,1,12.1,0,2,10,Mortgage
135,2,0,1,0,10.77,0,0,0,15.7,0,8,26,Deposits
96,1,0,2,0,120.59,1,0,0,8.8,1,1,27,Deposits
68,1,3,1,0,23.55,1,0,0,14.8,0,4,27,Cards
87,2,0,2,1,53.1,1,1,0,20.0,0,9,23,Deposits
158,4,0,0,0,0.0,1,0,0,16.1,2,8,14,Fair Lending
133,3,0,0,0,0.0,0,0,0,4.9,0,12,20,Deposits
140,2,0,0,0,41.91,0,0,0,19.5,1,5,28,Deposits
179,1,0,5,0,662.13,1,1,1,2.3,0,2,15,Mortgage
126,8,0,1,0,50.3,1,0,0,27.6,0,8,20,Deposits
168,0,2,0,0,172.46,1,0,0,10.1,0,3,10,Cards
101,2,0,1,0,45.78,0,0,0,24.3,0,6,9,Deposits
164,1,6,0,0,662.01,1,0,0,21.0,0,18,6,Cards
130,1,1,0,0,484.85,0,1,0,15.8,1,2,3,Mortgage
134,0,3,1,2,2665.82,0,1,1,9.0,1,11,19,Mortgage
134,1,2,0,0,315.07,1,0,0,3.0,1,12,9,Cards
107,2,6,0,3,114.17,1,1,1,1.5,0,5,2,Cards
134,2,0,0,0,174.56,1,0,0,27.2,1,18,28,Deposits
92,1,2,0,0,115.9,1,1,0,12.6,0,16,28,Cards
61,0,1,3,1,984.65,1,1,1,5.4,0,18,19,Fair Lending
139,0,1,1,1,113.95,1,0,0,12.5,1,15,24,Cards
165,0,3,0,1,2290.89,0,1,0,18.5,3,11,12,Mortgage
127,1,1,1,1,868.69,1,1,1,13.9,0,4,17,Mortgage
162,1,3,2,1,188.89,1,1,0,13.7,1,11,24,Cards
144,0,2,1,0,715.3,1,1,0,15.4,1,13,14,Mortgage
143,0,0,1,1,1104.65,1,1,0,20.9,0,15,3,Mortgage
153,2,4,1,0,255.94,1,0,0,14.3,0,22,27,Cards
153,2,0,0,0,30.34,0,0,0,16.7,0,15,15,Deposits
58,1,1,3,1,1272.63,1,1,0,14.2,1,12,9,Fair Lending
119,3,0,0,0,48.98,1,0,0,9.0,0,13,20,Deposits
97,1,2,0,0,327.01,1,0,0,17.9,0,3,17,Cards
237,0,3,4,1,676.42,1,1,0,6.9,0,2,21,Fair Lending
91,0,4,1,0,80.65,1,1,0,10.5,1,15,20,Cards
145,2,0,0,2,65.25,0,0,0,28.9,0,7,9,Deposits
123,0,1,1,0,203.65,1,0,0,2.8,0,4,17,Cards
116,0,1,2,1,676.96,1,0,0,19.0,1,6,26,Mortgage
139,2,0,0,0,56.12,0,0,0,19.2,1,10,17,Deposits
163,1,1,5,0,963.07,1,1,0,17.8,0,16,3,Mortgage
263,1,0,1,0,118.46,1,1,1,15.5,0,17,14,Fair Lending
146,3,0,0,0,41.76,0,1,0,10.1,0,22,15,Deposits
74,1,0,2,0,16.91,1,1,0,10.0,0,23,10,Deposits
105,4,1,0,0,63.61,1,0,0,5.2,0,11,20,Deposits
147,3,1,0,0,368.77,1,1,0,7.4,0,21,23,Cards
153,3,0,2,0,87.67,1,0,0,20.5,0,11,3,Deposits
51,0,4,1,1,1509.7,1,1,1,18.0,0,20,14,Fair Lending
79,1,0,0,2,0.0,1,0,0,7.9,0,13,28,Cards
148,5,0,2,0,0.0,1,0,0,4.9,0,20,25,Deposits
132,0,1,0,1,92.03,1,0,0,7.2,0,21,20,Cards
96,3,1,0,0,0.0,1,0,0,6.5,0,14,10,Cards
48,5,0,0,1,147.86,0,1,0,1.5,0,10,28,Fair Lending
187,3,0,2,1,21.38,0,0,0,22.3,1,11,4,Deposits
122,3,0,0,1,91.04,1,0,0,2.3,0,9,2,Deposits
138,4,0,0,0,78.66,0,0,0,15.5,1,19,14,Deposits
135,0,1,0,0,193.13,0,0,0,28.0,3,8,2,Cards
136,4,1,1,0,235.91,0,1,0,23.3,0,13,24,Deposits
79,3,1,0,0,85.56,1,1,0,0.8,0,12,8,Deposits
287,1,6,0,0,232.86,1,0,1,26.6,0,19,28,Fair Lending
119,5,0,2,0,36.35,1,1,0,30.0,1,15,7,Deposits
117,5,0,1,0,23.77,1,0,0,4.3,0,21,18,Deposits
149,1,1,1,0,341.57,1,0,0,28.5,1,1,5,Cards
122,5,0,0,0,101.88,0,0,0,7.8,0,19,17,Deposits
148,1,2,0,0,44.87,1,0,0,20.1,0,16,2,Cards
142,4,2,0,1,704.72,1,0,0,3.0,1,16,9,Cards
113,1,1,2,0,952.81,1,1,0,23.6,0,6,9,Mortgage
113,1,0,3,0,1503.38,1,1,1,13.8,0,5,20,Mortgage
143,0,0,0,0,47.48,1,0,0,12.2,1,12,28,Deposits
155,0,3,0,0,191.52,1,0,0,2.0,1,16,8,Cards
279,2,3,0,2,796.78,1,0,1,13.5,0,23,19,Fair Lending
134,0,2,4,0,10626.65,1,1,0,10.3,1,14,22,Mortgage
97,0,3,2,0,425.24,1,0,0,10.0,1,21,10,Cards
122,2,2,2,0,249.96,1,0,0,11.9,0,11,23,Cards
245,1,2,1,1,0.0,1,1,0,9.3,0,15,6,Fair Lending
56,4,2,0,0,155.64,0,1,0,2.0,0,17,7,Deposits
88,3,0,0,0,6.99,1,0,0,17.4,0,13,16,Deposits
141,1,1,1,0,32.59,1,0,0,28.5,0,16,7,Cards
54,0,2,2,0,0.0,1,1,1,27.8,0,22,24,Fair Lending
112,1,1,1,0,186.86,1,0,0,22.1,0,12,6,Cards
120,0,1,2,1,97.09,1,0,0,29.7,0,2,17,Cards
64,0,3,1,1,0.0,0,0,0,23.2,0,1,5,Fair Lending
86,0,1,8,2,0.0,1,1,0,23.3,1,2,14,Fair Lending
69,4,0,1,0,511.93,1,0,0,28.7,0,16,12,Deposits
106,1,3,0,0,155.9,1,0,0,2.3,0,8,22,Cards
186,0,1,3,1,2289.08,1,1,0,14.8,1,5,20,Mortgage
120,3,1,0,0,217.61,1,1,1,22.3,0,1,20,Deposits
196,2,0,2,0,2159.48,0,1,0,20.4,1,1,20,Mortgage
114,3,3,0,0,650.75,0,1,0,9.7,2,3,23,Mortgage
172,1,1,1,0,1455.71,1,1,0,7.4,0,13,27,Mortgage
147,5,0,2,0,0.0,0,0,0,19.1,0,1,21,Deposits
194,0,2,2,1,2318.38,1,1,0,26.4,0,13,10,Mortgage
140,1,2,1,0,429.89,1,1,0,5.9,2,3,25,Cards
122,0,0,2,0,0.0,0,1,0,1.7,0,15,26,Fair Lending
118,2,3,0,1,63.15,1,0,1,14.1,0,5,22,Cards
123,0,4,2,0,614.64,1,1,0,9.0,1,20,28,Mortgage
106,1,1,1,0,274.68,1,0,0,9.3,1,23,11,Deposits
210,0,1,2,0,1445.23,1,1,0,10.0,1,20,20,Mortgage
131,2,1,0,0,431.13,1,1,0,22.9,0,1,2,Cards
116,1,3,0,0,45.13,1,0,0,1.7,0,17,18,Cards
146,0,1,3,0,2048.23,1,1,0,12.9,1,3,6,Mortgage
135,3,0,1,1,0.0,0,0,0,13.9,1,8,20,Deposits
146,2,2,1,1,2822.14,1,1,1,10.4,0,13,15,Mortgage
172,0,0,5,0,1796.48,0,1,1,11.8,1,10,26,Mortgage
124,0,2,3,0,219.07,0,0,1,22.8,1,18,17,Cards
79,0,1,0,0,251.61,1,1,0,12.6,1,15,26,Cards
146,1,0,0,0,96.65,1,0,0,17.2,1,4,21,Cards
197,2,1,1,0,111.0,1,1,0,23.8,1,2,6,Cards
141,1,1,1,0,164.6,1,0,0,19.3,0,13,1,Cards
121,3,0,1,0,327.37,1,1,0,13.2,0,5,19,Deposits
273,3,3,3,1,0.0,1,1,0,21.9,0,15,1,Fair Lending
165,0,1,4,0,1350.0,0,1,0,9.4,1,20,7,Mortgage
66,4,0,0,0,34.87,1,0,0,7.2,0,16,20,Deposits
115,3,0,0,0,66.7,0,0,0,19.7,0,15,16,Deposits
154,1,3,4,1,0.0,1,0,1,14.1,0,9,5,Cards
137,0,2,6,0,1112.82,1,1,0,0.5,0,23,21,Mortgage
108,1,0,2,0,0.0,1,0,0,4.5,1,13,22,Deposits
117,2,5,0,1,193.46,1,0,1,16.6,0,11,1,Cards
164,0,0,5,0,6514.51,1,1,1,1.0,0,16,13,Mortgage
102,0,0,0,0,0.0,0,0,0,24.1,0,22,27,Deposits
137,2,3,1,0,0.0,1,0,0,29.8,0,7,26,Cards
125,2,2,0,0,143.16,1,0,0,27.1,0,13,21,Cards
134,3,2,2,1,170.01,1,0,0,21.5,2,15,15,Cards
114,2,4,0,0,152.89,1,0,0,21.8,1,13,22,Cards
171,0,2,2,0,974.53,0,1,0,23.6,2,17,6,Mortgage
111,2,0,0,0,76.43,0,1,0,1.4,0,21,28,Deposits
132,0,3,2,1,2849.92,1,1,0,12.2,1,23,4,Mortgage
185,1,4,1,0,758.16,1,0,0,7.1,0,6,18,Cards
123,1,0,1,0,0.0,1,0,0,10.5,1,12,13,Deposits
137,1,1,6,0,4438.25,1,1,0,16.2,0,7,1,Mortgage
116,0,3,1,0,2634.23,1,1,0,20.1,2,22,9,Mortgage
168,0,1,2,1,855.55,1,1,0,20.8,0,11,21,Mortgage
105,3,0,0,0,58.03,0,0,0,23.7,1,6,9,Deposits
78,5,0,0,0,0.0,0,1,0,17.5,0,21,2,Deposits
257,1,1,1,1,0.0,1,0,1,23.1,1,1,27,Fair Lending
108,5,1,0,0,48.51,1,0,0,21.1,0,21,15,Deposits
34,3,3,2,1,0.0,0,0,0,2.1,2,4,18,Cards
146,1,3,1,1,80.12,1,0,0,22.0,1,17,16,Cards
79,1,1,1,0,0.0,1,1,0,16.9,0,14,11,Cards
157,2,0,0,0,74.45,1,0,0,2.0,0,8,28,Deposits
136,0,0,0,0,119.6,1,0,0,29.9,1,4,6,Cards
159,3,1,1,0,0.0,1,0,0,27.5,0,22,4,Cards
154,0,2,4,0,0.0,0,1,0,10.0,0,7,15,Mortgage
201,1,5,2,0,94.57,1,0,0,0.4,0,12,14,Cards
132,1,5,0,0,61.71,1,1,0,26.5,0,4,12,Cards
202,1,1,2,0,740.61,0,1,1,15.3,0,11,11,Mortgage
155,0,2,1,0,112.32,1,0,0,0.2,0,19,1,Cards
146,0,1,7,0,1829.69,1,1,0,8.1,0,15,24,Mortgage
139,0,2,0,0,230.5,1,1,0,28.2,0,17,28,Cards
105,0,0,1,0,1966.07,0,1,0,20.4,0,9,16,Mortgage
110,1,2,1,0,25.99,1,0,0,5.2,0,16,16,Deposits
172,1,1,2,0,6425.65,1,1,0,15.2,2,12,1,Mortgage
123,2,0,0,1,16.16,1,1,0,27.1,0,9,6,Deposits
162,0,4,1,0,193.59,1,0,1,13.3,0,18,8,Cards
143,0,4,2,0,520.48,1,1,0,21.3,1,21,8,Cards
187,0,1,1,0,323.98,0,0,0,11.0,2,16,27,Cards
144,0,2,2,1,1012.07,1,1,0,18.7,1,2,19,Mortgage
271,0,2,3,1,2216.29,1,1,0,1.3,2,17,18,Fair Lending
93,2,0,0,0,20.1,0,0,0,14.6,0,11,28,Deposits
69,2,0,0,0,149.43,1,1,0,16.0,0,12,7,Deposits
156,3,0,0,0,55.66,0,1,0,2.8,1,15,21,Deposits
173,1,3,0,0,59.18,1,0,1,15.4,0,12,12,Cards
150,1,2,1,1,88.99,1,1,0,15.0,0,16,27,Cards
127,0,1,2,0,2347.3,1,1,0,27.3,1,22,25,Mortgage
151,0,1,3,0,1745.0,1,0,1,11.4,0,6,26,Mortgage
58,1,0,0,1,19.27,1,0,0,2.1,0,21,27,Fair Lending
163,2,2,2,0,273.15,1,1,0,4.9,1,20,19,Cards
120,0,0,0,0,26.93,0,0,0,2.3,1,13,11,Deposits
120,0,1,1,0,187.06,1,0,0,8.9,1,15,24,Cards
113,0,0,0,1,51.39,0,0,0,10.3,0,22,6,Deposits
164,1,3,5,0,2036.43,1,1,0,26.1,0,0,28,Mortgage
181,0,4,2,0,655.79,1,1,0,18.6,0,19,7,Fair Lending
146,2,1,0,1,0.0,0,0,0,25.9,0,10,10,Deposits
114,3,0,1,2,0.0,1,1,0,9.7,0,21,20,Deposits
102,4,0,2,0,31.12,1,0,0,27.5,0,1,12,Deposits
134,0,6,1,1,1081.94,1,0,0,29.9,0,12,26,Cards
144,1,2,0,0,119.15,1,0,0,6.6,1,13,13,Cards
120,0,0,0,0,148.19,1,0,1,3.9,1,3,1,Cards
160,2,3,0,0,0.0,1,0,1,8.7,3,19,20,Cards
95,1,0,0,0,0.0,1,1,0,4.7,0,5,19,Deposits
149,1,3,1,1,952.54,1,0,0,28.8,1,4,25,Cards
130,0,1,2,1,614.6,0,1,0,28.3,0,6,10,Mortgage
198,1,0,5,0,593.44,0,1,0,8.6,0,18,18,Mortgage
49,1,4,1,0,448.2,1,0,0,3.5,2,23,5,Fair Lending
70,1,1,1,1,1600.36,1,1,1,17.9,0,21,4,Fair Lending
119,1,3,0,0,0.0,1,1,0,22.2,1,21,24,Cards
172,1,0,3,0,2601.83,0,1,1,20.0,0,15,14,Mortgage
104,4,1,0,0,0.0,0,0,0,29.4,0,3,2,Deposits
148,1,2,0,0,92.74,1,0,1,2.9,1,15,21,Cards
213,0,2,0,0,39.07,1,1,0,19.9,2,19,4,Deposits
157,1,1,2,0,0.0,1,1,0,15.2,0,3,23,Cards
157,2,1,1,0,13.67,1,0,0,25.0,0,0,14,Cards
103,1,1,0,1,28.75,0,1,0,0.5,0,6,5,Deposits
113,5,0,1,1,21.9,0,1,0,12.3,1,1,16,Deposits
126,1,0,0,0,269.31,1,0,0,11.2,1,11,25,Cards
105,4,0,0,0,0.0,1,0,0,1.8,0,17,25,Deposits
135,3,1,1,0,70.94,1,0,1,1.3,0,3,28,Cards
121,1,3,0,0,147.01,1,1,0,27.2,0,6,2,Cards
118,1,1,0,0,0.0,1,0,1,18.7,0,17,8,Cards
85,1,0,2,1,345.37,1,1,0,4.4,0,3,1,Deposits
142,1,0,0,0,13.55,1,0,0,10.1,0,0,9,Deposits
102,1,2,0,0,302.94,1,0,0,15.0,0,5,14,Cards
63,2,3,1,0,206.87,1,0,0,10.5,1,21,9,Cards
185,4,0,1,0,0.0,0,0,0,7.6,0,4,20,Deposits
110,1,0,1,0,38.34,1,1,0,11.5,1,11,15,Deposits
81,0,1,0,0,1485.81,1,0,0,20.8,0,4,11,Cards
122,1,1,0,0,0.0,1,1,0,0.6,0,3,28,Cards
109,0,2,1,0,162.32,1,0,0,23.8,0,16,24,Cards
111,0,7,1,0,54.23,1,0,0,28.8,0,18,25,Cards
149,0,3,4,2,400.44,0,1,1,1.3,0,18,4,Mortgage
200,1,1,3,1,2403.22,1,1,0,26.3,1,9,3,Mortgage
81,1,0,0,0,21.0,1,0,0,7.1,0,7,3,Deposits
147,0,0,2,1,64.08,1,0,0,15.4,0,0,10,Cards
178,2,3,4,0,1470.99,0,1,0,28.0,0,6,13,Mortgage
141,2,2,5,0,0.0,1,1,0,25.8,0,19,28,Mortgage
139,0,2,4,1,2094.74,0,1,0,0.7,0,13,10,Mortgage
106,2,0,1,0,0.0,1,0,0,14.0,0,0,26,Deposits
139,2,0,2,0,140.79,1,0,0,13.4,0,1,4,Deposits
110,9,1,0,0,93.44,1,0,0,21.7,0,14,11,Deposits
188,0,0,2,0,1561.81,1,1,1,7.9,0,21,16,Mortgage
360,1,2,2,2,2174.0,0,1,0,17.6,2,12,22,Fair Lending
116,3,0,0,0,42.03,0,1,0,6.2,0,16,15,Deposits
155,0,1,4,0,2553.46,1,1,0,0.9,1,3,25,Mortgage
82,3,2,0,0,0.0,1,0,0,18.7,2,14,7,Cards
141,5,0,1,1,43.9,0,0,0,12.0,0,10,27,Deposits
145,1,2,1,0,151.08,1,0,0,22.9,0,2,22,Cards
122,2,3,1,0,324.31,1,0,0,27.3,0,12,7,Cards
149,1,3,0,1,106.32,1,0,0,29.2,0,12,9,Cards
94,5,0,0,1,86.01,1,0,0,23.4,1,12,19,Deposits
164,1,1,1,1,510.11,1,0,0,14.8,0,16,3,Cards
102,2,0,0,0,0.0,0,0,0,20.8,1,19,15,Deposits
141,1,3,1,0,0.0,1,1,0,23.0,1,14,9,Cards
118,2,1,3,2,174.66,1,0,1,15.1,1,4,4,Cards
38,3,0,2,0,485.09,1,0,0,24.9,0,0,8,Cards
157,3,5,0,0,123.35,1,0,0,6.4,0,1,18,Cards
167,0,2,2,0,4828.34,0,1,0,25.5,0,12,19,Mortgage
123,4,1,1,0,183.27,1,0,0,0.5,0,6,23,Deposits
164,1,3,1,1,144.03,1,0,0,18.6,0,16,17,Cards
101,5,1,0,0,53.91,0,0,0,12.6,1,3,20,Deposits
146,1,0,4,2,6573.94,1,1,0,11.2,1,2,7,Mortgage
121,4,0,0,1,88.08,1,0,0,14.5,0,23,19,Deposits
112,0,2,1,1,0.0,0,1,0,19.6,0,17,17,Mortgage
140,2,0,1,0,69.3,1,0,0,3.0,0,1,1,Deposits
164,0,2,3,0,743.57,0,1,0,24.6,0,2,18,Mortgage
99,1,0,0,0,352.56,1,0,0,13.8,0,6,7,Cards
149,0,0,1,0,226.93,1,0,0,9.0,0,0,24,Cards
131,0,2,0,0,478.16,1,0,0,5.1,1,5,5,Cards
153,0,1,1,1,0.0,0,0,0,14.3,0,8,11,Mortgage
131,3,0,0,0,148.01,0,1,0,28.2,1,4,24,Deposits
127,4,1,1,0,12.75,1,0,0,16.3,2,2,28,Deposits
144,0,3,1,0,47.52,1,0,0,16.0,0,23,13,Cards
96,2,0,0,0,13.51,0,0,0,14.5,1,16,22,Deposits
100,2,0,0,0,67.02,1,1,0,0.8,0,1,1,Deposits
102,1,0,0,1,350.33,1,0,0,12.2,0,20,8,Deposits
154,0,2,0,0,43.53,1,0,0,29.1,1,15,10,Cards
141,1,2,4,1,512.27,1,0,0,22.1,0,6,6,Mortgage
144,2,5,1,0,527.12,1,0,0,23.8,1,7,14,Cards
171,3,2,0,0,0.0,1,0,0,17.5,0,1,11,Cards
174,0,2,0,0,215.95,1,1,0,18.9,1,13,19,Cards
158,0,1,2,0,3389.91,0,1,1,10.8,0,6,23,Mortgage
150,2,0,2,2,34.55,1,0,0,0.9,0,15,25,Cards
54,1,2,0,1,328.96,1,0,1,26.3,2,7,18,Fair Lending
175,1,3,0,0,134.06,1,0,0,14.4,2,7,17,Cards
112,2,4,0,1,106.68,1,0,0,19.3,0,8,2,Cards
107,0,3,4,0,0.0,1,1,0,7.9,0,17,18,Cards
139,3,1,0,0,0.0,1,1,0,14.4,1,11,23,Deposits
125,3,2,1,0,61.13,1,0,0,5.5,2,5,8,Cards
169,2,0,1,0,140.57,1,1,0,4.2,0,14,1,Cards
99,1,3,7,0,1250.27,1,1,0,16.0,0,23,23,Mortgage
261,0,3,3,0,0.0,0,1,1,7.8,0,8,14,Fair Lending
83,3,0,2,0,52.42,1,0,0,29.0,0,13,22,Deposits
137,1,0,0,1,1793.02,1,1,0,14.2,1,12,26,Mortgage
166,1,2,0,0,4751.49,0,1,0,15.8,0,23,12,Mortgage
129,0,0,1,0,25.75,1,0,0,26.3,0,14,8,Cards
159,2,0,0,0,80.29,1,0,0,22.2,1,12,21,Deposits
129,1,1,0,0,122.99,1,0,0,17.6,2,2,5,Cards
98,3,0,0,0,0.0,0,0,0,29.4,1,17,24,Deposits
122,1,0,0,0,157.65,1,0,0,5.7,0,0,11,Deposits
110,2,2,0,0,170.87,1,0,0,29.5,0,1,26,Cards
110,2,3,1,1,200.97,0,0,0,9.5,0,11,14,Cards
99,5,0,0,0,256.46,0,0,0,9.8,1,11,2,Deposits
152,1,2,0,0,309.86,0,1,0,0.6,0,15,8,Cards
128,2,1,1,0,91.37,0,0,0,4.9,0,7,23,Deposits
148,0,2,6,0,1182.37,1,1,1,19.7,0,12,22,Mortgage
144,0,4,2,1,4777.34,0,1,0,6.9,1,19,20,Mortgage
56,0,1,3,0,0.0,0,1,0,3.7,2,14,2,Fair Lending
196,0,2,4,1,1209.04,0,1,1,20.6,0,15,19,Mortgage
156,2,4,1,0,80.61,1,0,0,15.4,0,13,11,Cards
111,2,1,1,0,37.62,0,0,0,5.6,0,8,11,Deposits
131,1,3,4,0,872.32,1,1,0,22.8,0,10,1,Mortgage
52,0,5,0,1,118.32,1,0,1,23.8,0,4,1,Fair Lending
161,1,3,2,0,2988.32,1,1,1,22.1,0,18,11,Mortgage
135,1,2,1,0,94.56,1,0,0,0.5,0,20,19,Cards
135,1,0,5,0,5592.98,1,1,0,12.3,0,16,27,Mortgage
113,1,1,2,0,128.81,1,0,0,12.1,1,11,3,Cards
141,0,0,0,1,262.51,1,0,0,25.4,1,12,7,Cards
134,4,0,0,0,64.92,1,0,0,22.2,0,3,9,Deposits
154,2,1,0,1,61.34,1,0,0,14.8,0,19,27,Cards
131,1,0,0,0,106.71,0,0,0,2.5,0,19,14,Deposits
164,5,0,2,0,172.28,0,0,0,27.6,0,13,28,Deposits
72,7,0,2,0,0.0,1,0,0,19.3,0,12,28,Deposits
91,2,0,0,0,0.0,1,0,0,29.8,0,23,21,Deposits
118,0,0,3,0,3228.36,0,1,1,23.1,0,17,5,Mortgage
143,3,0,1,0,92.32,0,0,0,17.1,0,6,11,Deposits
108,2,1,0,0,244.74,1,0,1,28.8,0,17,27,Cards
289,1,4,3,0,1693.85,1,1,0,9.7,1,18,17,Fair Lending
174,2,3,7,0,1216.29,1,1,0,20.1,2,16,6,Mortgage
139,0,1,2,1,641.45,1,1,0,12.4,1,5,12,Mortgage
125,0,0,5,1,102.92,0,1,0,6.2,0,4,8,Mortgage
127,2,1,3,0,496.13,0,1,0,18.3,0,20,14,Mortgage
135,0,5,0,1,0.0,1,0,0,29.8,0,17,5,Cards
94,5,1,0,0,22.21,0,0,0,0.7,0,7,21,Deposits
138,1,2,6,0,399.52,0,1,0,18.0,0,22,16,Mortgage
172,1,0,0,0,0.0,1,0,0,9.9,0,17,19,Deposits
134,1,6,0,0,224.29,1,0,1,15.5,0,20,22,Cards
125,4,0,1,0,11.78,0,0,0,27.7,1,21,23,Deposits
39,1,0,1,1,316.66,1,0,0,4.5,0,15,25,Cards
184,2,2,0,0,0.0,1,0,0,20.3,0,11,17,Cards
93,1,2,2,0,748.77,1,0,0,9.8,0,16,16,Cards
128,2,0,0,1,93.6,1,0,0,18.7,2,20,17,Cards
100,1,3,1,0,0.0,1,0,1,20.8,0,22,1,Cards
116,1,2,0,1,74.16,1,0,1,3.1,0,15,23,Cards
70,2,0,1,0,70.72,0,0,0,23.9,0,5,25,Deposits
173,0,2,1,1,0.0,0,1,1,5.7,0,7,5,Mortgage
110,1,0,1,0,16.49,0,0,1,24.3,0,5,2,Deposits
153,0,2,0,0,112.63,1,0,0,14.8,0,4,26,Cards
122,1,0,0,0,95.97,0,0,0,23.9,0,0,3,Deposits
139,0,1,2,0,36.86,1,1,0,13.1,0,20,24,Cards
152,1,1,2,0,0.0,0,1,0,13.0,1,17,9,Mortgage
136,0,2,1,0,157.32,1,0,0,7.1,0,0,7,Cards
173,1,0,1,1,191.07,1,0,0,1.2,0,21,16,Cards
112,1,0,3,1,40.77,1,0,0,29.6,0,1,18,Deposits
134,0,3,5,0,1295.25,0,1,0,24.4,0,21,1,Mortgage
104,6,2,1,0,0.0,1,1,0,10.1,1,13,5,Cards
142,0,2,0,0,128.52,1,0,0,20.9,0,3,28,Cards
169,3,2,2,0,256.85,0,0,0,14.5,0,21,3,Deposits
105,5,0,0,0,0.0,1,0,0,27.4,3,21,21,Deposits
129,0,3,2,0,24.14,1,0,0,14.0,1,3,10,Cards
97,2,0,0,0,53.57,0,0,0,19.8,0,14,28,Deposits
151,2,0,0,1,36.84,1,0,0,6.1,0,6,11,Deposits
132,1,3,1,0,100.58,1,0,0,18.1,1,20,19,Cards
123,1,1,1,0,182.19,1,0,0,14.8,0,3,23,Fair Lending
97,1,4,0,0,630.4,1,0,0,4.0,0,8,25,Cards
178,1,0,1,0,0.0,1,0,0,8.2,0,7,24,Cards
115,7,1,0,1,146.65,0,0,1,19.0,0,0,12,Deposits
68,3,0,0,0,110.29,1,0,1,13.8,0,16,5,Fair Lending
103,3,0,0,0,595.12,1,0,0,9.2,0,12,16,Deposits
135,1,2,0,0,168.9,1,0,0,22.3,0,18,9,Cards
176,1,3,1,0,232.38,1,0,0,18.7,0,22,21,Cards
200,0,3,1,0,3330.66,0,1,0,11.9,0,4,12,Mortgage
105,3,0,3,0,39.25,0,1,0,23.1,0,18,27,Deposits
118,5,0,0,0,0.0,0,1,0,29.9,0,16,8,Deposits
100,3,0,0,0,58.39,0,1,0,29.3,0,23,9,Deposits
121,0,3,0,0,288.07,1,0,1,5.8,1,11,7,Cards
169,4,1,0,0,0.0,0,0,0,6.0,3,7,22,Deposits
117,4,1,2,1,191.62,1,0,0,7.0,0,6,16,Cards
155,2,5,0,0,315.03,1,0,0,27.0,1,6,15,Cards
116,0,1,5,0,2094.91,0,1,1,12.5,1,14,2,Mortgage
126,1,1,0,0,0.0,1,0,0,24.4,0,1,24,Cards
119,2,4,4,0,777.29,1,0,1,22.4,0,11,18,Cards
146,4,0,0,0,422.52,1,0,0,5.6,0,8,24,Deposits
134,0,1,2,0,193.98,1,0,0,18.2,0,0,17,Cards
158,0,0,2,0,863.53,0,1,1,0.9,0,2,1,Mortgage
133,4,0,0,0,40.36,0,0,0,28.1,0,23,15,Deposits
162,1,4,1,0,58.97,1,1,0,12.0,1,9,4,Cards
167,3,2,2,0,1012.91,0,1,0,4.5,0,0,20,Mortgage
134,2,3,1,0,0.0,1,0,1,6.0,0,0,8,Cards
60,7,2,1,0,0.0,1,0,0,10.8,1,6,26,Deposits
151,1,1,1,0,96.53,1,1,0,17.2,0,8,9,Cards
92,2,2,0,0,65.98,1,0,0,28.3,0,19,20,Cards
96,1,2,0,0,19.62,0,0,0,14.1,1,11,15,Deposits
93,1,0,2,0,28.15,1,0,0,26.1,0,22,18,Deposits
125,1,0,0,0,0.0,0,0,0,24.3,1,0,26,Deposits
136,3,0,2,0,0.0,1,0,0,27.1,0,18,2,Deposits
243,7,1,0,0,0.0,0,1,1,16.4,1,4,16,Fair Lending
293,0,1,6,3,828.57,0,1,1,27.8,1,23,25,Fair Lending
145,0,2,4,0,552.35,1,1,0,0.9,1,15,24,Mortgage
157,2,2,3,0,991.39,1,0,0,14.1,0,16,14,Mortgage
160,2,2,1,1,44.98,1,1,0,16.3,0,23,10,Cards
141,0,2,4,0,1924.23,0,1,0,0.7,0,3,27,Mortgage
268,3,1,1,0,0.0,1,0,0,6.8,1,13,10,Fair Lending
128,0,3,2,0,1191.61,0,1,1,29.7,1,9,11,Mortgage
88,2,1,2,1,248.07,1,1,0,14.6,0,0,20,Cards
121,0,2,3,0,1694.56,1,1,0,25.8,0,17,7,Mortgage
120,2,4,1,0,315.26,1,0,0,4.3,0,5,17,Cards
130,2,2,3,1,0.0,1,1,0,16.2,0,11,16,Mortgage
124,2,1,1,0,10.75,1,0,1,17.6,0,1,22,Deposits
127,2,0,0,0,0.0,0,0,0,29.9,0,11,3,Deposits
159,0,0,1,0,67.95,1,0,0,0.3,0,5,25,Cards
160,1,3,2,0,1107.46,0,1,1,3.4,1,1,6,Mortgage
171,3,0,0,0,164.83,1,0,0,11.0,1,5,15,Deposits
159,1,2,2,1,113.54,1,0,0,4.2,0,14,27,Cards
104,4,0,2,0,54.89,0,0,0,6.6,0,16,11,Deposits
149,0,1,1,0,10.64,1,0,0,8.7,0,6,6,Cards
109,4,0,0,0,15.19,1,0,0,5.5,0,1,15,Deposits
134,4,0,0,0,46.97,1,0,0,1.5,0,9,13,Deposits
157,0,4,3,0,0.0,0,1,0,2.5,0,20,25,Mortgage
199,1,2,5,0,0.0,0,1,1,9.1,2,9,27,Mortgage
111,2,1,2,0,112.61,1,0,0,15.7,0,8,17,Cards
109,4,0,1,0,184.57,0,0,0,29.5,0,23,15,Deposits
191,1,3,3,0,254.07,1,1,0,4.0,1,13,13,Mortgage
112,1,2,0,0,50.9,1,1,0,16.9,0,20,14,Cards
151,1,3,0,0,58.84,1,0,0,17.2,0,22,26,Cards
113,2,0,0,1,42.2,1,0,0,27.8,1,15,2,Deposits
150,2,0,0,0,30.14,1,1,0,3.5,0,11,23,Deposits
146,1,3,0,1,238.2,1,0,0,12.4,0,15,19,Cards
132,0,1,0,0,0.0,1,1,0,15.0,0,20,6,Cards
177,0,2,0,0,218.29,1,0,0,23.0,1,11,10,Cards
140,4,0,1,0,57.67,0,1,0,28.3,1,11,22,Deposits
114,0,1,0,1,236.17,1,0,0,7.4,1,22,15,Cards
140,0,0,1,0,125.77,1,0,0,21.0,0,1,20,Cards
126,5,0,1,0,22.32,1,0,0,8.2,1,4,13,Deposits
91,1,3,2,0,115.69,1,0,0,22.4,0,9,5,Cards
103,1,1,2,0,2411.64,1,1,0,30.0,1,13,19,Mortgage
116,6,0,2,0,0.0,0,0,0,27.5,0,11,11,Deposits
56,2,0,1,0,51.36,1,1,0,17.0,0,1,12,Deposits
58,5,0,0,0,0.0,0,1,0,15.6,0,12,23,Deposits
328,1,3,5,1,4264.19,1,1,0,5.9,0,0,24,Fair Lending
318,2,1,0,0,122.98,1,0,0,10.9,1,11,7,Fair Lending
119,2,0,0,0,256.88,1,0,0,12.9,1,5,4,Deposits
133,1,0,0,0,156.81,1,0,0,8.5,0,10,19,Cards
135,3,0,1,0,48.87,1,1,0,3.9,1,22,20,Deposits
120,1,4,0,0,0.0,1,0,0,9.8,1,19,15,Cards
137,5,2,0,0,188.44,1,0,1,13.1,0,17,15,Cards
165,2,5,0,0,210.62,1,0,0,15.9,0,6,18,Cards
136,0,5,1,0,229.94,1,1,0,5.4,2,1,19,Cards
162,3,2,0,0,273.84,1,1,0,26.4,0,8,8,Cards
128,1,0,0,0,278.3,1,1,0,15.6,0,8,24,Cards
183,0,2,4,0,5432.33,1,1,0,14.4,0,13,23,Mortgage
89,2,0,0,0,284.07,0,0,0,16.8,0,18,16,Deposits
138,3,0,0,0,0.0,1,0,0,2.4,0,0,8,Deposits
89,1,0,2,0,13.84,1,0,0,9.2,2,20,22,Deposits
120,1,5,0,0,404.88,1,1,0,20.8,0,14,18,Cards
107,0,0,4,1,2202.43,0,1,0,7.8,0,11,11,Mortgage
149,1,3,1,0,91.7,1,0,0,15.6,0,4,13,Cards
137,3,0,1,0,86.74,1,1,0,1.7,0,23,24,Deposits
148,0,1,2,0,166.36,1,0,0,2.2,0,16,5,Cards
106,3,0,1,1,14.18,0,0,0,5.1,0,9,20,Deposits
74,3,0,1,0,0.0,0,1,0,26.0,0,14,3,Deposits
110,0,3,7,1,745.41,0,1,0,11.8,1,15,7,Mortgage
152,2,3,1,1,0.0,1,1,0,2.5,0,0,15,Cards
151,2,2,1,0,0.0,1,0,0,26.2,0,3,7,Fair Lending
98,6,0,0,0,45.87,0,0,0,20.1,0,4,25,Deposits
89,2,0,0,0,269.11,1,0,0,10.0,1,0,28,Deposits
133,0,3,1,0,176.13,1,1,0,10.9,0,5,17,Cards
133,1,0,0,0,0.0,0,0,0,9.7,0,20,7,Deposits
94,3,1,0,1,0.0,0,0,0,9.9,0,15,2,Deposits
135,3,0,0,0,106.28,0,0,0,30.0,0,2,19,Deposits
108,7,0,1,1,0.0,0,0,0,14.2,1,20,27,Deposits
84,2,3,0,0,298.5,1,0,1,21.3,1,4,18,Cards
139,0,2,3,0,475.29,0,1,0,0.9,1,15,17,Mortgage
165,4,0,0,1,44.23,1,0,0,18.7,0,23,16,Cards
128,4,1,1,0,53.42,1,0,0,7.7,0,3,26,Cards
129,0,3,4,1,602.52,1,1,0,0.3,1,3,26,Mortgage
63,2,0,2,0,59.93,0,0,0,18.4,1,1,25,Deposits
94,2,0,0,0,60.08,1,0,0,7.7,1,12,13,Deposits
138,0,4,1,0,110.77,1,0,0,17.1,1,12,14,Cards
147,1,2,5,0,1082.27,0,1,1,2.0,0,10,25,Mortgage
166,0,3,1,0,167.4,1,0,0,13.3,0,8,1,Cards
62,3,0,0,1,67.73,1,0,0,20.4,1,19,23,Deposits
69,2,1,0,0,44.11,0,1,0,10.6,0,23,2,Deposits
37,4,0,0,1,0.0,1,1,0,28.8,0,21,27,Deposits
143,1,4,0,0,169.06,1,0,0,26.0,3,12,27,Fair Lending
142,2,3,2,0,0.0,0,1,0,14.1,0,14,2,Fair Lending
99,5,0,0,0,248.76,1,0,0,24.0,0,22,16,Deposits
137,1,0,1,0,129.65,1,0,0,29.2,2,2,26,Cards
105,0,1,1,0,0.0,1,1,0,20.4,0,8,6,Cards
86,1,2,4,0,4196.21,0,1,0,21.9,1,17,4,Mortgage
76,2,0,0,0,135.81,0,0,0,10.6,0,13,15,Deposits
167,1,3,0,0,140.36,1,0,0,12.5,1,18,8,Cards
144,0,3,6,1,1949.83,1,1,0,20.1,0,5,23,Mortgage
117,0,0,0,0,125.94,1,0,0,15.0,0,21,2,Cards
127,0,1,4,0,973.55,0,1,1,22.5,2,22,4,Mortgage
169,0,1,0,1,34.28,1,0,0,2.2,0,22,21,Cards
94,0,2,1,1,65.54,1,0,0,5.3,1,16,10,Cards
177,2,0,3,1,5045.81,1,1,0,6.5,0,8,28,Mortgage
116,1,3,1,0,0.0,1,1,0,5.9,0,14,10,Cards
148,6,0,0,0,0.0,0,0,0,5.7,0,5,11,Deposits
109,1,2,2,0,516.51,1,0,0,3.8,0,8,13,Cards
51,6,0,0,0,64.34,0,0,0,23.4,0,8,28,Deposits
181,0,2,0,1,2563.34,0,1,0,20.4,1,15,2,Mortgage
115,2,0,0,0,278.09,1,1,0,25.6,0,23,3,Deposits
100,1,0,0,0,65.36,1,1,0,5.4,0,23,11,Deposits
168,0,3,0,0,229.05,1,1,1,10.8,0,15,9,Cards
78,0,0,2,0,36.83,1,0,0,14.2,0,19,12,Cards
90,2,1,0,0,96.16,1,0,0,9.4,0,7,19,Deposits
132,2,3,3,0,215.15,1,0,0,11.1,0,13,9,Cards
153,6,0,0,2,23.1,1,0,0,19.8,0,10,15,Deposits
135,4,0,0,0,39.93,0,0,0,2.2,0,17,12,Deposits
89,2,3,0,1,112.21,1,0,0,10.5,0,9,14,Cards
150,2,1,0,0,30.33,1,0,0,0.7,0,4,7,Deposits
144,2,3,2,1,300.48,1,1,0,0.5,0,23,12,Cards
183,1,4,2,0,289.1,1,0,0,1.8,0,2,23,Cards
150,2,0,1,0,38.24,1,1,0,6.7,1,7,27,Deposits
128,1,2,5,0,3091.05,1,1,0,25.6,2,14,16,Mortgage
91,0,5,0,0,179.21,1,0,0,25.7,0,20,4,Cards
117,2,0,3,0,33.9,1,0,1,8.0,1,20,20,Deposits
134,3,0,0,1,0.0,0,1,0,23.3,2,19,3,Deposits
126,5,0,0,0,545.63,1,0,0,14.8,1,18,21,Cards
117,1,1,2,0,1874.09,0,1,0,18.5,1,6,17,Mortgage
120,2,0,0,0,33.12,0,0,0,25.4,0,4,5,Deposits
145,0,2,2,0,1131.47,1,1,0,23.3,0,20,23,Mortgage
143,0,3,3,0,552.54,1,0,0,19.2,0,14,13,Mortgage
79,0,3,2,0,0.0,0,1,0,19.2,1,1,7,Fair Lending
60,0,1,0,0,0.0,1,1,0,14.5,0,10,22,Cards
92,2,0,0,0,73.92,1,1,0,2.7,0,17,2,Cards
133,3,0,1,0,99.22,0,0,0,13.7,0,2,7,Deposits
107,1,0,1,0,0.0,0,0,0,5.8,0,5,4,Deposits
159,1,0,0,0,0.0,0,0,0,10.0,0,5,12,Deposits
152,2,0,0,0,63.41,0,0,0,6.5,0,23,27,Deposits
102,6,0,0,0,107.05,0,0,1,9.5,0,18,17,Deposits
123,3,2,1,0,240.48,1,0,0,20.9,0,1,2,Cards
190,1,0,2,0,913.84,0,1,0,16.4,0,15,1,Mortgage
118,1,0,1,0,463.65,1,0,0,24.7,1,22,6,Cards
145,1,3,2,0,68.7,1,0,0,23.1,0,1,3,Cards
127,6,1,1,1,223.02,1,0,0,21.3,1,20,17,Deposits
135,2,0,1,0,65.1,1,1,0,12.5,0,15,13,Deposits
116,0,2,3,0,3442.77,1,1,0,25.9,1,20,7,Mortgage
110,0,3,0,1,172.63,1,1,0,1.7,2,21,6,Cards
142,0,1,6,0,0.0,1,1,0,23.1,1,12,13,Mortgage
148,1,4,0,1,209.17,1,0,0,21.8,0,23,6,Cards
130,2,0,0,0,0.0,0,0,0,1.7,1,3,3,Deposits
123,2,4,3,1,2077.79,1,1,0,7.0,0,5,15,Mortgage
121,1,1,2,1,3107.51,0,1,0,10.4,0,8,10,Mortgage
148,0,2,0,0,30.02,1,0,0,2.0,1,16,23,Cards
160,1,0,1,1,983.2,1,1,0,8.5,1,1,7,Mortgage
125,1,1,0,1,75.64,1,1,0,21.5,0,2,15,Cards
167,1,0,2,0,44.12,0,0,1,11.9,0,12,5,Deposits
125,3,0,0,0,134.66,0,1,0,21.9,1,3,12,Deposits
57,1,4,0,0,0.0,1,1,1,3.9,0,18,14,Fair Lending
119,0,2,0,0,147.91,1,0,0,28.3,0,18,15,Cards
128,0,3,0,0,319.09,1,0,0,7.7,0,6,7,Cards
156,1,3,0,0,1073.84,1,1,0,9.8,2,15,23,Mortgage
118,3,0,1,0,171.87,1,1,0,11.5,1,16,24,Deposits
119,3,0,1,0,15.21,0,1,0,7.5,0,23,3,Deposits
117,1,1,5,0,983.88,1,1,0,16.8,0,4,1,Mortgage
117,3,0,0,0,45.78,0,1,0,13.1,0,12,7,Deposits
154,2,1,0,0,134.3,1,0,0,29.7,0,4,9,Cards
158,3,2,0,0,91.01,1,0,0,3.9,0,22,19,Cards
173,2,0,1,0,3243.99,0,1,1,28.5,0,2,23,Mortgage
135,2,2,1,0,183.07,1,0,0,16.3,0,14,28,Cards
69,8,0,0,0,45.63,0,0,0,13.9,1,20,2,Deposits
92,3,0,1,1,0.0,1,0,0,14.6,2,0,1,Deposits
118,3,3,0,1,0.0,1,1,0,14.0,0,1,7,Cards
137,0,4,3,0,344.96,1,0,0,6.8,0,17,2,Cards
103,3,0,0,1,0.0,0,0,0,15.2,0,0,18,Deposits
101,0,3,1,0,427.94,1,1,0,23.8,1,2,17,Cards
119,0,1,0,0,50.44,1,0,0,6.0,0,2,18,Cards
170,0,0,4,0,2155.63,1,1,0,8.5,0,7,13,Mortgage
236,1,1,2,1,5627.3,0,1,1,4.3,1,2,24,Fair Lending
119,1,2,2,0,65.15,1,0,0,11.2,1,17,1,Cards
132,0,2,2,0,102.28,1,1,0,12.6,0,21,25,Cards
91,1,0,0,0,53.08,0,0,0,26.0,1,9,26,Deposits
161,1,0,1,0,36.26,1,1,0,23.5,1,5,18,Cards
141,0,1,2,0,1751.11,1,1,0,1.9,0,20,10,Mortgage
170,2,0,0,0,89.04,0,0,0,24.6,0,5,20,Deposits
184,2,5,1,0,0.0,1,0,1,7.4,0,19,17,Cards
172,5,0,3,0,33.95,1,0,0,29.9,0,16,14,Deposits
118,2,1,0,0,389.33,0,0,0,6.5,1,13,22,Deposits
152,0,3,1,0,2975.15,1,1,0,22.1,1,16,12,Mortgage
190,0,3,4,0,1969.58,1,1,1,25.7,0,1,22,Mortgage
90,1,1,0,0,94.39,1,0,0,20.0,1,2,8,Cards
92,0,1,0,0,0.0,1,0,1,12.8,0,17,6,Cards
158,0,1,0,0,329.99,1,0,0,27.8,0,3,19,Cards
186,1,3,5,1,1384.92,0,1,0,21.5,1,1,4,Mortgage
73,2,0,1,1,113.31,1,0,0,15.2,0,19,24,Deposits
168,6,1,0,0,5.76,0,0,0,20.4,0,5,17,Deposits
151,2,2,0,0,44.37,1,0,0,15.6,1,16,11,Cards
158,1,2,0,0,56.77,1,0,0,15.3,0,5,2,Cards
115,1,0,0,0,0.0,1,0,0,14.6,2,6,11,Cards
79,4,0,1,0,20.36,1,1,0,22.1,2,1,19,Deposits
154,0,2,3,0,417.25,0,1,0,12.1,0,8,6,Mortgage
144,1,1,1,0,668.92,1,1,1,21.0,0,9,21,Mortgage
121,1,0,0,0,1727.15,1,1,1,26.4,1,14,14,Mortgage
106,2,0,2,0,20.11,1,0,0,17.7,1,21,27,Deposits
165,2,2,2,0,150.58,1,0,0,25.1,0,2,6,Cards
72,1,2,1,0,83.26,1,0,0,8.9,0,17,9,Cards
100,3,2,0,0,20.68,1,0,0,9.3,1,1,2,Deposits
149,0,3,2,0,0.0,1,1,0,24.5,0,10,17,Cards
133,0,3,2,0,1109.92,1,1,0,0.7,0,14,17,Mortgage
112,2,1,0,1,574.63,1,0,0,19.7,1,0,21,Cards
147,2,3,2,0,92.33,1,0,0,27.1,2,6,4,Cards
124,3,1,1,1,171.08,1,0,0,21.7,0,4,18,Cards
130,0,0,2,0,1470.2,1,1,1,24.9,0,12,21,Mortgage
162,0,1,1,0,197.92,1,1,0,12.4,0,14,14,Cards
104,6,0,0,2,68.19,0,0,0,10.0,0,17,14,Deposits
106,2,2,3,0,277.54,1,1,0,6.0,1,0,7,Cards
94,1,2,0,0,460.25,1,1,0,8.3,1,9,2,Cards
140,0,1,3,1,1121.37,0,1,0,13.9,0,3,7,Mortgage
167,1,2,0,0,411.42,1,0,0,4.1,0,10,7,Cards
172,0,2,4,0,0.0,1,1,1,14.0,2,2,1,Cards
72,3,1,1,1,56.92,1,1,0,7.1,0,3,4,Deposits
167,3,1,0,0,216.36,1,0,1,12.7,2,20,23,Cards
171,1,2,3,0,217.18,1,0,0,24.2,1,8,8,Cards
119,3,1,0,2,44.43,1,0,0,8.5,0,7,26,Cards
180,0,3,7,0,2376.54,1,1,0,7.9,0,7,17,Mortgage
103,5,0,1,0,44.73,1,1,0,17.4,2,23,6,Deposits
122,1,3,0,1,0.0,1,0,0,7.6,0,0,5,Cards
114,1,2,1,0,71.99,1,0,0,1.9,0,18,1,Cards
168,0,4,1,0,98.93,1,0,0,24.6,1,10,6,Cards
155,0,2,4,0,1307.05,1,1,0,24.7,1,2,28,Mortgage
91,4,0,0,0,56.34,0,0,0,15.1,0,16,5,Deposits
123,1,2,3,1,799.52,1,1,0,26.6,0,23,12,Mortgage
147,3,2,1,0,207.66,0,1,0,8.4,0,1,19,Deposits
105,1,1,1,0,93.44,1,1,0,27.7,1,22,26,Cards
105,4,0,0,0,261.45,1,0,0,11.2,2,6,12,Deposits
201,1,3,1,1,531.11,1,0,0,19.9,3,13,17,Fair Lending
85,2,0,1,0,0.0,0,1,0,19.6,1,12,23,Deposits
141,0,0,1,1,489.85,1,0,0,8.1,1,20,4,Cards
72,1,1,4,1,1314.04,0,1,0,0.9,0,21,14,Fair Lending
141,2,3,2,0,472.33,1,0,0,5.8,0,5,20,Cards
129,3,2,1,0,66.23,1,0,0,21.3,0,13,13,Cards
143,1,3,3,0,2360.85,0,1,0,28.6,0,23,18,Mortgage
169,0,1,1,0,1967.5,0,1,0,1.4,1,20,28,Mortgage
177,2,4,1,0,58.48,1,0,0,6.1,0,2,2,Cards
118,1,2,3,0,3331.13,0,1,0,7.2,0,7,8,Mortgage
277,4,1,0,0,61.14,1,1,0,27.3,0,15,2,Fair Lending
79,4,0,1,0,0.0,0,0,0,20.6,0,10,9,Deposits
162,4,0,0,0,19.6,1,0,0,26.3,0,11,26,Deposits
108,1,4,0,0,395.2,1,1,0,11.2,0,23,15,Cards
87,2,0,0,0,0.0,0,1,0,28.6,0,20,8,Deposits
116,2,2,1,0,118.12,1,0,0,28.4,0,13,10,Cards
183,1,1,0,1,343.42,1,0,0,23.9,0,13,25,Cards
177,0,0,6,0,15342.32,0,1,0,15.8,0,23,22,Mortgage
166,3,0,0,1,181.51,1,0,0,7.6,0,4,28,Cards
111,2,0,0,0,161.64,1,0,0,21.7,0,23,11,Deposits
78,4,3,0,1,55.16,1,0,0,13.3,0,22,21,Cards
79,8,0,0,0,26.56,1,1,0,18.9,0,5,22,Deposits
147,1,0,3,0,1368.62,0,1,0,15.1,0,18,11,Mortgage
121,1,2,3,1,521.0,0,0,1,15.1,0,18,8,Mortgage
192,1,1,1,0,1860.12,0,1,0,17.4,0,17,23,Mortgage
106,1,1,0,0,147.43,1,1,0,18.6,1,23,4,Cards
167,1,3,1,0,187.08,1,0,0,22.7,0,4,25,Cards
150,1,2,2,0,1290.27,0,1,0,18.9,1,21,21,Mortgage
132,4,0,1,0,0.0,0,0,0,3.5,0,15,25,Deposits
200,1,3,6,0,825.16,1,1,0,29.3,0,21,2,Mortgage
104,3,0,0,0,48.04,0,0,0,4.3,0,18,20,Deposits
126,3,0,0,1,85.01,1,0,0,8.9,1,19,16,Deposits
155,0,2,1,0,549.6,1,1,0,19.8,1,13,26,Mortgage
127,0,2,1,0,178.08,1,1,1,17.3,0,3,22,Cards
136,0,1,1,1,118.12,1,1,0,3.3,0,6,24,Cards
128,0,1,1,0,415.99,1,1,0,29.0,0,15,16,Cards
101,2,0,0,0,24.74,1,1,0,0.2,0,11,27,Cards
132,2,5,1,0,0.0,1,0,0,17.7,1,6,3,Cards
191,1,4,2,0,2586.36,1,1,0,5.4,1,19,6,Mortgage
105,2,2,1,0,502.65,1,0,0,28.4,0,11,4,Cards
178,0,1,4,0,1376.64,0,1,0,14.9,0,21,18,Mortgage
245,2,0,1,0,0.0,1,0,1,13.3,0,17,4,Fair Lending
162,0,2,2,0,1795.58,0,1,0,17.3,0,21,16,Mortgage
172,1,1,1,1,71.34,1,0,0,6.9,0,4,18,Cards
142,0,0,4,0,1573.95,0,1,0,25.3,0,22,26,Mortgage
186,1,0,0,0,0.0,1,0,0,23.0,1,1,8,Cards
129,4,0,0,1,31.61,0,1,0,1.1,1,9,19,Deposits
336,0,1,3,2,3865.63,1,1,0,12.8,0,13,8,Fair Lending
149,1,3,2,1,321.02,1,0,0,14.0,0,23,1,Cards
92,3,0,0,0,64.28,1,0,0,23.4,2,4,23,Deposits
100,5,0,0,0,239.4,1,1,0,12.9,0,15,16,Deposits
115,2,0,0,0,158.46,1,1,0,17.1,0,4,22,Cards
164,1,1,1,0,316.16,1,0,0,8.1,1,12,28,Cards
105,0,2,3,0,1632.58,1,1,0,0.5,1,0,5,Mortgage
144,7,0,0,0,183.26,1,1,0,25.9,1,22,10,Deposits
79,3,0,0,0,0.0,0,0,0,5.0,0,21,17,Deposits
93,1,1,1,0,130.18,1,1,0,4.3,0,8,3,Cards
174,2,0,0,0,64.57,1,0,0,9.5,0,8,16,Deposits
58,1,2,1,1,180.81,1,0,0,20.2,0,0,3,Cards
69,6,0,2,0,0.0,0,0,0,21.0,0,6,10,Deposits
125,0,2,3,1,2731.79,0,1,0,17.3,0,14,19,Mortgage
131,0,3,1,0,3146.47,1,1,0,6.2,0,9,13,Mortgage
156,1,4,1,0,209.12,1,0,0,22.3,0,21,9,Cards
112,3,0,1,0,152.46,1,1,0,22.1,0,23,2,Deposits
185,0,2,1,0,0.0,1,1,0,5.0,0,3,12,Mortgage
134,1,1,1,0,406.1,1,0,0,19.9,0,13,1,Cards
130,4,0,0,0,0.0,1,1,0,25.7,0,13,26,Deposits
155,1,1,0,0,227.52,1,1,0,1.0,0,17,14,Mortgage
229,0,1,5,1,2208.45,0,1,0,14.5,1,5,21,Mortgage
128,1,4,1,0,224.18,1,0,0,4.7,0,13,5,Cards
88,2,1,0,0,111.34,1,0,0,16.2,1,20,17,Cards
158,1,3,2,0,217.9,1,0,0,2.4,0,16,9,Cards
136,2,2,1,0,158.93,1,1,0,13.2,0,15,27,Cards
130,0,1,1,0,248.68,1,0,0,16.5,1,4,19,Cards
60,3,0,1,1,0.0,1,1,1,6.5,0,13,16,Fair Lending
126,1,1,2,0,371.95,1,1,1,1.2,1,4,6,Mortgage
124,0,3,1,0,1072.51,0,1,0,26.1,0,14,3,Mortgage
128,3,1,0,0,42.54,1,0,0,19.3,0,0,2,Deposits
159,0,2,0,0,74.45,1,1,0,26.9,0,11,15,Cards
161,2,4,1,1,0.0,1,0,1,0.6,0,18,24,Cards
109,4,0,0,0,24.87,1,0,0,18.9,0,3,16,Deposits
185,1,1,5,2,1556.59,0,1,0,18.6,1,1,27,Mortgage
42,1,3,1,0,368.0,1,0,0,28.9,0,14,18,Cards
100,4,0,1,0,0.0,0,0,0,12.0,0,6,27,Deposits
160,1,3,4,0,1892.61,0,1,0,28.3,1,12,6,Mortgage
89,5,0,0,1,14.01,1,0,0,24.3,0,10,11,Deposits
120,1,1,5,0,0.0,0,1,0,10.4,1,10,20,Mortgage
147,1,2,0,0,578.34,1,0,0,3.5,1,12,12,Cards
69,0,0,1,0,29.85,0,0,0,28.9,0,6,10,Deposits
178,0,2,3,0,116.54,1,0,0,19.9,0,22,7,Cards
147,2,0,0,1,74.71,1,0,0,11.7,0,3,9,Deposits
189,0,0,2,0,2343.78,0,0,0,10.5,0,14,13,Mortgage
80,1,2,4,0,2422.05,1,1,0,4.8,0,9,11,Mortgage
133,2,0,2,0,0.0,0,0,0,20.7,0,3,8,Deposits
144,1,4,2,1,0.0,1,1,0,6.2,1,7,16,Cards
152,1,3,0,0,228.99,1,0,0,23.3,1,19,19,Cards
153,2,0,1,0,15.25,0,0,0,3.1,1,9,13,Deposits
72,3,0,1,0,50.28,0,0,0,22.0,2,0,8,Deposits
181,0,2,3,0,760.95,0,1,1,20.6,0,1,24,Mortgage
205,0,2,3,1,1823.53,1,1,0,22.4,0,20,7,Mortgage
158,2,3,0,1,204.33,1,0,0,25.4,0,10,4,Cards
129,0,0,0,0,247.82,1,1,0,10.6,1,8,15,Cards
148,1,1,6,1,0.0,0,1,0,26.7,0,11,11,Mortgage
179,0,0,0,0,124.74,1,0,0,26.8,0,18,2,Cards
90,3,0,0,0,164.25,0,0,0,9.0,0,9,19,Deposits
118,0,3,2,0,51.75,1,0,0,3.3,0,6,14,Cards
156,0,0,1,0,4897.48,0,1,0,29.6,2,5,4,Mortgage
144,2,0,1,0,111.02,0,0,0,6.3,0,21,8,Deposits
115,1,1,0,0,263.43,1,1,0,26.6,0,16,16,Cards
83,1,0,3,0,3036.62,0,1,0,2.9,0,10,12,Mortgage
136,0,2,1,0,259.98,1,1,0,13.7,0,5,14,Cards
117,1,3,4,0,108.93,0,0,0,10.2,1,10,28,Cards
83,2,0,2,0,71.16,1,0,0,4.0,0,8,6,Deposits
203,0,0,5,0,4599.32,0,1,0,26.2,0,2,5,Mortgage
147,0,1,0,0,752.48,1,0,0,5.5,1,22,22,Cards
110,2,1,0,0,43.12,0,1,0,16.2,0,21,19,Deposits
128,2,0,0,0,30.19,0,1,0,16.6,0,18,1,Deposits
212,3,0,1,0,30.09,0,0,0,27.6,1,11,5,Deposits
136,3,0,2,0,30.69,0,0,0,13.3,1,15,8,Deposits
232,0,2,3,0,0.0,0,1,0,27.2,0,11,23,Mortgage
109,2,0,0,0,50.37,0,1,0,19.4,1,22,13,Deposits
185,0,0,3,0,428.5,1,1,0,9.8,1,14,13,Mortgage
173,0,1,5,2,1497.17,0,1,0,0.2,2,5,9,Mortgage
83,2,1,0,1,228.19,0,1,0,23.9,0,13,3,Deposits
156,1,1,5,1,632.54,0,1,0,11.8,0,12,25,Mortgage
149,5,1,0,0,0.0,0,1,0,11.9,0,10,10,Deposits
120,2,2,2,0,441.24,1,0,0,18.4,0,7,4,Cards
258,0,3,6,0,652.27,0,1,0,18.2,0,13,7,Fair Lending
183,2,1,0,0,434.46,0,1,0,20.9,0,20,27,Mortgage
142,1,3,1,0,35.51,1,0,0,21.4,0,10,18,Cards
96,2,1,1,0,0.0,1,1,0,7.9,0,4,10,Cards
149,0,3,0,0,165.39,1,1,0,28.0,1,8,16,Cards
123,3,0,2,0,0.0,1,0,0,19.8,0,3,7,Deposits
84,2,0,0,0,180.04,0,0,0,11.4,1,10,28,Deposits
142,0,5,1,0,66.98,0,1,0,2.5,1,2,3,Cards
103,0,2,4,0,4175.59,1,1,0,0.5,0,21,8,Mortgage
118,3,0,1,0,15.47,1,0,0,19.9,0,11,14,Deposits
114,1,0,0,0,0.0,0,0,0,17.7,0,13,24,Deposits
104,4,0,1,0,43.15,1,1,0,29.1,0,5,28,Deposits
110,2,0,2,0,142.85,1,0,0,6.8,0,10,18,Cards
121,2,4,0,0,169.47,1,1,0,8.0,0,12,9,Cards
133,1,1,1,0,574.51,1,1,0,13.1,0,9,6,Cards
136,2,0,0,0,139.97,0,0,0,7.7,0,17,7,Deposits
102,1,0,1,0,293.66,0,0,0,18.8,1,5,17,Deposits
122,4,2,1,0,22.98,0,0,0,28.5,0,22,16,Deposits
154,2,0,0,0,120.27,1,0,0,24.7,0,1,17,Cards
112,2,0,0,0,10.01,1,0,0,8.6,0,19,13,Deposits
159,1,3,4,0,708.83,0,1,0,2.7,1,4,18,Mortgage
127,1,3,0,0,254.98,1,0,0,11.7,0,1,10,Cards
248,0,1,3,3,1445.52,0,1,0,10.6,0,5,1,Fair Lending
66,3,1,1,0,97.26,1,1,0,7.5,0,7,19,Deposits
87,1,0,1,0,0.0,1,0,0,23.1,0,5,10,Deposits
191,0,1,4,1,1261.4,0,1,0,1.6,0,7,23,Mortgage
123,3,1,0,0,0.0,1,0,0,14.7,0,10,11,Deposits
196,0,1,1,0,1720.89,0,1,0,11.4,0,1,27,Mortgage
112,0,2,4,1,810.83,0,1,1,2.2,0,21,16,Mortgage
141,0,3,0,0,3684.3,0,1,0,2.9,0,5,23,Mortgage
164,3,0,2,0,530.18,1,1,0,22.4,0,8,3,Mortgage
81,5,1,3,1,0.0,1,0,0,0.6,1,10,6,Cards
120,4,0,1,0,57.86,0,0,0,4.8,1,2,25,Deposits
192,0,0,1,0,1250.45,1,1,0,24.5,0,13,1,Mortgage
190,1,2,0,0,365.19,1,1,0,19.8,1,12,26,Cards
141,3,0,0,0,18.29,0,0,0,24.9,1,23,4,Deposits
150,0,0,3,0,0.0,0,1,0,21.0,0,19,5,Mortgage
151,3,3,0,1,283.18,1,0,0,2.8,0,23,18,Cards
108,3,0,0,0,55.0,1,0,0,22.8,1,7,22,Deposits
88,1,1,1,1,36.36,1,0,0,28.1,0,19,6,Deposits
84,0,0,3,0,0.0,1,0,0,4.9,0,17,13,Cards
95,0,0,0,1,1043.35,1,1,0,6.6,0,11,6,Deposits
153,0,0,2,0,1357.5,1,1,0,2.9,1,19,24,Mortgage
110,0,0,0,0,389.04,1,0,0,28.8,0,2,15,Cards
112,5,0,0,0,55.68,1,0,0,16.1,0,21,23,Deposits
117,0,1,0,0,382.79,0,0,0,24.0,0,11,22,Deposits
98,2,3,2,0,236.58,1,0,0,12.7,0,17,5,Cards
130,1,2,0,0,215.88,1,1,0,15.5,0,3,4,Cards
151,1,0,4,0,789.01,1,1,0,25.1,0,14,14,Fair Lending
127,0,1,1,0,54.27,1,0,0,7.2,0,10,16,Cards
127,8,0,0,0,79.65,0,0,0,1.0,0,22,23,Deposits
140,0,1,2,0,0.0,1,0,0,10.9,0,11,4,Cards
109,0,4,0,0,1621.9,1,1,0,20.4,0,10,26,Mortgage
234,0,1,2,0,2182.3,1,1,1,20.9,0,1,2,Mortgage
83,4,0,0,0,128.49,1,0,0,4.4,1,22,18,Deposits
177,2,4,0,1,299.28,1,0,0,28.6,0,0,26,Cards
84,3,0,1,0,0.0,1,0,0,11.0,0,4,25,Deposits
125,1,2,2,0,229.79,1,1,0,25.5,0,17,28,Cards
111,4,0,0,0,46.38,1,1,0,25.6,0,3,1,Deposits
158,0,3,4,0,0.0,1,1,0,16.1,1,4,6,Fair Lending
103,1,3,1,1,0.0,1,0,0,2.6,0,20,16,Cards
145,0,1,1,0,1468.04,0,1,1,20.0,0,6,25,Mortgage
117,1,0,2,1,301.86,0,0,0,27.1,0,10,10,Deposits
104,3,0,0,0,293.88,0,0,0,9.9,0,20,9,Deposits
120,1,1,5,0,3283.85,1,1,1,2.3,0,8,9,Mortgage
141,1,0,3,0,1111.59,1,1,0,18.9,1,11,14,Mortgage
138,0,0,7,0,2577.67,0,1,1,14.3,1,1,17,Mortgage
148,0,3,1,0,545.35,1,0,0,15.8,0,8,19,Cards
84,0,1,1,2,129.81,1,1,0,22.0,0,10,28,Fair Lending
154,2,3,0,0,869.91,1,0,0,17.9,1,4,12,Cards
128,1,2,2,0,127.36,1,1,0,11.9,0,7,27,Cards
147,1,2,0,0,0.0,1,0,0,17.2,1,4,28,Cards
139,2,3,2,0,0.0,1,0,1,27.6,0,7,24,Cards
104,2,0,0,0,27.73,1,0,0,20.7,0,12,25,Deposits
82,8,0,2,0,28.85,1,1,0,20.3,0,4,10,Deposits
142,1,1,3,0,2303.19,1,1,1,3.0,0,23,27,Mortgage
66,1,2,3,0,583.6,0,1,0,25.5,0,7,20,Fair Lending
163,0,0,3,0,0.0,0,1,0,12.4,0,17,15,Mortgage
162,3,0,0,0,0.0,0,0,0,24.9,0,2,1,Deposits
147,2,3,0,0,124.57,1,1,0,11.1,0,11,28,Cards
98,3,3,0,0,62.95,1,0,0,14.2,1,13,20,Cards
192,0,1,4,0,746.74,1,1,1,13.1,0,5,4,Mortgage
176,0,1,2,0,510.33,0,1,0,5.7,0,21,25,Mortgage
125,0,2,3,1,15593.03,1,1,0,10.8,1,14,5,Mortgage
44,4,0,0,0,129.84,1,1,1,28.0,0,13,13,Fair Lending
105,2,0,0,1,127.03,1,0,0,15.7,0,5,26,Cards
151,0,2,2,0,2888.27,0,1,0,26.5,0,5,8,Mortgage
107,0,0,1,0,2387.6,0,1,0,2.7,0,23,3,Mortgage
130,3,2,2,0,293.41,1,0,0,29.8,1,22,1,Cards
138,0,3,0,0,93.33,1,0,0,5.6,0,12,1,Cards
316,1,1,0,0,0.0,1,0,0,9.0,1,6,10,Fair Lending
130,3,0,2,0,70.37,1,1,0,3.4,1,19,16,Deposits
121,0,4,1,0,0.0,1,0,0,2.4,0,22,20,Cards
91,4,0,0,0,0.0,1,1,1,22.0,1,13,6,Fair Lending
131,0,4,0,0,193.82,1,0,0,13.6,1,9,15,Cards
151,0,2,0,0,97.38,1,0,0,14.8,2,10,22,Cards
175,2,1,1,0,21.45,1,0,0,7.9,1,21,20,Cards
154,0,1,4,1,4745.79,1,1,0,21.9,0,1,21,Mortgage
140,2,0,1,0,0.0,1,0,0,5.4,1,19,28,Deposits
175,2,1,0,0,0.0,1,1,0,0.4,0,16,24,Cards
140,1,0,0,0,198.87,0,1,0,18.8,1,8,14,Deposits
156,3,0,0,1,42.88,0,0,0,23.6,1,7,3,Deposits
139,1,3,2,0,67.74,1,1,0,10.4,0,14,3,Cards
161,0,1,2,0,6056.57,0,1,0,11.6,0,7,16,Mortgage
127,3,0,0,0,181.1,1,0,0,0.2,0,22,16,Deposits
160,2,1,0,0,83.58,0,0,0,3.0,0,2,21,Deposits
124,0,4,7,0,1779.79,1,1,0,11.6,1,23,26,Mortgage
89,4,5,1,1,72.24,1,0,0,5.7,0,2,27,Cards
133,0,2,1,0,1754.59,0,1,1,14.8,0,4,28,Mortgage
59,4,0,1,0,0.0,0,0,0,15.7,0,15,2,Deposits
156,1,1,0,0,32.97,1,0,0,1.4,0,21,5,Cards
216,0,1,1,0,1284.74,0,1,0,17.3,0,1,15,Mortgage
117,2,0,0,0,177.32,1,0,0,28.4,1,9,8,Cards
118,1,1,2,0,275.75,1,1,0,26.7,0,13,26,Cards
140,0,0,5,0,724.56,0,1,0,2.2,1,9,3,Mortgage
129,1,1,0,1,71.22,1,1,1,17.7,0,18,9,Cards
70,0,1,4,0,0.0,0,1,1,11.0,1,16,8,Fair Lending
178,0,1,1,0,314.34,1,0,0,3.5,2,22,18,Cards
131,2,1,5,0,1277.65,1,1,0,22.9,1,3,1,Mortgage
93,3,0,0,1,134.16,1,1,0,5.0,0,14,2,Deposits
107,3,0,1,0,0.0,1,1,0,4.0,0,2,28,Deposits
164,1,2,2,0,296.95,1,1,0,25.4,0,0,16,Cards
90,0,4,0,0,153.09,1,1,0,22.8,2,1,13,Cards
71,1,2,1,0,0.0,0,0,1,14.1,0,5,18,Cards
150,1,4,0,1,326.68,1,0,0,4.9,1,11,6,Cards
152,0,0,4,0,1035.09,0,1,0,28.5,1,17,26,Mortgage
164,2,1,0,0,82.51,1,0,1,15.1,0,20,22,Cards
128,2,1,0,0,0.0,0,1,0,15.9,0,4,4,Fair Lending
174,2,3,1,0,92.21,1,1,0,27.3,0,4,5,Cards
83,1,0,0,0,20.31,1,0,1,5.4,1,9,18,Deposits
180,1,4,0,0,287.16,1,0,1,23.7,0,21,20,Cards
188,0,1,2,0,354.18,1,1,1,28.3,1,1,17,Mortgage
104,4,0,0,0,67.97,0,0,0,28.4,0,22,12,Deposits
162,0,1,0,0,26.5,1,1,0,16.8,0,10,9,Cards
107,4,0,0,0,57.02,0,1,0,11.2,0,6,24,Deposits
111,0,3,1,0,93.33,1,0,0,5.4,0,10,3,Cards
157,1,0,2,0,186.48,1,1,0,25.5,1,0,1,Cards
130,2,1,0,1,210.88,0,0,0,25.6,0,23,16,Cards
254,1,5,0,1,0.0,1,0,1,27.9,1,21,18,Fair Lending
194,1,3,1,0,485.73,1,1,0,0.9,1,11,6,Mortgage
95,2,0,1,0,0.0,1,1,0,29.0,0,3,16,Deposits
174,0,1,5,1,2886.7,1,1,0,25.9,1,13,12,Mortgage
114,1,0,0,0,0.0,0,1,0,6.4,0,15,24,Deposits
155,0,0,1,0,14363.75,0,1,0,29.0,0,6,7,Mortgage
143,3,0,0,0,36.39,0,0,0,8.5,0,1,12,Deposits
113,4,0,0,0,136.68,0,1,0,12.1,0,2,5,Deposits
151,0,2,5,0,1986.28,1,1,0,19.0,1,22,3,Mortgage
160,0,3,1,0,6093.0,0,1,0,1.0,0,3,14,Mortgage
132,0,2,5,0,630.39,1,1,0,29.8,0,1,14,Mortgage
201,0,2,3,0,2859.76,0,1,0,17.3,0,19,1,Mortgage
112,1,3,1,0,140.73,1,1,0,21.1,1,2,5,Cards
113,5,0,1,0,19.19,1,0,0,22.5,1,2,14,Deposits
123,2,0,0,0,22.11,1,0,0,18.3,0,17,19,Deposits
105,4,0,1,0,64.71,0,1,0,18.6,0,0,4,Deposits
37,0,1,1,1,0.0,1,1,1,28.2,1,5,23,Fair Lending
130,4,0,0,0,0.0,1,0,0,22.4,0,21,3,Deposits
255,0,0,7,0,694.6,1,1,0,14.8,1,15,21,Fair Lending
152,2,1,2,0,32.65,1,0,0,6.5,1,21,20,Cards
130,0,3,0,0,163.77,1,0,0,10.8,1,3,4,Cards
140,8,0,0,0,0.0,1,0,0,12.4,0,19,27,Deposits
150,0,2,0,1,242.16,1,0,0,14.0,0,14,27,Cards
92,3,0,1,2,0.0,0,0,0,27.8,0,1,4,Deposits
114,1,2,0,0,0.0,1,1,0,11.4,0,19,23,Cards
105,0,1,3,0,1166.93,0,1,0,29.3,1,15,16,Mortgage
124,7,0,1,0,0.0,1,0,0,28.2,1,2,7,Deposits
163,1,4,1,1,0.0,1,1,0,5.0,0,19,18,Cards
179,1,1,4,0,2859.85,1,1,0,0.5,0,21,10,Mortgage
146,0,3,1,0,115.97,1,1,1,29.7,0,5,22,Cards
106,1,0,0,0,69.1,1,0,0,20.4,0,11,19,Deposits
75,2,0,0,0,95.73,0,0,0,12.0,0,22,28,Deposits
86,2,3,0,0,50.84,1,0,0,8.1,1,4,21,Cards
183,0,2,3,0,1250.66,1,1,0,2.6,0,15,8,Mortgage
175,0,0,3,0,3984.81,0,1,0,3.8,0,5,8,Mortgage
132,5,3,0,0,139.09,1,1,0,3.3,0,17,3,Cards
73,4,2,0,1,65.1,0,0,0,25.5,0,5,27,Deposits
104,2,1,1,0,1125.11,0,0,0,6.6,0,2,10,Cards
106,4,0,0,1,43.18,0,1,0,2.4,0,12,5,Deposits
150,4,0,1,0,23.28,0,0,0,28.9,1,8,23,Deposits
138,5,1,0,0,0.0,0,0,0,18.2,0,0,18,Deposits
139,2,6,0,0,38.92,1,0,0,23.8,0,3,15,Cards
159,0,0,7,0,954.63,1,1,0,13.0,2,2,12,Mortgage
87,1,0,0,0,0.0,0,0,0,5.5,1,17,18,Deposits
153,0,2,3,0,2192.19,1,1,0,24.3,1,3,24,Mortgage
123,3,0,2,0,52.86,1,1,0,3.6,1,15,1,Deposits
134,0,1,3,0,1914.31,0,1,1,3.0,0,19,1,Mortgage
58,0,0,1,1,68.87,1,0,0,26.5,2,7,16,Cards
158,3,0,1,0,192.98,1,0,0,4.1,1,23,6,Cards
134,1,2,2,1,0.0,1,1,0,22.4,1,14,27,Mortgage
188,0,4,0,0,92.68,1,1,0,15.9,1,14,26,Cards
110,2,0,0,0,94.25,0,0,0,14.5,0,17,4,Deposits
90,2,0,1,0,0.0,1,0,0,10.0,0,7,27,Deposits
158,1,2,0,0,91.81,1,0,0,20.3,1,13,3,Cards
152,4,1,1,0,0.0,0,1,0,9.1,0,22,17,Deposits
131,1,2,0,1,0.0,1,0,0,23.0,0,7,3,Cards
146,1,2,4,0,875.33,0,1,0,14.7,0,22,15,Mortgage
140,2,1,0,0,37.88,1,0,0,21.3,2,8,5,Deposits
68,3,0,1,1,184.9,0,0,1,21.3,3,9,6,Fair Lending
123,0,3,1,0,62.44,1,0,0,16.5,0,6,5,Cards
126,0,0,1,0,26.33,1,1,0,12.7,0,3,26,Deposits
132,1,0,0,0,8.11,1,0,0,6.1,0,7,24,Deposits
117,2,3,0,0,21.61,0,0,0,18.6,1,21,19,Cards
180,0,4,3,0,913.08,0,1,1,18.4,1,1,17,Mortgage
143,0,2,3,0,92.13,1,0,0,24.8,0,15,20,Cards
142,4,4,2,0,369.03,1,0,0,17.9,1,21,23,Cards
92,4,0,2,0,20.83,0,0,0,3.7,2,6,8,Deposits
120,5,1,0,0,104.53,1,0,0,5.8,1,17,5,Deposits
166,0,0,3,0,1611.5,1,1,0,16.5,0,20,26,Mortgage
76,2,4,0,1,128.22,0,1,1,15.4,0,7,23,Fair Lending
149,2,2,0,1,36.0,1,0,0,5.9,0,3,28,Cards
53,6,1,0,1,70.54,1,0,0,6.4,0,18,10,Deposits
165,1,4,1,0,0.0,1,1,0,7.0,1,7,20,Cards
119,4,0,0,0,0.0,1,1,0,21.5,0,5,24,Deposits
169,0,2,2,0,948.57,1,1,0,8.9,0,0,3,Mortgage
189,0,0,4,0,1123.04,0,1,0,5.8,0,1,25,Mortgage
163,0,2,3,0,1833.52,1,1,0,0.7,0,17,3,Mortgage
124,5,0,0,0,28.6,0,0,0,16.9,0,23,18,Deposits
199,1,0,5,0,5148.06,0,1,1,3.1,0,11,22,Mortgage
171,0,1,1,0,224.62,1,1,0,5.1,0,13,16,Cards
91,1,3,0,0,89.19,1,0,1,28.4,0,10,6,Cards
118,1,0,0,0,125.44,1,0,0,3.4,1,14,25,Deposits
111,0,1,3,0,1062.32,0,1,0,22.7,1,5,24,Mortgage
165,1,1,0,0,148.09,1,1,0,7.5,1,20,27,Cards
82,2,0,0,1,80.45,1,0,0,9.4,0,14,26,Cards
129,0,1,4,0,1775.34,0,1,0,8.8,0,13,17,Mortgage
92,0,3,4,1,612.33,0,1,0,24.2,1,6,3,Mortgage
123,1,3,0,1,189.95,1,0,0,1.7,0,15,18,Cards
107,0,2,1,0,396.36,1,0,0,9.6,0,12,10,Cards
112,3,0,1,0,189.16,1,0,0,7.7,0,8,22,Cards
94,0,1,1,0,337.9,1,0,0,9.2,1,1,28,Cards
104,2,3,0,0,102.19,1,1,0,21.9,2,0,7,Cards
64,2,0,0,0,23.52,1,0,0,5.1,1,7,15,Deposits
152,0,2,5,0,1492.38,1,0,0,7.2,1,21,2,Mortgage
168,1,4,0,0,0.0,1,1,0,24.4,0,10,5,Cards
132,0,1,4,1,624.83,1,1,0,8.3,0,5,19,Mortgage
171,0,4,4,0,1432.06,0,1,0,13.4,0,5,23,Mortgage
75,2,1,1,0,53.04,0,0,0,19.3,1,5,27,Deposits
76,2,0,1,0,10.39,0,0,0,8.1,0,5,1,Deposits
106,2,1,0,0,622.95,1,1,0,29.0,0,3,23,Cards
107,2,1,0,0,10.5,1,0,0,20.4,1,22,9,Deposits
135,1,1,0,0,27.9,0,1,0,18.0,0,22,22,Deposits
124,1,0,0,1,122.29,1,1,0,14.6,0,21,18,Deposits
136,2,0,0,1,39.22,0,0,0,15.4,0,10,14,Deposits
148,2,0,2,0,0.0,0,0,0,8.0,0,9,4,Deposits
116,2,0,0,1,0.0,0,1,0,29.7,1,16,17,Deposits
141,1,0,3,1,812.17,1,1,1,8.7,1,7,17,Mortgage
105,0,1,1,0,342.19,1,0,0,14.9,0,22,13,Deposits
214,3,3,0,1,177.94,1,1,1,18.6,0,14,10,Fair Lending
65,0,0,6,1,492.72,0,1,0,20.8,3,19,1,Fair Lending
205,1,2,5,0,1450.44,0,0,1,2.6,0,16,8,Mortgage
144,0,1,3,1,1360.69,0,1,0,21.5,2,14,17,Mortgage
169,2,0,0,1,41.1,0,0,0,11.4,0,17,25,Deposits
115,1,0,5,0,390.93,1,1,0,13.5,1,18,20,Mortgage
129,0,1,0,0,424.47,1,0,1,21.1,0,2,12,Cards
126,0,3,0,0,48.2,1,0,1,3.7,0,12,8,Cards
115,1,2,1,0,78.1,1,0,0,10.2,0,12,1,Cards
125,0,3,2,0,439.89,1,0,0,0.8,0,2,7,Cards
128,0,5,3,1,271.6,0,1,0,19.3,1,13,21,Mortgage
237,0,3,3,0,6098.4,1,0,0,20.4,1,11,18,Fair Lending
114,0,4,0,1,0.0,1,1,0,5.4,0,9,26,Cards
162,4,1,0,0,152.73,1,1,0,9.5,0,6,25,Deposits
79,5,0,2,0,35.29,0,1,0,19.9,1,20,9,Deposits
141,2,1,0,0,777.67,1,1,0,11.5,1,11,15,Cards
127,0,4,2,0,164.74,1,0,1,12.0,1,16,3,Cards
130,0,1,2,0,157.96,1,1,0,26.1,0,15,4,Cards
125,1,0,0,0,46.7,0,0,0,11.1,0,4,26,Deposits
264,1,4,3,0,455.39,1,1,1,28.2,4,2,22,Fair Lending
53,4,0,1,0,53.24,1,0,0,29.8,0,18,4,Cards
97,1,0,0,0,20.02,0,0,0,11.5,0,21,27,Deposits
77,2,1,1,0,138.7,1,0,1,1.8,0,12,20,Cards
153,1,0,0,0,0.0,0,0,0,25.0,0,10,20,Deposits
40,2,1,1,0,0.0,1,0,1,13.4,1,0,14,Fair Lending
122,0,5,1,2,49.35,1,0,0,17.5,0,5,16,Cards
128,0,2,8,0,1550.06,1,1,0,25.3,0,19,25,Mortgage
126,1,0,0,1,0.0,0,0,0,9.3,0,8,5,Deposits
71,1,0,0,0,0.0,1,0,0,19.6,0,17,19,Fair Lending
129,1,3,2,0,82.88,1,0,0,19.9,1,7,21,Cards
130,2,6,1,0,10.6,1,0,0,7.1,0,13,21,Cards
132,2,2,1,0,260.94,1,0,0,21.0,0,6,9,Cards
166,2,2,4,0,1209.25,1,1,1,15.6,0,15,23,Mortgage
139,1,3,1,1,1490.98,1,0,1,23.4,0,12,26,Cards
112,1,2,1,1,285.05,1,0,0,0.4,0,7,24,Cards
118,5,0,0,2,43.58,0,1,0,1.8,1,1,26,Deposits
157,0,2,1,0,765.33,0,1,0,4.1,1,2,9,Mortgage
91,2,1,0,1,307.83,1,0,0,3.8,1,8,18,Deposits
81,1,2,1,0,39.96,1,0,0,4.4,0,7,10,Cards
159,1,2,6,0,977.39,1,1,0,3.3,0,12,14,Mortgage
37,4,0,0,1,27.9,0,0,0,11.7,1,16,27,Deposits
175,3,4,2,1,115.47,1,0,0,12.5,0,5,13,Cards
177,5,3,0,0,117.22,1,1,0,16.9,0,3,25,Cards
79,6,1,2,0,0.0,1,1,0,9.9,2,20,5,Deposits
119,2,0,1,0,0.0,0,1,0,15.3,1,16,3,Deposits
38,0,2,0,0,305.62,1,0,1,3.9,0,0,24,Cards
163,1,0,1,0,879.4,1,0,0,4.2,0,14,11,Cards
156,5,0,0,0,54.29,0,1,0,3.7,0,18,5,Deposits
143,2,0,0,0,34.95,1,0,0,5.6,0,4,7,Deposits
135,0,3,4,1,1767.54,0,1,1,20.3,0,14,18,Mortgage
133,0,2,5,0,1130.14,0,1,0,2.2,2,17,21,Mortgage
145,0,1,4,3,223.07,1,1,1,26.6,0,10,19,Mortgage
135,0,1,5,1,2227.59,0,1,0,11.0,0,15,15,Mortgage
134,2,2,0,1,243.08,1,0,0,18.1,0,1,11,Cards
143,2,0,2,0,88.53,0,0,0,2.6,0,18,3,Deposits
154,1,1,2,0,381.55,1,0,0,5.5,0,17,22,Cards
140,3,0,0,0,0.0,1,1,0,23.4,1,18,5,Deposits
89,0,1,0,0,101.65,1,1,0,29.9,0,19,23,Cards
101,2,0,0,0,19.29,0,0,0,17.6,0,14,17,Deposits
122,0,2,1,0,716.4,1,0,0,3.9,0,18,28,Cards
123,1,0,1,0,25.93,0,0,0,4.5,1,7,22,Deposits
69,0,3,2,2,370.37,1,1,0,14.6,0,22,10,Fair Lending
190,6,1,2,0,0.0,0,0,0,4.7,0,11,18,Deposits
90,3,0,0,0,42.55,1,0,0,20.9,0,16,15,Deposits
191,1,6,0,0,207.27,1,1,0,15.1,0,4,21,Cards
177,0,1,3,1,2227.13,1,1,1,4.2,0,20,26,Mortgage
57,2,2,0,0,0.0,1,0,0,9.9,0,7,4,Fair Lending
102,0,1,4,0,2058.62,1,1,0,27.6,0,19,7,Mortgage
113,1,0,1,1,107.3,1,0,0,26.1,1,3,22,Deposits
76,2,4,0,0,426.7,0,1,0,19.2,0,17,4,Cards
126,1,0,0,0,54.02,0,0,0,9.8,1,19,9,Deposits
157,1,6,1,0,180.53,1,0,0,11.3,1,7,16,Cards
92,4,0,1,0,76.94,1,0,0,27.7,0,3,24,Deposits
132,0,1,6,0,1270.78,1,1,0,7.1,0,19,11,Mortgage
99,4,0,2,0,118.92,1,0,0,24.4,1,21,1,Deposits
144,0,2,3,0,2148.73,0,1,0,7.2,0,0,22,Mortgage
138,0,1,1,1,1232.36,1,1,0,11.3,0,22,27,Mortgage
147,0,2,7,0,2322.91,1,1,0,6.7,2,17,21,Mortgage
168,0,1,4,0,1647.66,0,1,0,21.8,0,2,11,Mortgage
153,1,2,1,0,0.0,1,0,0,15.9,1,6,9,Cards
71,2,1,0,0,100.76,1,1,0,22.1,0,2,2,Cards
81,2,0,0,0,165.7,1,0,0,14.3,0,8,6,Deposits
279,4,0,1,0,78.29,0,0,1,18.3,1,18,10,Fair Lending
141,0,1,1,0,1557.71,1,1,0,27.5,0,14,10,Mortgage
172,2,2,2,0,208.44,1,0,0,29.0,0,6,24,Cards
127,0,3,0,0,150.34,1,1,0,8.3,0,6,26,Cards
135,0,2,1,0,3720.77,1,1,0,21.3,0,22,13,Mortgage
125,1,4,4,0,105.6,1,1,0,7.8,1,4,6,Cards
187,0,1,2,1,1533.32,0,1,0,23.6,0,17,14,Mortgage
104,1,0,1,1,93.24,1,0,0,24.6,0,15,14,Cards
63,1,1,1,1,57.4,1,0,1,21.2,1,4,25,Fair Lending
135,1,1,1,0,21.39,0,0,0,12.4,1,9,17,Deposits
125,0,0,2,0,16.27,0,0,0,8.6,1,1,3,Cards
119,1,1,0,0,276.79,1,0,0,13.7,1,16,23,Cards
150,3,0,1,2,89.69,0,0,0,9.7,0,21,2,Deposits
172,3,2,3,0,178.04,1,0,1,27.2,1,2,1,Cards
101,4,0,0,0,0.0,1,1,0,13.5,0,18,15,Deposits
168,1,3,1,0,1092.75,1,1,0,14.5,1,21,13,Cards
134,4,0,0,0,0.0,1,0,0,10.4,0,6,11,Deposits
183,0,1,2,0,605.17,1,1,0,2.0,1,2,1,Mortgage
115,2,0,1,1,0.0,1,0,0,25.3,0,22,25,Deposits
89,1,4,0,0,601.67,1,0,0,7.4,0,14,15,Cards
81,2,2,1,0,936.1,1,0,0,16.1,0,9,6,Cards
93,4,0,2,0,37.68,0,0,0,18.8,0,21,6,Deposits
123,0,1,1,1,2048.77,1,1,0,27.5,1,23,27,Mortgage
142,4,1,0,0,0.0,0,0,0,6.2,0,14,22,Deposits
73,4,0,0,0,8.16,1,1,0,15.1,0,15,27,Deposits
51,0,0,0,0,0.0,0,0,0,10.2,2,17,3,Fair Lending
146,3,3,1,0,59.91,1,1,0,19.5,1,22,5,Cards
96,0,0,1,1,3645.04,0,1,0,4.7,0,7,26,Mortgage
160,2,6,1,0,37.15,1,1,0,14.0,0,13,14,Cards
131,2,0,1,0,55.65,1,1,0,4.5,1,15,7,Deposits
108,2,0,0,0,158.15,1,1,0,27.0,0,14,1,Deposits
124,1,0,1,0,1575.37,0,1,0,18.5,2,4,3,Mortgage
88,1,2,3,0,985.05,0,1,0,11.1,0,13,1,Mortgage
111,1,1,1,2,365.93,1,1,0,12.8,0,6,22,Cards
134,0,5,1,0,152.61,1,1,0,23.3,1,1,15,Cards
83,3,1,1,0,238.24,1,0,0,20.1,0,18,1,Cards
162,2,0,0,0,314.38,0,0,0,22.9,0,22,8,Cards
178,2,0,3,0,2294.39,0,1,0,2.3,1,0,6,Mortgage
90,4,0,0,1,47.38,0,1,0,12.2,0,0,3,Deposits
91,2,0,0,0,154.61,1,0,0,28.4,0,15,13,Cards
154,2,2,0,2,235.46,1,0,0,13.7,0,14,4,Cards
158,4,0,0,0,67.9,1,1,0,29.7,1,3,14,Deposits
161,0,0,2,0,1949.48,1,0,1,5.5,0,0,25,Mortgage
100,3,1,0,0,110.95,1,0,0,27.3,1,22,7,Cards
104,1,0,2,0,191.49,0,1,0,29.5,2,0,9,Deposits
143,2,3,2,0,0.0,1,0,0,25.0,0,9,5,Deposits
136,0,1,1,0,327.82,0,1,0,12.3,1,1,11,Mortgage
94,0,0,0,0,1330.96,0,1,1,1.5,0,18,27,Mortgage
151,0,0,1,0,260.11,1,0,0,25.7,1,13,22,Cards
158,0,1,3,0,1630.76,1,1,0,5.5,0,12,8,Mortgage
188,3,0,1,0,69.05,1,0,0,18.1,0,19,23,Deposits
101,4,0,0,0,22.46,1,1,0,8.0,1,5,10,Deposits
116,2,0,0,0,3.25,1,0,0,14.2,0,17,7,Deposits
207,0,3,1,0,0.0,1,0,1,28.3,0,18,13,Cards
97,0,4,2,0,125.63,1,1,0,4.4,0,17,18,Cards
51,3,1,0,0,0.0,0,0,0,17.3,1,7,8,Deposits
144,1,0,0,0,16.74,0,1,0,11.0,0,2,27,Deposits
130,1,5,2,0,101.64,1,1,0,9.6,0,10,2,Cards
158,3,5,1,0,150.53,1,0,1,13.3,0,8,5,Cards
120,0,1,3,0,671.15,0,1,0,2.4,1,11,20,Mortgage
90,0,2,4,0,3031.56,0,1,0,22.2,1,23,2,Mortgage
155,1,3,1,0,441.03,1,0,0,7.9,0,21,16,Cards
113,1,4,1,0,148.43,1,0,0,0.5,1,19,7,Cards
145,2,0,1,0,532.03,1,0,0,23.2,2,19,19,Cards
139,2,2,3,0,466.53,0,1,1,24.0,1,9,5,Mortgage
139,0,2,2,1,115.91,1,0,0,11.7,0,16,16,Cards
101,0,1,5,0,1407.16,1,1,0,0.3,0,19,27,Mortgage
165,0,1,4,0,1667.84,1,1,0,13.1,0,18,7,Mortgage
121,2,3,1,0,0.0,1,0,0,5.0,0,5,11,Cards
110,0,1,0,0,107.78,1,0,1,13.5,1,1,21,Cards
111,2,1,1,0,578.92,1,0,0,19.9,1,4,6,Cards
130,1,0,3,0,1001.69,1,1,0,14.9,2,7,18,Mortgage
104,0,3,6,0,0.0,0,1,0,11.0,0,13,6,Mortgage
53,3,1,2,0,27.41,0,1,0,17.1,0,8,1,Deposits
206,2,2,2,0,0.0,1,0,0,12.5,0,12,27,Fair Lending
123,3,0,2,1,33.93,1,0,0,28.6,0,0,13,Deposits
116,1,2,2,0,1999.11,1,1,0,25.2,1,4,19,Mortgage
110,2,0,0,1,24.34,1,0,0,21.7,0,10,2,Deposits
142,2,2,1,0,41.52,1,0,0,18.2,1,4,18,Cards
133,0,0,1,2,726.95,1,1,0,25.8,0,7,7,Mortgage
126,2,0,1,0,90.49,0,0,0,18.4,0,18,24,Deposits
119,0,0,0,1,1360.02,0,1,1,6.7,0,0,7,Mortgage
46,1,0,2,1,3345.92,1,0,0,27.7,1,12,15,Fair Lending
167,1,1,1,1,150.78,1,0,1,25.7,0,5,8,Cards
155,1,4,6,0,12992.99,1,1,1,23.8,0,2,12,Mortgage
121,0,1,4,0,771.44,0,1,0,27.1,0,22,13,Mortgage
100,3,0,0,0,127.63,0,1,0,22.4,0,17,1,Deposits
106,1,1,7,0,5166.83,1,1,1,4.6,0,23,18,Mortgage
122,2,0,0,0,61.75,1,0,0,25.2,0,12,8,Deposits
116,1,1,1,0,0.0,1,0,0,12.7,1,12,15,Cards
134,0,2,2,0,484.1,1,1,0,10.8,0,16,19,Mortgage
170,1,1,1,1,1264.09,0,1,0,28.5,1,17,22,Mortgage
102,4,3,1,0,23.75,1,0,0,21.2,1,5,12,Cards
174,6,3,1,0,191.43,1,0,0,10.0,1,20,26,Cards
152,1,0,1,1,56.7,1,0,0,13.3,1,3,4,Cards
150,1,1,0,0,84.26,1,0,0,5.4,0,4,28,Cards
167,1,1,3,0,2281.61,0,1,0,11.0,0,8,9,Mortgage
98,1,1,1,0,126.62,1,1,0,25.2,0,11,21,Cards
163,0,3,3,0,1444.92,1,1,0,17.9,0,12,16,Mortgage
89,2,0,0,0,17.87,1,0,0,9.6,0,10,4,Deposits
94,2,0,1,0,20.67,0,0,0,16.4,0,20,5,Deposits
169,1,2,1,1,158.48,1,1,0,8.8,0,10,1,Cards
69,3,0,2,1,116.68,1,0,0,12.1,0,0,23,Deposits
135,3,0,0,0,0.0,1,0,0,6.8,1,11,9,Deposits
114,4,0,0,1,0.0,1,1,0,7.2,1,17,8,Fair Lending
105,0,1,0,0,460.87,1,0,1,8.0,1,13,11,Cards
128,0,5,3,0,1772.82,0,1,0,7.1,0,22,1,Mortgage
70,3,1,0,0,219.78,0,0,0,6.0,0,1,13,Deposits
166,1,1,2,1,612.88,1,1,0,18.3,1,6,1,Mortgage
168,0,2,4,0,2178.62,1,1,0,10.9,0,5,7,Mortgage
146,0,0,2,0,143.69,1,0,0,23.9,1,17,3,Deposits
97,1,0,0,0,0.0,0,1,0,10.8,1,4,15,Deposits
106,1,2,2,0,0.0,1,0,1,24.9,0,10,21,Cards
178,1,3,1,0,245.84,1,0,0,2.9,0,3,21,Cards
98,3,0,0,0,10.82,0,1,0,10.0,0,13,15,Deposits
144,0,3,2,0,2574.73,1,1,0,15.8,0,17,3,Mortgage
105,0,1,0,0,40.02,0,0,0,26.8,1,10,26,Deposits
143,1,3,4,1,1746.15,0,1,0,28.9,1,3,26,Mortgage
120,0,5,0,0,0.0,1,1,0,21.1,0,20,24,Cards
247,1,3,6,0,843.51,1,1,0,6.8,0,5,13,Mortgage
148,0,3,4,0,2532.86,1,1,0,1.7,0,22,28,Mortgage
102,0,3,1,1,61.45,1,0,0,22.7,0,13,27,Cards
97,0,4,3,0,197.92,1,0,0,18.9,0,9,27,Cards
115,0,1,5,0,599.86,1,1,0,2.9,0,4,19,Mortgage
165,0,4,5,0,0.0,0,1,0,18.2,0,1,1,Mortgage
161,6,0,0,0,82.4,1,1,0,9.7,1,22,17,Deposits
130,0,0,3,0,929.57,1,1,1,24.9,0,2,14,Mortgage
187,1,2,1,0,528.31,1,1,0,19.8,0,19,6,Mortgage
177,1,3,1,1,3826.65,1,1,0,6.5,1,20,10,Mortgage
98,0,0,1,1,32.41,1,0,0,17.0,0,6,3,Deposits
214,0,0,2,0,626.27,1,1,0,8.0,1,23,21,Mortgage
146,0,1,3,1,1824.84,0,1,0,2.7,0,14,16,Mortgage
145,2,2,1,1,347.01,1,0,0,3.7,0,23,4,Cards
132,0,3,0,0,101.46,1,0,0,29.7,2,17,23,Cards
167,0,2,2,0,1577.58,0,1,0,16.6,0,5,13,Mortgage
68,0,1,3,1,3794.36,1,1,1,6.9,1,10,19,Fair Lending
111,3,4,1,0,445.43,1,0,0,9.4,1,11,10,Cards
176,0,4,0,0,355.03,1,0,0,19.0,1,19,11,Cards
158,0,0,2,0,2339.8,1,1,0,7.4,1,13,26,Mortgage
179,0,1,0,0,263.6,1,0,1,28.4,1,11,27,Cards
144,6,0,0,1,151.11,1,1,0,22.2,0,20,23,Deposits
75,3,0,3,3,162.41,1,0,0,0.4,0,20,2,Deposits
166,1,0,0,0,0.0,1,1,0,15.4,0,1,7,Deposits
175,0,1,0,0,131.4,1,0,0,6.4,0,6,13,Cards
112,0,3,5,0,745.75,0,1,0,25.8,1,6,4,Mortgage
78,4,2,1,0,0.0,1,0,0,1.1,0,4,25,Deposits
173,1,0,1,1,65.93,1,0,0,22.0,1,0,11,Deposits
127,2,3,1,0,1401.32,1,0,0,18.6,1,5,9,Cards
94,3,1,1,0,21.28,0,0,0,6.1,1,10,25,Deposits
144,2,4,3,0,1309.04,0,1,0,29.8,0,18,4,Cards
138,0,2,4,0,0.0,1,1,1,30.0,0,5,27,Mortgage
144,2,1,0,0,655.41,1,1,0,16.0,0,20,22,Cards
120,1,2,0,0,74.77,1,0,0,10.5,0,17,15,Cards
107,0,2,1,0,330.66,1,1,0,29.9,0,7,15,Cards
111,4,0,0,0,160.52,0,0,0,2.8,0,9,25,Deposits
169,0,0,3,0,0.0,1,1,1,8.6,1,7,2,Mortgage
117,1,4,0,0,154.85,1,1,0,17.9,2,10,26,Cards
144,0,2,2,1,287.52,0,1,0,1.4,0,11,18,Mortgage
112,5,0,0,0,520.32,1,0,0,11.8,1,10,26,Deposits
85,2,0,1,0,30.75,1,0,0,24.6,1,6,10,Deposits
125,2,1,0,0,197.15,0,1,0,8.0,0,23,11,Deposits
173,3,7,0,0,171.74,1,0,0,21.3,0,4,19,Cards
185,1,3,0,0,0.0,1,1,0,24.7,0,12,21,Fair Lending
115,1,0,1,0,25.11,0,0,0,3.4,0,10,23,Deposits
126,4,0,0,0,24.87,1,1,0,23.0,2,17,26,Deposits
228,0,0,2,1,0.0,0,1,0,8.3,0,11,3,Fair Lending
107,2,3,2,1,499.39,1,1,0,21.2,1,15,5,Cards
147,5,4,1,0,151.49,1,0,0,16.5,0,8,13,Cards
155,0,2,3,0,721.2,0,1,0,19.1,0,17,17,Mortgage
102,0,2,0,0,802.78,1,0,0,5.2,0,1,12,Cards
98,1,0,1,0,411.2,1,0,0,28.9,0,22,20,Deposits
113,5,0,1,0,15.76,0,0,0,27.2,0,11,15,Deposits
120,0,5,2,1,65.5,1,0,0,8.4,1,13,25,Cards
122,1,3,4,0,2211.2,1,1,1,28.9,0,9,1,Mortgage
93,2,3,1,0,413.5,1,0,1,16.7,0,4,17,Cards
156,2,3,2,0,278.87,1,0,0,17.0,1,4,6,Cards
98,1,1,5,0,0.0,1,1,1,3.1,0,17,16,Cards
183,0,1,2,0,1058.77,0,1,0,14.6,0,20,27,Mortgage
103,0,3,1,0,0.0,1,0,0,6.1,1,0,23,Cards
171,0,2,0,0,0.0,1,0,0,1.4,0,23,11,Cards
184,0,3,0,0,224.63,1,1,0,17.3,0,19,15,Cards
89,3,1,0,0,28.21,1,0,0,0.5,1,5,12,Deposits
102,0,4,2,0,70.35,0,0,0,28.8,1,22,13,Cards
133,1,3,1,0,67.24,1,0,0,22.6,0,11,5,Cards
149,2,0,0,0,36.67,0,0,0,0.8,1,10,1,Deposits
146,0,1,2,0,82.5,1,0,0,6.5,0,20,6,Cards
128,0,1,2,0,130.99,1,0,0,21.8,0,23,11,Cards
123,1,3,0,0,336.8,1,1,0,15.6,1,19,11,Cards
138,2,2,1,2,62.17,1,0,1,26.8,0,3,15,Cards
84,4,0,1,0,56.66,0,0,0,10.5,0,11,20,Deposits
142,2,6,0,0,195.93,1,1,1,12.5,1,1,10,Cards
140,7,1,0,0,53.95,1,0,0,22.1,0,12,5,Deposits
131,0,2,0,0,132.1,1,1,0,24.6,0,22,15,Cards
131,2,0,1,2,15.62,1,1,0,23.2,1,15,5,Deposits
156,2,1,1,0,353.8,1,0,1,1.6,0,7,2,Cards
128,0,5,0,0,358.83,1,1,0,14.8,0,14,28,Cards
169,0,0,6,0,575.63,1,1,0,5.9,1,10,17,Mortgage
132,0,3,0,0,142.64,1,0,0,29.1,1,0,18,Cards
85,2,5,0,0,215.14,1,1,0,28.7,2,8,2,Cards
121,1,1,1,0,508.99,1,0,0,22.4,0,23,2,Cards
141,3,0,0,1,49.68,0,0,0,27.0,2,10,1,Deposits
93,1,1,0,1,117.84,1,0,0,12.6,0,8,10,Cards
123,2,3,2,0,214.74,1,0,1,19.3,0,3,12,Cards
98,4,2,0,0,656.44,1,1,1,15.6,0,5,5,Cards
188,0,2,2,0,576.26,0,1,1,12.2,2,14,24,Mortgage
132,1,2,0,0,137.37,1,0,0,10.4,0,11,13,Cards
173,2,2,0,0,159.83,1,1,0,16.2,0,7,16,Cards
131,0,4,1,0,0.0,1,1,0,3.3,1,5,13,Cards
157,0,1,3,1,842.75,0,1,0,15.1,1,5,28,Mortgage
143,1,5,1,1,46.45,1,0,0,4.6,0,19,8,Cards
154,1,0,1,0,186.94,1,1,0,23.3,2,14,14,Deposits
155,1,2,0,0,116.93,1,0,0,1.7,0,16,2,Cards
87,5,0,1,1,45.58,0,0,0,4.4,0,2,4,Deposits
88,0,1,2,0,1778.41,0,1,0,17.2,1,17,27,Mortgage
135,0,0,4,0,803.64,1,1,0,13.2,1,18,19,Mortgage
128,2,1,0,0,44.2,0,0,0,27.1,0,9,18,Deposits
90,0,2,1,0,205.76,0,1,0,17.9,1,11,1,Cards
103,0,1,3,1,2206.53,0,1,0,1.2,1,10,5,Mortgage
114,1,0,0,1,0.0,1,0,0,22.0,0,19,5,Deposits
252,0,0,2,0,0.0,1,1,0,25.3,0,23,17,Fair Lending
174,1,0,1,0,47.97,1,0,0,6.3,1,8,1,Deposits
133,1,0,1,0,68.93,0,1,1,7.0,0,23,22,Deposits
167,0,4,6,0,10849.52,0,1,0,10.0,1,21,16,Mortgage
172,0,2,3,0,0.0,1,1,0,18.1,0,15,27,Mortgage
140,2,1,3,0,115.02,1,1,1,18.4,0,6,3,Cards
138,2,1,0,0,141.22,1,0,1,25.2,0,14,15,Cards
169,0,1,2,0,0.0,0,1,0,26.4,0,17,22,Mortgage
118,1,3,2,0,236.02,1,0,0,3.4,1,18,23,Cards
197,0,3,3,1,2594.71,0,1,0,8.9,0,15,18,Mortgage
125,4,0,0,0,0.0,1,1,0,23.0,2,2,7,Cards
155,1,5,2,0,1380.0,1,0,0,15.0,0,8,9,Cards
77,3,1,0,0,59.04,0,1,0,14.0,0,16,15,Deposits
168,1,1,3,1,2310.13,0,1,0,17.6,1,6,7,Mortgage
118,4,1,0,0,17.04,0,0,0,23.7,0,11,14,Deposits
87,3,0,0,0,30.0,0,1,0,21.9,0,9,23,Deposits
142,2,5,0,0,148.74,1,0,0,12.4,0,6,7,Cards
155,4,0,1,1,62.25,0,1,0,23.8,0,22,13,Deposits
155,0,1,3,0,315.66,0,1,0,7.0,1,3,17,Mortgage
117,0,0,0,0,131.82,1,0,0,21.1,1,1,4,Cards
65,0,3,3,0,3736.1,1,1,0,10.8,0,19,26,Fair Lending
196,0,3,1,0,74.58,0,0,0,10.4,1,2,27,Cards
90,3,1,1,0,37.52,1,0,0,18.2,0,9,12,Cards
103,1,0,1,0,73.08,0,0,1,23.2,0,12,12,Deposits
92,1,2,2,0,2482.89,0,1,0,17.2,1,9,24,Mortgage
124,2,1,1,0,1193.73,1,1,1,5.9,2,9,21,Cards
127,0,1,2,0,1156.29,1,1,0,29.3,0,0,27,Mortgage
99,3,0,0,0,69.07,0,0,1,29.3,0,3,17,Deposits
149,0,5,2,0,3227.99,1,1,0,28.7,0,23,14,Mortgage
119,1,0,0,0,207.7,0,0,0,29.7,0,4,24,Deposits
156,1,0,1,0,0.0,1,1,0,15.2,0,15,5,Deposits
99,1,0,0,0,162.64,0,0,0,12.6,0,15,25,Deposits
119,0,0,3,1,0.0,0,1,0,14.7,0,2,14,Mortgage
162,2,1,1,1,0.0,1,0,0,1.6,1,23,27,Cards
100,2,0,1,0,37.62,0,0,0,2.5,0,13,5,Deposits
109,2,0,1,1,317.35,1,1,0,22.5,2,20,9,Deposits
145,1,2,0,0,262.2,0,1,0,16.3,0,18,13,Mortgage
121,1,5,0,1,639.49,1,0,0,8.7,0,19,22,Cards
132,0,6,2,0,548.25,1,0,0,14.1,0,10,28,Cards
133,0,1,0,1,1017.31,1,1,0,24.0,2,15,22,Mortgage
148,1,0,2,0,25.05,1,0,0,6.9,0,16,18,Deposits
158,0,2,4,0,4998.23,0,1,0,0.5,1,5,25,Mortgage
163,1,1,2,1,1621.21,1,1,0,24.7,0,7,24,Mortgage
183,0,3,2,0,995.33,1,1,0,14.8,1,8,7,Mortgage
211,0,1,5,1,665.3,1,1,0,6.5,0,11,10,Mortgage
112,4,0,0,0,70.74,0,1,0,9.0,0,9,13,Deposits
130,0,2,1,0,86.46,1,0,0,24.0,0,17,23,Cards
166,1,1,1,0,248.16,1,0,0,2.5,0,0,1,Cards
102,7,0,0,0,330.82,1,0,0,26.3,1,19,9,Deposits
141,3,0,0,0,216.51,1,0,0,8.8,2,22,6,Cards
161,0,1,6,1,3297.82,0,1,0,27.5,1,12,22,Mortgage
113,3,0,0,0,0.0,1,1,0,0.7,1,3,7,Deposits
62,4,0,0,0,52.54,1,0,0,4.5,0,14,10,Deposits
120,0,1,1,0,329.3,1,0,0,7.9,0,13,27,Cards
196,1,3,3,0,546.54,1,0,1,15.6,0,13,2,Cards
123,1,5,1,0,114.65,1,0,0,7.9,1,10,27,Cards
128,0,1,6,1,847.72,0,1,0,5.2,2,19,23,Mortgage
140,1,0,3,0,0.0,0,1,0,24.8,0,2,17,Mortgage
212,1,1,1,0,169.06,1,1,0,27.9,0,6,27,Cards
164,0,3,4,1,0.0,0,1,0,29.6,1,9,17,Mortgage
139,2,2,5,0,231.36,1,0,0,21.1,1,14,18,Cards
159,1,2,5,0,653.89,1,1,0,2.9,2,8,8,Mortgage
86,1,0,0,0,60.47,0,0,0,16.3,0,6,20,Deposits
133,1,0,0,0,131.13,1,1,0,14.7,0,14,18,Deposits
105,4,0,1,0,0.0,1,1,0,14.0,1,14,17,Deposits
117,0,1,3,1,0.0,0,1,0,9.6,0,0,15,Fair Lending
172,1,1,2,0,228.32,1,1,0,17.6,0,14,26,Mortgage
178,0,1,3,0,3326.72,0,1,0,23.8,0,5,6,Mortgage
127,0,0,3,0,1489.45,0,1,0,14.9,0,23,3,Mortgage
138,1,0,2,0,0.0,1,0,0,12.0,1,0,15,Deposits
164,0,2,1,0,2149.99,0,1,1,18.7,0,2,22,Mortgage
140,1,1,4,0,1300.59,1,1,0,12.8,0,9,9,Mortgage
186,0,0,7,0,1993.83,1,1,0,18.3,0,4,21,Mortgage
169,0,2,2,0,5258.74,1,1,0,8.7,0,20,19,Mortgage
171,1,1,2,0,2891.41,1,1,0,23.3,0,15,21,Mortgage
70,4,0,1,0,26.19,1,1,0,26.8,0,12,21,Deposits
132,4,1,0,0,157.77,1,0,0,23.1,0,7,2,Deposits
134,0,3,0,0,62.68,1,0,1,19.7,0,18,9,Cards
59,0,2,3,0,2643.95,1,1,0,4.7,1,16,25,Mortgage
113,0,0,1,1,57.98,1,0,0,2.6,1,4,16,Deposits
147,1,1,0,0,47.77,0,0,0,26.2,1,12,14,Deposits
117,0,5,1,0,78.64,1,0,0,5.7,0,22,2,Cards
107,0,0,0,0,1064.82,0,1,1,22.8,0,19,19,Mortgage
106,3,1,0,0,27.84,1,0,0,18.0,1,2,14,Deposits
83,5,0,0,0,334.42,1,0,0,13.7,1,12,16,Deposits
127,1,1,7,0,0.0,1,1,0,14.2,2,11,3,Mortgage
232,2,2,2,0,2387.87,1,1,1,20.8,0,2,20,Fair Lending
169,0,1,5,0,765.27,0,1,1,7.2,0,12,19,Mortgage
138,2,0,0,0,0.0,0,0,0,7.1,0,10,26,Deposits
136,2,2,2,1,244.54,1,1,1,18.6,2,22,9,Cards
146,0,4,3,0,1459.18,0,1,0,29.2,1,1,9,Mortgage
164,0,2,2,0,494.82,0,1,0,26.6,0,9,4,Mortgage
160,1,3,2,0,2738.77,1,1,0,14.3,0,14,12,Mortgage
97,2,3,1,0,428.17,1,0,0,10.2,0,17,20,Cards
131,1,0,2,0,481.15,0,1,0,11.3,0,6,1,Mortgage
83,2,0,0,0,68.87,0,0,0,3.4,0,9,12,Deposits
127,2,6,1,1,1207.15,1,0,0,23.2,1,10,4,Cards
96,6,0,2,0,86.65,0,1,0,3.7,0,2,17,Deposits
181,1,3,0,0,0.0,1,0,0,3.3,0,7,25,Cards
187,0,5,0,0,0.0,1,0,0,14.6,2,9,12,Cards
112,0,4,2,0,185.76,1,0,0,26.5,0,16,8,Cards
72,1,0,0,0,66.46,0,1,0,2.7,0,13,12,Deposits
104,3,0,1,0,10.13,1,0,0,1.9,0,13,3,Deposits
151,0,4,3,0,1337.96,0,1,0,1.0,0,8,24,Mortgage
161,0,1,5,0,571.95,0,1,1,3.6,1,4,8,Mortgage
108,1,3,1,0,290.64,1,0,0,22.2,1,11,12,Cards
125,1,0,1,0,126.75,1,0,0,27.1,1,1,21,Deposits
134,3,2,0,1,103.42,1,0,0,28.7,0,6,2,Cards
179,2,0,2,0,3356.91,1,1,0,7.5,0,20,23,Mortgage
149,1,5,1,0,167.12,1,1,0,19.0,0,9,18,Cards
144,0,1,5,0,6717.1,0,1,0,26.4,0,18,7,Mortgage
163,2,3,0,0,2932.48,1,0,0,13.4,0,23,10,Cards
145,0,2,4,0,602.97,1,1,1,9.5,0,0,1,Mortgage
114,1,0,0,1,0.0,1,0,0,22.9,0,23,2,Deposits
89,2,0,0,0,12.58,0,0,0,7.0,0,1,27,Deposits
196,1,1,3,0,873.58,0,1,0,19.0,1,7,27,Mortgage
114,5,0,1,0,156.22,0,1,0,29.2,0,16,17,Deposits
99,1,0,1,0,154.25,0,1,0,2.3,1,3,9,Deposits
122,1,0,0,1,23.56,0,0,0,22.4,1,5,5,Deposits
122,0,2,0,1,0.0,0,0,0,16.5,0,2,16,Cards
170,1,3,0,0,780.35,1,0,0,0.5,0,18,20,Cards
136,0,0,0,0,12.06,1,0,0,22.4,0,15,11,Deposits
117,3,0,0,0,0.0,0,0,0,6.6,0,4,13,Deposits
144,0,1,4,0,192.51,1,0,0,12.4,1,1,15,Cards
111,0,2,3,0,0.0,1,0,0,5.6,0,10,3,Cards
173,0,0,3,0,1356.87,0,1,0,9.7,0,8,15,Mortgage
103,0,1,4,0,1570.52,0,0,0,24.7,1,8,24,Fair Lending
153,0,0,2,0,517.68,1,1,1,29.2,0,20,28,Mortgage
122,0,4,0,0,647.0,0,1,0,3.9,1,23,20,Mortgage
177,0,3,2,0,1013.33,0,1,0,26.5,0,23,11,Mortgage
167,3,1,1,1,47.03,1,0,0,28.5,0,3,21,Deposits
108,1,3,1,0,120.45,1,0,0,23.7,0,6,18,Cards
116,4,2,0,0,0.0,1,1,0,5.3,0,0,27,Deposits
103,4,0,0,0,0.0,0,0,0,9.6,0,17,8,Deposits
104,0,2,2,0,279.38,1,0,0,25.1,0,6,7,Cards
163,2,0,0,1,0.0,0,0,0,9.7,0,2,4,Deposits
132,1,2,3,0,1434.72,1,1,0,26.4,0,2,25,Mortgage
175,3,1,0,0,432.71,1,0,0,1.8,0,22,26,Cards
79,2,0,0,0,95.55,0,1,0,4.8,1,12,12,Deposits
142,2,0,0,0,0.0,0,0,0,19.5,1,19,13,Deposits
146,0,0,0,0,215.51,1,1,0,19.6,0,17,23,Cards
123,0,0,0,1,379.68,1,0,0,24.5,1,18,14,Cards
129,2,3,0,2,82.93,1,0,0,19.0,0,21,12,Cards
167,0,2,2,1,196.6,1,1,1,26.6,1,13,26,Cards
183,2,2,3,0,1406.36,1,1,1,12.9,0,7,14,Mortgage
69,2,0,1,0,86.3,1,0,0,14.3,1,13,10,Cards
138,0,2,1,0,77.36,1,1,0,23.8,1,16,20,Cards
86,2,0,0,0,107.59,1,1,0,7.2,0,21,19,Deposits
120,3,0,0,0,65.61,1,1,0,21.0,0,11,23,Deposits
49,2,0,0,0,83.24,0,0,0,25.7,0,20,23,Deposits
164,3,5,0,0,0.0,1,1,1,24.9,0,13,23,Cards
131,3,4,1,0,92.27,1,0,0,17.5,0,13,3,Cards
79,1,3,1,1,455.14,1,1,0,24.7,1,9,25,Cards
140,1,2,3,0,1165.02,1,1,1,8.3,0,16,15,Mortgage
125,2,0,1,0,119.82,1,0,0,28.2,0,5,28,Deposits
134,2,1,1,0,1201.8,1,1,0,10.7,1,11,15,Mortgage
130,2,3,4,0,2023.7,0,1,1,0.7,0,18,22,Mortgage
230,2,0,1,0,0.0,1,1,0,14.8,3,10,22,Fair Lending
90,3,0,2,0,0.0,0,0,0,17.5,1,15,12,Deposits
109,1,0,1,0,100.17,1,1,0,9.3,0,14,24,Cards
87,2,0,0,1,0.0,0,1,0,13.0,0,5,28,Deposits
95,2,1,0,0,10.27,1,0,0,18.5,0,6,1,Deposits
84,0,0,2,0,2952.27,0,1,0,10.4,0,17,18,Mortgage
158,0,1,5,0,1988.59,1,1,0,19.4,1,0,27,Mortgage
86,2,0,0,0,36.63,1,0,0,9.8,1,15,25,Deposits
180,1,3,4,0,165.39,1,0,0,3.4,0,23,23,Cards
169,1,0,1,0,468.49,1,0,0,24.8,0,15,8,Cards
139,2,1,0,0,0.0,1,1,0,21.1,1,3,8,Deposits
122,1,0,1,1,124.77,1,1,0,21.5,1,4,22,Deposits
198,0,1,0,0,785.42,0,1,1,28.9,1,1,7,Mortgage
136,0,0,4,0,1245.17,1,1,0,12.6,2,12,6,Mortgage
158,0,2,2,0,631.81,1,1,0,12.5,0,13,22,Mortgage
129,1,3,2,1,2031.51,1,1,0,15.3,2,16,13,Mortgage
72,2,0,1,1,12.74,1,0,0,27.1,0,19,23,Deposits
150,0,1,0,0,579.14,1,0,0,28.1,1,21,11,Cards
115,1,6,0,0,140.13,1,0,0,2.0,0,10,5,Cards
141,3,4,1,0,46.55,1,0,1,8.4,1,20,7,Cards
127,2,1,1,0,41.33,1,0,0,14.1,0,18,2,Cards
120,0,1,0,0,189.23,1,0,0,1.0,2,15,23,Cards
115,0,1,1,0,1542.36,1,0,0,14.7,1,13,19,Cards
153,6,0,1,0,48.15,0,1,0,7.3,0,21,27,Deposits
121,3,0,1,0,0.0,0,0,0,25.7,1,17,19,Deposits
155,1,4,2,0,0.0,1,1,1,13.6,0,15,20,Mortgage
140,2,0,0,1,60.37,1,1,0,20.7,0,10,10,Deposits
222,0,2,2,0,0.0,0,1,1,21.2,0,15,17,Fair Lending
86,2,1,0,0,68.92,1,0,0,14.7,0,8,23,Deposits
95,0,2,1,0,341.87,1,0,0,7.3,0,15,20,Cards
49,3,1,0,0,0.0,0,0,0,16.9,0,1,15,Deposits
98,3,2,0,0,106.19,1,0,0,8.8,1,18,28,Cards
113,1,2,2,0,473.02,1,1,0,18.1,1,8,11,Mortgage
163,0,1,3,1,2639.88,1,1,0,2.7,1,17,19,Mortgage
111,3,0,0,0,0.0,1,0,0,18.7,0,13,10,Deposits
117,2,0,0,0,0.0,0,0,0,11.8,0,22,19,Deposits
79,0,7,0,0,99.11,1,1,0,28.5,0,13,25,Cards
163,2,2,0,0,0.0,1,1,0,2.7,0,4,20,Cards
137,0,2,3,0,0.0,0,1,1,10.6,0,23,8,Mortgage
126,1,1,0,0,314.33,1,0,0,11.7,0,16,27,Cards
160,1,0,1,1,48.21,1,0,0,29.5,2,0,14,Deposits
107,1,0,0,0,68.16,1,0,0,11.1,0,21,5,Cards
103,3,3,2,0,140.27,1,1,0,27.0,2,12,6,Cards
107,2,0,0,0,0.0,0,0,0,8.9,1,9,18,Deposits
172,1,2,3,0,10678.53,0,1,0,12.0,0,10,27,Mortgage
131,0,3,2,0,227.05,1,1,0,1.2,1,10,13,Cards
56,0,3,2,1,0.0,1,1,1,5.3,0,20,27,Fair Lending
125,0,3,0,0,119.11,1,1,0,4.3,1,19,2,Cards
101,2,0,0,1,50.5,0,0,0,7.2,1,5,26,Deposits
192,2,1,0,0,332.56,1,1,0,7.1,0,4,10,Cards
140,1,3,0,0,168.65,1,0,0,19.6,0,4,6,Cards
139,0,2,4,0,808.73,0,1,0,11.7,0,4,26,Mortgage
107,6,0,0,0,57.04,0,0,0,20.0,0,12,22,Deposits
102,3,1,1,0,63.16,0,1,0,25.7,0,21,11,Deposits
151,2,0,1,0,99.34,0,0,0,19.6,0,5,7,Deposits
153,4,0,1,0,16.08,0,1,0,2.7,0,3,3,Deposits
174,2,0,1,0,0.0,1,0,0,10.9,0,19,6,Deposits
115,1,4,1,0,582.32,1,0,0,17.1,2,11,5,Cards
47,0,2,4,2,1205.08,0,1,1,24.0,3,12,26,Fair Lending
143,0,0,0,0,107.27,0,1,0,9.8,0,2,7,Deposits
112,2,1,1,1,0.0,1,0,0,2.5,0,15,1,Cards
156,3,0,1,0,226.86,1,0,0,22.5,0,2,9,Cards
93,2,0,0,0,101.0,0,1,0,18.8,1,11,2,Deposits
125,1,3,0,1,218.92,0,1,0,5.4,2,2,4,Cards
173,0,2,1,0,185.72,1,0,0,20.8,1,14,1,Cards
165,0,2,2,0,381.24,0,1,0,2.2,0,21,2,Mortgage
131,2,2,1,0,173.55,1,1,0,12.2,0,7,10,Cards
143,0,2,1,0,55.8,1,0,0,29.8,0,5,26,Cards
152,1,1,5,0,802.29,1,1,1,26.5,0,4,11,Mortgage
52,0,1,3,0,886.84,0,1,0,18.9,0,11,20,Fair Lending
155,1,3,1,0,101.03,1,0,0,6.6,0,1,15,Cards
65,3,0,0,1,38.64,1,1,0,25.5,1,23,20,Deposits
118,2,2,2,0,156.23,1,0,1,1.3,0,0,3,Cards
146,0,2,0,0,822.32,1,1,0,4.8,0,4,28,Cards
107,0,0,4,0,1374.44,1,1,0,7.9,1,21,17,Mortgage
95,1,1,0,0,37.45,0,1,0,20.3,0,12,27,Deposits
156,1,8,1,1,0.0,1,1,1,18.4,0,6,13,Cards
162,0,4,1,0,455.43,1,0,0,7.5,1,13,16,Cards
131,1,3,2,0,72.47,1,0,1,20.8,0,2,4,Cards
90,0,2,1,0,1364.7,1,1,0,15.3,0,23,4,Mortgage
160,1,3,0,0,140.57,1,0,0,20.2,0,23,6,Cards
145,0,4,5,0,651.44,1,0,0,12.0,0,14,20,Mortgage
156,1,0,2,0,1232.72,1,1,0,18.8,1,22,6,Mortgage
83,0,1,0,0,1331.46,1,0,1,4.1,0,2,6,Cards
303,0,1,2,0,0.0,1,0,1,22.0,0,18,15,Fair Lending
129,0,2,6,0,2304.32,0,1,1,0.2,0,7,6,Mortgage
143,2,1,0,0,64.36,1,0,0,29.9,0,9,8,Deposits
180,1,6,2,0,105.56,1,0,0,19.2,0,16,4,Cards
137,1,4,0,0,0.0,1,0,0,6.9,0,10,22,Cards
102,2,1,0,0,162.25,1,0,0,3.1,0,21,21,Cards
146,0,1,1,0,512.55,1,0,0,14.7,0,23,8,Cards
97,2,0,0,0,0.0,1,0,0,9.0,0,15,24,Deposits
77,4,1,0,0,36.53,1,0,1,4.6,0,21,4,Deposits
92,4,0,0,1,31.29,0,0,0,20.3,1,22,6,Deposits
142,1,0,1,0,0.0,1,0,0,12.1,1,22,18,Deposits
146,1,1,1,1,210.71,1,0,1,8.4,2,11,18,Fair Lending
135,4,2,1,0,244.02,1,0,0,13.4,1,23,19,Cards
32,3,1,2,0,0.0,1,1,1,25.3,1,2,13,Fair Lending
137,0,2,0,0,242.37,1,0,0,17.0,1,13,9,Cards
199,1,0,1,0,2364.68,0,1,0,21.9,0,23,8,Mortgage
126,2,2,3,0,154.05,1,0,1,12.5,1,3,20,Cards
129,2,4,1,0,166.33,1,1,0,23.6,0,21,4,Cards
142,2,3,1,0,0.0,1,0,1,18.7,1,9,21,Cards
175,2,1,1,0,359.38,1,1,0,20.8,0,10,5,Mortgage
126,1,3,0,0,296.37,1,0,0,10.7,0,7,9,Cards
130,3,1,1,0,134.24,0,0,0,9.9,1,4,8,Deposits
16,1,5,3,0,195.25,1,0,1,19.8,1,4,12,Cards
131,2,0,0,0,56.56,0,1,1,0.8,0,18,17,Deposits
142,0,2,3,0,1016.0,0,1,0,3.5,1,9,11,Mortgage
173,0,3,0,0,64.24,1,0,0,28.9,0,23,20,Cards
173,0,0,4,0,931.94,1,1,0,10.5,0,21,10,Mortgage
183,0,3,3,0,0.0,0,1,0,10.9,1,9,25,Mortgage
130,4,1,2,0,33.7,1,0,0,1.2,1,8,13,Deposits
123,0,1,2,0,5364.89,0,1,1,21.3,0,0,11,Mortgage
140,0,2,0,0,0.0,1,0,0,12.8,0,11,9,Cards
166,2,2,0,0,116.99,1,1,0,21.5,0,14,24,Cards
207,0,4,1,0,312.6,1,1,0,21.8,3,7,12,Mortgage
150,1,1,2,0,82.94,1,0,0,7.2,0,17,17,Cards
196,1,1,0,0,62.52,1,1,0,13.2,0,16,21,Cards
199,3,0,0,1,0.0,1,0,0,25.5,1,21,10,Fair Lending
191,2,1,3,0,1420.16,0,1,0,9.8,1,13,9,Mortgage
146,0,1,4,0,1072.86,1,1,0,21.5,1,21,28,Mortgage
45,1,2,1,2,162.15,1,1,0,21.4,0,5,18,Cards
93,7,1,2,0,57.3,1,0,0,20.0,0,1,24,Deposits
122,0,3,1,0,82.54,1,1,0,7.5,1,8,20,Cards
145,0,1,1,0,49.31,1,0,0,7.1,0,19,6,Cards
115,2,6,1,0,248.67,1,0,0,23.9,0,7,6,Cards
76,2,0,1,0,114.57,1,1,0,21.7,2,12,12,Deposits
61,6,0,0,1,582.14,1,0,0,24.7,0,12,27,Deposits
102,3,1,0,2,0.0,0,0,0,23.5,0,16,20,Deposits
151,1,3,3,0,777.56,1,1,0,29.1,1,10,10,Mortgage
71,2,1,1,1,69.78,1,0,0,18.7,3,3,22,Fair Lending
137,0,2,0,0,0.0,1,1,0,10.3,1,12,3,Cards
125,0,2,2,0,138.87,1,0,0,0.8,1,18,2,Cards
60,3,0,1,0,20.1,1,0,0,29.3,1,10,25,Deposits
152,0,4,6,0,3548.48,0,1,0,21.0,0,21,24,Mortgage
151,0,2,1,0,528.58,1,1,1,17.7,0,20,27,Mortgage
163,5,0,0,0,0.0,1,1,0,1.9,2,8,13,Deposits
88,0,0,1,0,254.33,1,1,0,21.9,0,17,4,Cards
127,0,1,2,0,1836.29,1,1,0,17.0,0,4,11,Mortgage
160,1,0,0,1,57.28,1,1,0,6.3,0,0,15,Cards
209,0,0,2,0,11421.46,0,1,0,25.2,0,17,2,Mortgage
104,1,0,0,0,93.76,1,0,0,14.1,2,11,28,Deposits
100,4,1,2,0,1141.51,0,1,0,22.1,1,9,17,Mortgage
175,2,1,1,1,402.47,1,1,0,28.3,0,0,6,Mortgage
79,0,0,1,1,0.0,1,0,0,0.7,2,4,23,Deposits
161,1,0,5,1,9184.93,0,1,0,9.2,0,11,8,Mortgage
105,3,6,2,0,481.25,1,1,0,11.1,0,5,13,Cards
79,2,1,0,0,27.41,1,0,0,17.9,1,17,23,Deposits
169,2,0,0,0,39.0,0,0,0,29.5,0,0,27,Deposits
213,2,2,1,1,0.0,1,0,0,5.1,0,7,13,Fair Lending
123,0,2,0,0,515.27,1,0,0,29.1,0,18,14,Cards
148,2,0,0,0,516.9,1,0,0,0.3,0,14,28,Cards
149,1,2,1,1,1520.91,1,1,0,6.6,0,4,17,Mortgage
143,0,3,0,0,0.0,1,0,0,20.8,1,11,20,Cards
114,0,1,2,0,2358.19,0,1,1,25.5,1,18,4,Mortgage
106,0,4,1,1,59.49,1,0,0,16.6,0,6,1,Cards
127,1,2,0,0,1125.97,1,0,0,4.2,1,1,17,Cards
116,5,0,1,0,13.17,1,1,0,17.0,0,11,25,Deposits
126,0,0,2,0,0.0,0,1,0,9.9,0,8,26,Mortgage
126,7,0,1,0,0.0,1,0,0,23.6,1,20,1,Deposits
134,0,1,2,0,733.68,1,1,0,13.5,0,11,6,Mortgage
133,1,0,0,0,25.09,1,0,0,21.9,1,5,6,Deposits
147,2,0,1,0,1100.43,0,0,0,6.2,1,22,14,Cards
165,0,2,3,0,0.0,1,1,0,14.9,1,20,1,Mortgage
122,0,2,2,0,1706.49,1,0,0,22.5,1,15,22,Cards
156,2,0,2,0,0.0,1,1,0,7.2,0,17,26,Cards
191,0,4,4,0,866.39,0,1,1,22.6,1,10,19,Mortgage
152,1,1,1,0,1855.1,0,1,0,8.7,0,14,4,Mortgage
323,0,2,1,0,0.0,1,1,0,23.1,1,19,17,Fair Lending
57,2,4,5,0,1788.22,0,1,0,22.0,1,11,12,Fair Lending
105,1,1,1,0,94.03,1,0,0,26.1,1,21,16,Cards
92,2,1,1,0,126.89,0,0,0,10.6,0,14,16,Deposits
170,3,0,0,0,67.86,1,0,0,28.2,0,6,20,Deposits
97,4,0,3,0,58.75,1,0,0,11.7,0,23,25,Deposits
91,2,0,1,0,45.49,0,1,0,10.8,1,20,11,Deposits
144,3,1,1,0,0.0,1,1,0,8.8,0,9,2,Deposits
162,2,2,1,0,81.31,1,0,0,8.6,1,7,16,Cards
115,2,4,0,0,59.15,1,1,0,11.5,0,13,5,Cards
189,1,1,3,0,0.0,1,1,0,7.6,0,9,19,Mortgage
135,1,0,2,0,276.95,0,1,0,9.9,0,5,27,Mortgage
186,1,2,6,0,570.3,1,1,1,25.0,2,2,1,Mortgage
277,0,2,1,0,0.0,0,1,0,14.4,0,0,10,Fair Lending
153,3,4,0,1,93.35,1,0,0,9.9,0,5,20,Cards
133,4,0,1,0,67.02,1,0,0,11.5,1,3,5,Deposits
102,2,0,2,0,0.0,0,0,0,24.4,0,14,16,Deposits
110,1,1,1,0,62.27,1,0,0,23.9,1,16,2,Cards
120,1,1,0,0,200.72,1,1,0,3.0,0,2,6,Cards
115,0,0,5,0,595.56,1,1,0,27.2,0,6,24,Mortgage
96,1,0,2,0,109.12,1,0,0,10.3,1,18,6,Deposits
168,1,5,1,0,0.0,1,1,0,2.7,0,14,14,Mortgage
108,0,1,3,0,131.37,1,0,0,11.6,1,6,28,Cards
146,1,5,2,0,0.0,1,1,0,19.6,1,23,5,Cards
109,0,0,4,0,0.0,0,1,0,8.6,0,4,9,Mortgage
144,0,0,1,0,151.45,1,0,0,3.0,0,11,14,Deposits
149,2,1,0,0,169.11,1,0,0,0.6,0,13,21,Cards
135,2,0,0,0,145.23,1,0,0,28.6,0,12,25,Deposits
69,3,0,0,0,18.12,1,0,0,22.9,0,15,23,Deposits
129,3,2,1,0,355.39,1,0,0,28.3,0,19,23,Cards
264,1,1,3,1,1833.23,1,1,1,25.4,3,18,7,Fair Lending
74,3,0,0,2,0.0,1,1,0,29.0,0,1,9,Deposits
32,0,3,4,1,0.0,0,1,0,5.2,2,3,8,Fair Lending
143,2,2,5,0,547.34,1,1,0,29.0,1,3,20,Cards
52,2,0,0,1,93.37,0,0,0,6.0,0,16,22,Deposits
83,1,2,2,0,152.6,1,0,1,16.9,1,1,21,Cards
94,0,4,3,0,735.54,0,1,0,27.4,0,21,2,Mortgage
118,0,2,4,1,698.04,0,0,0,29.1,2,19,20,Mortgage
130,2,0,0,0,27.62,0,0,0,0.2,0,21,20,Deposits
115,2,2,0,0,148.1,1,0,0,2.5,0,14,19,Cards
123,2,2,1,1,113.9,1,1,0,21.9,0,2,10,Cards
97,1,0,0,0,124.13,1,1,0,3.7,0,1,9,Deposits
134,2,2,0,0,81.83,1,0,0,23.1,0,15,10,Cards
132,2,0,1,0,16.26,0,0,0,4.0,0,16,28,Deposits
166,1,1,3,0,1543.02,1,1,0,23.9,2,7,28,Mortgage
95,0,1,0,1,36.41,0,1,0,15.0,1,3,24,Deposits
153,2,2,2,0,0.0,1,0,0,3.4,0,7,10,Cards
132,0,3,0,0,434.71,1,1,0,4.1,1,15,10,Cards
56,0,2,2,0,122.54,1,1,0,28.3,0,20,15,Cards
55,0,0,6,0,0.0,0,1,0,28.6,0,4,22,Fair Lending
144,3,0,0,1,99.99,1,0,0,1.6,0,17,4,Deposits
150,2,2,0,0,18.16,1,0,1,21.8,1,22,6,Cards
127,3,0,0,2,0.0,0,0,0,13.8,1,18,26,Deposits
86,4,0,1,0,52.84,1,1,0,6.3,0,12,7,Deposits
147,2,0,5,0,254.98,0,1,0,12.9,0,1,23,Mortgage
108,0,5,0,0,0.0,1,0,0,9.1,1,20,21,Cards
126,1,2,1,1,0.0,1,0,0,28.0,0,9,16,Cards
114,0,2,0,0,330.07,1,1,0,4.5,0,18,5,Cards
128,3,4,1,0,0.0,1,0,0,21.3,2,9,11,Cards
102,3,0,1,0,6.5,1,1,0,14.7,0,14,27,Deposits
129,4,3,1,0,163.43,1,0,0,21.8,0,3,8,Cards
129,0,0,1,0,274.63,1,0,0,19.0,0,2,13,Cards
199,1,3,0,0,182.79,1,0,0,26.9,0,8,25,Cards
113,0,0,1,0,261.13,1,0,1,5.3,0,11,22,Cards
133,1,2,0,0,347.4,1,0,0,11.2,1,16,10,Cards
78,2,0,0,0,55.9,1,1,0,26.2,0,22,7,Deposits
182,3,3,2,0,325.85,1,1,1,0.5,0,6,22,Cards
96,2,3,0,0,553.65,1,0,0,6.8,0,3,25,Cards
107,2,2,1,1,253.29,1,1,0,4.4,2,12,26,Cards
99,1,1,0,0,198.25,1,0,0,23.3,0,12,13,Cards
310,0,0,3,1,0.0,1,1,1,27.8,1,13,20,Fair Lending
91,0,0,2,0,0.0,1,0,0,27.4,0,8,26,Cards
81,0,2,1,0,307.79,1,0,0,25.1,0,17,24,Cards
84,0,2,0,0,86.07,1,0,0,19.2,0,19,8,Cards
67,2,0,0,1,115.44,0,0,0,11.6,1,15,7,Fair Lending
90,4,6,1,0,281.79,1,0,0,10.4,0,11,18,Cards
123,3,0,1,0,56.78,1,1,0,17.6,0,10,16,Deposits
86,2,4,0,0,92.6,1,0,0,17.7,0,9,6,Cards
158,3,2,2,0,261.05,1,0,0,1.3,1,15,17,Cards
133,1,2,3,0,1194.79,0,1,0,21.1,0,18,19,Mortgage
106,0,1,0,0,29.19,1,0,0,12.1,0,0,19,Deposits
158,1,0,0,0,41.59,0,0,0,25.1,1,8,25,Deposits
156,1,2,1,0,150.99,1,0,0,10.2,1,19,12,Cards
162,0,1,2,0,875.19,1,0,0,9.2,1,8,3,Cards
63,2,0,0,0,200.6,0,1,0,7.5,0,9,7,Deposits
134,0,1,2,0,1248.35,0,1,0,12.5,0,21,14,Mortgage
132,0,5,1,0,154.99,1,0,1,0.7,1,9,24,Cards
171,2,2,4,0,607.46,1,1,1,23.5,0,16,3,Fair Lending
187,3,4,3,0,0.0,1,1,1,3.5,2,15,9,Fair Lending
145,1,2,4,0,961.41,0,1,0,18.4,1,17,3,Mortgage
99,3,0,1,1,97.28,1,0,0,7.7,0,7,3,Cards
108,2,1,0,0,146.94,1,0,0,4.6,0,1,23,Cards
84,4,1,0,1,0.0,1,0,0,5.3,0,10,5,Deposits
322,2,0,0,1,70.35,1,0,1,11.5,2,18,11,Fair Lending
140,1,2,4,1,0.0,0,1,0,27.0,0,10,14,Fair Lending
118,1,3,2,0,255.93,1,0,0,7.9,0,20,25,Cards
91,3,1,0,0,169.83,0,0,0,12.2,0,17,18,Deposits
169,2,4,3,0,0.0,1,0,0,4.0,0,17,3,Cards
150,3,0,1,0,32.85,0,0,0,15.7,1,14,15,Deposits
116,1,0,2,0,208.84,1,0,0,24.0,0,4,15,Cards
118,6,0,1,0,131.72,0,0,0,19.0,0,18,24,Deposits
140,0,4,0,0,518.9,1,0,0,15.3,0,0,23,Cards
95,3,0,0,0,141.1,1,0,0,12.7,1,21,3,Deposits
136,3,0,0,0,88.94,1,1,0,4.9,0,5,26,Deposits
138,1,0,1,1,161.22,0,0,0,17.1,0,2,15,Deposits
140,2,2,1,0,69.93,1,0,0,7.8,3,13,10,Cards
163,0,3,5,0,538.57,0,1,0,20.7,0,4,23,Mortgage
133,4,2,0,0,93.01,1,0,0,27.7,1,5,26,Deposits
144,3,3,1,0,411.85,1,0,0,24.5,1,14,26,Cards
137,0,0,4,0,755.13,1,1,0,21.7,0,22,3,Mortgage
108,1,0,0,0,71.91,0,0,0,16.1,0,12,24,Deposits
114,4,0,0,0,39.66,0,0,0,19.5,2,2,5,Deposits
186,1,3,2,0,354.99,1,1,0,3.7,0,14,26,Mortgage
158,0,0,2,0,2218.07,1,1,0,25.8,0,4,7,Mortgage
68,1,2,2,0,0.0,1,1,0,20.1,0,4,20,Fair Lending
131,0,3,1,1,396.22,1,0,0,3.2,0,10,25,Cards
181,1,0,1,1,0.0,1,1,0,10.1,1,7,9,Deposits
118,2,0,1,0,103.45,1,0,0,16.8,2,7,21,Deposits
112,1,0,1,0,0.0,0,0,0,17.0,1,13,5,Deposits
169,0,1,1,1,0.0,0,1,0,18.5,0,1,18,Fair Lending
164,0,0,3,0,3017.12,0,1,0,15.1,0,14,8,Mortgage
143,0,3,1,1,247.07,1,0,0,17.5,1,13,23,Cards
121,0,0,3,0,1913.64,0,1,0,27.2,1,14,17,Mortgage
95,1,1,2,1,10.69,1,0,1,25.5,1,23,14,Deposits
150,1,4,0,1,558.29,1,0,0,7.3,0,21,14,Cards
102,4,0,0,0,49.05,0,0,0,14.4,0,19,15,Deposits
142,2,3,0,0,39.72,1,0,0,13.5,0,17,6,Cards
124,1,1,1,0,2084.2,1,1,1,11.3,0,18,8,Mortgage
115,0,0,0,0,79.99,0,1,0,0.7,0,2,26,Deposits
58,1,4,2,1,0.0,1,0,1,29.6,0,14,10,Fair Lending
165,2,2,1,0,535.7,1,0,0,4.2,2,0,2,Cards
89,1,0,0,0,1879.28,1,0,1,7.5,1,21,15,Cards
156,2,3,0,0,0.0,1,0,0,18.0,0,3,17,Cards
107,6,0,1,1,259.39,1,0,0,6.7,2,11,9,Deposits
124,3,0,0,0,71.49,1,0,0,3.0,2,19,2,Deposits
127,1,2,0,1,231.11,1,0,1,11.7,0,21,5,Cards
146,2,0,2,0,0.0,1,0,0,7.5,0,10,20,Deposits
182,0,2,0,1,46.64,1,0,0,23.2,0,12,3,Cards
153,0,1,4,0,724.45,1,0,0,1.3,0,3,15,Mortgage
108,5,0,1,0,0.0,0,0,0,17.2,1,16,1,Deposits
129,0,4,0,0,0.0,1,0,0,3.3,0,2,8,Cards
85,0,1,3,0,1485.09,0,1,0,26.5,0,16,24,Mortgage
139,1,2,3,0,667.64,1,1,1,14.2,0,22,22,Mortgage
175,1,1,3,0,0.0,1,0,0,17.9,0,6,18,Cards
162,3,4,0,0,135.98,1,0,0,19.1,0,1,12,Cards
127,6,0,2,0,0.0,1,1,0,10.3,0,5,15,Deposits
99,3,4,0,0,336.75,1,0,0,4.7,0,11,12,Cards
118,4,2,2,0,25.94,1,0,0,10.2,0,2,14,Cards
129,0,3,4,0,2131.7,1,1,1,28.4,1,12,3,Mortgage
130,0,3,5,0,1854.52,0,1,0,2.6,0,19,17,Mortgage
100,2,4,0,0,141.76,1,0,1,4.4,0,20,9,Cards
137,1,0,1,0,102.48,1,0,0,27.3,0,10,28,Deposits
118,1,0,5,0,671.5,0,1,0,20.7,1,13,22,Mortgage
98,2,1,1,0,663.49,1,0,0,8.4,1,8,28,Cards
114,1,2,0,1,232.84,1,0,0,15.9,0,11,5,Cards
136,2,1,5,0,0.0,1,1,0,27.2,0,21,9,Mortgage
96,6,0,2,0,119.05,1,0,0,18.5,0,4,5,Deposits
50,5,0,1,0,0.0,0,1,0,25.5,0,23,23,Deposits
148,0,7,1,0,64.68,1,0,0,1.4,0,4,18,Cards
174,1,1,2,0,2011.14,1,1,0,16.7,0,20,5,Mortgage
58,2,0,0,0,26.02,1,0,0,22.5,0,8,15,Deposits
156,1,0,0,1,48.44,0,0,0,6.0,1,3,24,Deposits
181,0,4,2,0,290.12,1,0,0,5.7,0,10,14,Cards
132,2,1,1,0,0.0,0,1,0,26.8,0,18,10,Deposits
105,5,0,1,0,89.61,0,0,0,7.1,1,18,18,Deposits
151,5,0,0,0,111.11,0,0,0,7.5,1,23,16,Deposits
169,1,2,0,0,40.54,1,0,0,28.3,0,8,7,Cards
145,0,1,2,1,475.94,1,1,1,11.1,0,15,28,Mortgage
117,3,2,0,0,41.17,1,1,0,19.9,0,8,22,Cards
179,0,1,5,0,1781.56,0,1,0,3.2,0,9,8,Mortgage
163,0,2,5,0,1136.33,1,1,0,7.7,0,21,2,Mortgage
100,2,0,1,0,90.85,0,0,0,3.8,1,11,25,Deposits
122,1,1,1,0,107.39,1,1,0,28.4,1,22,6,Cards
111,0,6,2,0,0.0,1,0,0,22.9,2,4,21,Cards
59,0,1,3,0,1289.6,0,1,0,26.6,1,23,8,Fair Lending
126,0,3,0,0,118.85,1,0,0,13.6,0,1,21,Cards
113,1,5,0,0,289.52,1,0,0,24.5,0,19,13,Cards
97,1,5,0,0,47.01,0,0,0,23.1,0,9,27,Cards
116,2,3,1,1,202.16,1,0,0,24.7,0,10,1,Cards
150,1,0,6,0,926.26,0,1,0,13.4,1,2,15,Mortgage
124,0,0,1,0,29.47,0,1,0,2.9,1,13,23,Deposits
118,1,2,2,0,142.23,1,0,0,28.8,0,1,22,Cards
155,0,0,1,0,679.4,1,1,0,7.8,1,21,17,Mortgage
115,2,3,0,0,33.86,1,1,0,13.4,0,19,11,Cards
115,1,4,0,0,220.58,1,0,0,23.1,1,19,3,Cards
106,1,4,1,0,90.3,1,0,0,17.9,0,19,16,Cards
119,2,2,0,0,293.62,1,0,0,14.5,1,22,1,Cards
46,5,1,0,0,284.66,1,0,0,11.8,1,9,12,Deposits
165,0,2,6,1,2265.15,0,1,0,10.4,1,10,2,Mortgage
136,1,1,1,0,606.89,1,0,0,13.4,1,21,10,Cards
103,5,1,0,0,0.0,1,0,0,15.6,0,18,6,Deposits
112,0,0,1,0,42.53,1,0,0,11.7,0,11,4,Deposits
112,1,1,1,0,5421.77,0,1,0,22.0,0,19,11,Mortgage
155,0,0,0,1,116.8,1,0,0,29.0,0,5,10,Cards
118,5,0,0,0,24.1,0,0,0,7.6,0,20,28,Deposits
172,2,2,2,1,1880.45,1,1,0,21.9,1,3,25,Mortgage
140,4,0,0,0,0.0,1,0,0,10.4,1,8,5,Deposits
44,2,2,2,0,81.04,0,0,0,17.4,0,18,1,Deposits
164,6,0,1,0,0.0,1,0,0,24.5,0,16,6,Deposits
173,1,1,2,0,1973.51,1,1,0,20.7,1,16,16,Mortgage
204,0,6,0,0,441.11,1,1,1,4.2,0,14,22,Fair Lending
152,1,2,1,1,0.0,0,0,0,21.3,2,23,26,Deposits
147,1,0,1,0,0.0,0,1,0,15.3,0,6,3,Deposits
65,4,0,0,0,0.0,0,1,0,0.6,0,5,26,Deposits
159,2,1,0,0,91.51,0,0,0,29.7,0,11,12,Cards
161,0,2,4,0,2490.97,0,1,0,9.6,1,23,17,Mortgage
51,0,1,3,0,0.0,0,1,1,4.1,0,9,2,Fair Lending
177,0,1,4,0,2586.35,0,1,0,27.8,0,14,3,Mortgage
146,1,3,3,0,2723.74,0,1,0,3.9,1,10,11,Mortgage
137,1,4,1,0,0.0,1,0,0,1.6,1,21,25,Cards
90,1,3,1,0,23.87,1,1,0,8.2,0,5,6,Cards
90,2,0,3,1,510.87,0,1,0,7.9,1,2,23,Mortgage
118,4,0,0,0,0.0,0,0,0,19.9,0,1,10,Deposits
113,0,2,0,0,108.25,1,1,0,17.4,1,1,6,Cards
142,2,0,0,0,0.0,1,0,0,14.7,0,18,16,Deposits
119,4,1,0,0,0.0,1,1,0,4.8,0,9,4,Deposits
133,0,2,1,0,36.47,1,0,0,15.2,0,19,8,Cards
105,1,2,0,1,163.13,1,0,0,9.7,0,1,22,Cards
70,4,0,1,1,0.0,1,0,0,2.3,0,22,16,Deposits
131,1,2,1,0,119.8,1,1,0,4.7,1,14,12,Cards
152,1,1,2,0,206.04,1,1,0,9.4,0,12,8,Cards
165,4,0,0,0,25.13,1,0,0,0.3,0,4,11,Deposits
119,0,0,3,0,2710.75,0,1,0,24.4,0,10,11,Mortgage
124,2,0,1,0,0.0,1,0,0,29.3,0,3,27,Deposits
149,0,1,3,0,1102.89,0,1,0,5.4,1,19,1,Mortgage
128,1,0,1,0,232.91,1,0,0,2.1,0,20,22,Cards
81,5,0,0,0,0.0,1,0,0,2.2,2,1,9,Deposits
74,2,0,0,0,43.19,0,1,0,27.5,1,16,9,Deposits
135,1,5,1,0,399.28,1,0,0,2.6,1,6,20,Cards
115,1,0,1,0,67.35,0,1,0,5.4,0,3,3,Deposits
103,3,0,0,0,48.24,1,0,0,20.4,1,13,11,Deposits
114,1,3,1,1,0.0,1,0,0,13.3,1,17,11,Cards
120,0,2,3,0,248.66,1,1,0,5.5,0,23,19,Mortgage
99,1,2,3,0,1238.58,0,1,0,24.5,0,19,21,Mortgage
170,0,2,3,0,1037.17,0,1,0,23.2,0,22,9,Mortgage
66,0,2,3,1,2863.2,0,0,0,14.7,1,7,26,Fair Lending
115,3,0,1,0,64.83,1,0,0,7.8,1,8,6,Deposits
169,0,3,2,1,2046.33,0,1,0,18.4,0,11,9,Mortgage
194,0,0,6,0,5983.21,0,1,0,22.7,1,5,7,Mortgage
127,4,0,2,1,176.78,0,0,0,16.8,0,3,2,Deposits
86,0,2,0,0,0.0,1,0,1,20.2,0,19,27,Cards
104,1,1,0,0,125.22,1,1,0,21.3,0,12,6,Cards
120,1,1,0,1,40.02,1,0,0,2.8,1,22,18,Cards
109,4,3,0,0,744.6,1,1,0,13.3,0,2,26,Cards
138,2,4,0,0,145.71,1,0,0,18.4,0,9,9,Cards
132,1,2,0,0,586.69,1,1,0,22.5,1,21,25,Mortgage
115,0,0,1,0,476.51,1,0,0,28.5,0,7,23,Cards
148,0,1,2,0,1339.91,0,1,0,25.6,0,4,16,Mortgage
112,4,0,1,1,210.81,1,1,0,8.5,0,7,1,Deposits
170,1,1,1,0,1115.11,0,1,0,22.2,0,22,24,Mortgage
138,1,2,1,0,197.52,1,0,0,23.6,0,5,4,Cards
115,1,5,2,0,75.4,1,0,0,2.8,0,15,11,Cards
146,0,3,2,0,208.0,1,0,0,24.3,0,19,26,Cards
158,4,0,3,0,60.44,0,1,1,24.2,0,22,18,Deposits
99,1,3,1,0,257.54,1,0,0,18.7,0,19,19,Cards
158,0,1,0,1,1358.75,1,1,0,23.4,0,2,14,Mortgage
138,0,0,0,1,56.88,0,0,0,15.1,0,23,9,Deposits
54,1,1,5,0,1417.62,0,1,0,13.6,0,4,25,Mortgage
234,0,1,2,0,1859.84,1,1,1,15.4,0,7,7,Mortgage
81,1,2,1,0,54.62,1,0,0,19.5,0,19,2,Cards
100,1,1,1,0,105.37,1,1,0,13.8,0,2,20,Cards
64,3,1,2,1,160.47,1,0,0,10.2,0,17,3,Deposits
114,1,3,0,0,0.0,1,1,0,21.8,0,19,8,Cards
147,1,1,3,0,92.19,1,0,0,17.7,0,6,15,Cards
120,0,1,0,1,195.37,1,1,0,19.5,2,13,27,Cards
217,4,0,1,0,45.87,0,1,0,13.5,1,4,26,Fair Lending
147,1,2,2,0,839.85,0,1,0,9.0,1,23,15,Mortgage
211,0,1,4,1,0.0,1,1,0,0.4,1,3,26,Mortgage
115,1,1,2,0,579.28,0,1,1,18.8,1,16,6,Mortgage
104,4,0,0,0,14.6,0,1,0,9.6,0,11,2,Deposits
157,1,1,5,0,873.39,0,1,0,19.5,0,15,20,Mortgage
160,0,0,4,1,0.0,1,1,0,15.4,0,23,17,Mortgage
116,3,0,1,1,25.86,0,0,0,0.3,0,2,17,Deposits
99,2,0,4,0,43.2,0,0,0,25.0,2,11,26,Deposits
76,1,2,0,0,0.0,1,0,0,17.2,1,3,13,Cards
125,2,3,2,0,161.68,1,0,0,5.2,0,22,5,Cards
179,0,3,3,0,1174.77,1,0,0,18.8,1,14,20,Mortgage
128,3,3,1,0,198.3,1,1,0,5.0,1,13,27,Cards
142,0,3,7,0,552.67,0,0,0,21.7,2,11,24,Mortgage
242,2,1,2,0,103.18,1,0,0,14.9,0,18,26,Fair Lending
145,2,4,0,0,214.21,1,0,0,22.9,0,17,6,Cards
96,4,1,0,1,132.38,1,0,0,12.7,0,1,25,Deposits
102,2,3,0,0,195.34,1,0,0,28.7,2,15,5,Cards
137,0,1,2,0,10390.92,0,1,0,16.6,0,22,22,Mortgage
122,0,1,1,1,2471.13,0,1,0,10.7,0,10,11,Mortgage
136,2,0,1,0,142.15,1,1,0,17.8,1,14,1,Deposits
118,1,0,0,0,6.58,0,0,0,20.4,0,16,22,Deposits
120,2,2,1,0,49.3,1,0,0,29.3,1,14,22,Cards
160,2,1,1,0,143.42,1,1,0,6.2,0,5,26,Cards
170,1,1,5,1,1015.74,1,1,0,28.0,0,11,16,Mortgage
122,3,0,3,0,87.62,0,1,0,9.3,0,3,12,Deposits
58,1,0,0,0,71.74,0,0,0,26.7,0,14,4,Deposits
152,2,0,0,0,53.24,1,0,0,12.3,0,11,11,Deposits
153,0,1,2,0,1839.97,1,1,0,28.8,0,11,28,Mortgage
128,5,0,2,0,36.21,1,0,1,23.7,0,11,28,Deposits
181,3,1,1,1,0.0,0,0,0,12.3,0,15,6,Deposits
86,2,0,1,0,16.08,1,0,0,26.7,1,19,19,Deposits
117,1,2,2,0,1047.51,0,1,0,3.1,0,2,22,Mortgage
106,1,1,0,0,0.0,0,1,0,2.9,1,22,14,Deposits
132,1,2,6,0,509.19,1,1,0,22.6,0,21,10,Mortgage
184,1,3,0,1,229.41,1,0,1,21.5,1,2,21,Cards
64,2,4,0,1,436.04,1,0,0,28.9,0,16,12,Cards
93,3,0,0,0,22.61,0,0,0,25.0,1,3,28,Deposits
141,2,1,0,0,538.98,1,0,0,16.7,0,6,17,Cards
122,0,0,1,0,631.14,0,1,0,28.5,0,22,11,Mortgage
117,2,6,3,0,205.09,1,0,0,11.3,0,16,12,Cards
79,1,0,0,0,639.42,1,0,0,11.5,0,14,17,Cards
112,2,2,2,0,276.45,1,0,0,7.5,0,16,27,Cards
134,0,0,4,1,2676.48,1,1,0,17.6,0,0,6,Mortgage
206,2,2,2,0,393.17,0,1,0,21.1,0,14,18,Mortgage
71,0,0,0,0,61.28,0,1,0,22.9,0,11,14,Deposits
95,5,0,0,0,58.89,1,1,0,8.0,0,8,23,Deposits
158,1,3,2,0,78.79,0,0,0,11.2,0,11,21,Cards
156,0,0,3,1,1741.23,1,1,1,1.4,1,7,23,Mortgage
114,1,0,0,0,32.15,0,1,0,24.9,0,22,15,Deposits
187,0,1,2,1,0.0,1,1,0,8.6,3,17,26,Fair Lending
121,0,5,1,0,67.92,1,0,0,7.5,1,8,14,Cards
116,1,1,3,1,1871.61,1,1,0,27.9,0,7,13,Mortgage
153,1,0,2,1,141.39,1,0,0,2.4,0,16,18,Cards
191,1,3,1,0,948.4,0,1,0,2.1,1,0,14,Mortgage
82,2,0,0,1,67.84,0,0,0,20.2,0,14,20,Deposits
120,2,3,1,1,0.0,1,0,0,6.6,0,22,19,Cards
175,0,0,2,0,1581.26,0,1,0,16.2,0,7,27,Mortgage
120,0,1,2,0,125.46,1,0,0,29.2,0,0,7,Cards
172,1,1,4,0,1669.77,0,1,0,28.5,0,20,22,Mortgage
179,3,1,6,0,5552.21,1,1,0,16.8,0,5,5,Mortgage
124,1,0,0,0,27.41,1,0,0,12.9,0,9,16,Cards
73,3,0,0,0,0.0,1,0,0,3.5,0,11,26,Deposits
256,0,4,1,0,256.61,1,0,1,28.9,2,3,15,Fair Lending
192,3,2,0,1,46.62,1,0,0,3.6,0,18,14,Cards
164,3,6,1,0,318.37,1,0,0,13.8,1,13,8,Cards
128,3,0,0,0,126.07,1,1,0,16.6,1,4,15,Deposits
175,1,0,1,0,227.8,1,1,1,28.4,0,5,25,Mortgage
121,1,4,2,0,920.84,1,1,1,26.2,0,22,25,Cards
82,2,0,0,0,0.0,0,0,0,10.1,0,5,2,Deposits
126,2,0,0,0,62.3,1,1,0,1.9,0,4,23,Deposits
121,0,3,0,0,303.36,1,1,0,3.4,1,6,15,Cards
109,1,1,3,0,846.08,0,1,0,11.3,0,11,8,Mortgage
122,2,0,0,0,10.7,1,0,0,20.2,0,8,22,Deposits
48,2,3,0,0,155.1,1,0,0,27.7,3,5,13,Fair Lending
145,0,3,0,1,1266.22,1,0,0,22.0,0,1,10,Cards
145,0,4,0,0,820.78,1,1,0,13.3,0,23,5,Cards
151,3,0,2,0,95.13,0,0,0,15.9,0,4,19,Deposits
140,2,6,1,1,82.62,1,1,0,3.1,0,8,13,Cards
99,0,0,1,0,110.42,0,1,1,13.1,0,16,24,Mortgage
158,0,1,0,0,65.77,0,0,0,7.6,0,14,3,Deposits
166,0,0,3,0,3630.2,1,1,0,26.5,1,10,11,Mortgage
216,1,2,2,0,6620.63,1,1,0,19.8,0,0,20,Mortgage
118,2,0,0,0,640.14,1,0,1,6.9,0,22,5,Cards
70,5,0,0,0,153.97,1,0,0,14.3,0,10,8,Deposits
118,1,3,1,0,123.51,1,0,1,26.2,1,17,20,Cards
142,3,0,0,0,42.61,1,1,0,20.0,1,11,1,Deposits
166,0,2,2,0,253.5,1,0,1,6.0,1,12,23,Cards
55,3,0,1,1,22.31,1,1,0,23.4,0,18,25,Deposits
106,3,4,0,1,244.61,0,0,1,25.3,1,10,14,Cards
112,0,3,0,0,663.86,1,0,0,0.6,0,22,20,Cards
261,0,2,4,2,0.0,1,1,0,9.3,1,17,20,Fair Lending
46,0,1,3,2,0.0,0,1,0,8.3,0,18,17,Fair Lending
160,4,1,1,0,271.69,1,0,0,12.6,0,16,4,Cards
148,0,1,2,1,471.82,0,1,0,2.6,0,23,19,Mortgage
64,1,1,0,0,47.07,1,1,1,22.4,0,16,6,Cards
140,4,3,1,0,282.97,1,0,0,17.4,0,14,28,Cards
168,1,1,1,1,121.05,1,0,0,2.9,1,0,13,Cards
145,5,0,0,0,28.69,0,0,0,20.7,0,16,28,Deposits
105,1,1,0,0,152.57,0,0,0,2.4,1,23,25,Deposits
123,3,0,1,0,144.72,1,1,0,23.3,1,14,23,Deposits
270,2,0,0,0,164.54,1,0,0,17.6,0,15,15,Fair Lending
103,2,0,1,0,20.49,0,0,0,15.9,0,1,28,Deposits
158,0,1,0,0,1662.7,0,1,0,19.2,0,6,11,Mortgage
101,1,2,2,0,37.7,1,0,0,3.9,1,23,19,Cards
136,0,2,0,0,68.95,1,0,0,15.7,0,14,9,Cards
100,2,5,0,0,109.07,1,0,0,26.7,0,13,2,Cards
108,1,1,0,0,176.43,1,0,1,6.9,1,10,24,Cards
64,6,0,0,0,29.61,0,1,0,18.0,0,0,1,Deposits
90,3,3,3,0,135.5,1,0,0,10.9,0,10,16,Cards
170,2,3,2,1,381.57,1,0,0,19.0,0,14,10,Cards
152,3,0,1,0,14.45,1,1,0,5.7,1,2,12,Deposits
85,4,0,0,0,0.0,1,1,0,1.6,0,11,23,Deposits
112,0,2,5,0,0.0,0,1,1,11.4,0,22,20,Mortgage
105,0,4,1,0,582.71,1,1,0,14.8,1,10,7,Cards
97,0,3,1,1,435.93,1,0,0,10.3,0,3,24,Cards
160,0,4,4,0,0.0,0,1,0,15.5,0,14,4,Fair Lending
112,0,2,5,0,700.5,1,1,0,25.3,2,23,18,Mortgage
142,2,0,1,0,981.21,1,0,0,19.4,0,19,15,Cards
58,2,3,1,0,147.21,1,0,0,22.9,0,16,23,Cards
143,0,5,1,1,986.85,1,1,0,25.0,0,19,1,Mortgage
130,0,1,6,0,0.0,1,1,1,21.0,1,2,28,Mortgage
132,1,1,5,0,1634.3,0,1,0,9.6,1,15,20,Mortgage
190,1,1,6,0,1324.0,1,1,1,5.2,0,22,20,Mortgage
163,6,0,0,0,13.99,1,1,0,11.1,1,13,11,Deposits
113,1,0,0,0,66.87,0,1,0,0.2,1,15,17,Deposits
145,3,0,1,0,74.45,0,1,0,6.3,2,21,24,Deposits
152,1,2,2,0,518.83,1,0,0,15.3,0,5,17,Cards
163,0,0,0,0,337.04,1,0,0,24.3,0,20,19,Cards
86,1,1,3,1,0.0,1,0,1,26.5,0,8,1,Cards
106,6,1,0,0,36.75,1,0,0,12.5,0,16,25,Deposits
145,0,1,1,1,584.86,1,1,0,14.0,1,14,26,Mortgage
100,4,0,1,0,28.44,0,0,0,28.6,0,15,28,Deposits
59,0,0,1,0,0.0,0,1,0,10.5,0,7,16,Fair Lending
117,0,3,2,0,89.6,1,0,0,2.1,1,10,8,Cards
139,0,0,5,0,352.28,1,1,0,18.8,1,8,18,Mortgage
101,2,0,1,0,37.95,1,0,0,29.1,4,5,10,Deposits
84,1,2,1,1,566.47,1,0,0,3.4,0,10,2,Cards
142,1,4,3,0,129.85,1,1,0,7.3,0,2,3,Cards
146,0,1,7,0,1349.9,0,1,0,20.8,2,15,10,Mortgage
222,3,0,2,0,173.37,1,0,1,17.7,0,2,9,Fair Lending
112,1,1,2,0,1158.3,0,1,0,12.2,1,2,27,Mortgage
115,3,0,0,1,27.58,0,0,0,2.2,0,14,8,Deposits
157,0,1,7,0,905.98,0,1,0,25.2,0,18,7,Mortgage
100,2,0,0,0,253.72,0,0,0,18.2,1,16,8,Deposits
229,0,2,1,1,0.0,1,0,1,21.7,1,19,10,Fair Lending
128,0,3,3,0,3487.26,0,1,0,8.5,0,17,16,Mortgage
117,0,3,0,0,105.11,1,0,0,12.5,0,12,14,Cards
80,6,0,0,0,75.0,1,0,0,5.8,1,3,23,Deposits
73,0,0,1,1,1357.96,1,1,0,14.3,0,11,1,Fair Lending
181,0,2,3,0,3655.27,1,1,0,16.4,0,1,17,Mortgage
129,4,0,0,0,121.31,0,0,0,25.1,0,12,10,Deposits
129,0,3,0,0,142.05,1,0,1,10.2,0,14,2,Cards
124,4,1,0,0,128.64,0,0,0,4.2,0,2,6,Deposits
178,0,2,3,1,1541.54,0,1,1,1.6,2,6,12,Fair Lending
54,2,3,5,0,399.72,0,1,0,23.3,2,16,5,Fair Lending
130,0,1,0,0,37.85,1,0,1,29.3,1,23,4,Cards
158,2,4,0,0,141.06,1,0,0,19.3,0,19,10,Cards
93,2,4,1,3,256.94,1,1,0,11.1,0,0,12,Cards
181,3,4,3,0,188.96,1,1,0,6.1,1,17,23,Cards
225,0,1,1,0,2993.21,0,1,0,8.1,0,17,17,Fair Lending
117,0,2,0,0,53.01,1,0,0,10.0,2,14,25,Cards
132,0,5,0,0,152.88,1,1,0,7.0,0,10,27,Cards
129,1,1,1,0,1483.71,1,0,0,20.6,1,14,4,Cards
140,1,5,0,0,0.0,1,0,0,18.2,0,23,14,Cards
128,5,0,1,0,103.73,1,0,0,8.0,0,15,26,Deposits
144,3,0,0,0,0.0,1,0,0,1.5,1,6,27,Deposits
177,0,2,1,0,526.99,1,0,0,14.9,0,11,28,Cards
174,1,0,0,0,357.33,1,0,0,7.1,2,6,3,Deposits
173,1,2,3,0,135.1,0,0,0,16.0,0,5,2,Cards
108,0,2,1,0,341.37,1,0,1,25.6,0,14,4,Cards
123,3,0,0,0,45.95,1,0,0,18.8,0,18,18,Deposits
72,3,0,0,0,0.0,1,1,0,12.5,0,19,27,Deposits
95,1,0,0,0,110.34,1,0,0,23.5,0,2,28,Deposits
125,1,0,0,2,205.1,1,0,0,2.2,0,10,23,Deposits
168,0,3,4,0,1230.15,0,1,0,11.3,0,3,24,Mortgage
